ISO-10303-21;
HEADER;
/* Generated by software containing ST-Developer
 * from STEP Tools, Inc. (www.steptools.com) 
 */

FILE_DESCRIPTION(
/* description */ (''),
/* implementation_level */ '2;1');

FILE_NAME(
/* name */ 
'C:\\Users\\JOSE LUIS\\Desktop\\CAPACITOR BLUE-BLACK\\220uF\\220uF 63V
 electr 10 x20mm -P.diameter 5mm-Blue-Black.stp',
/* time_stamp */ '2023-02-13T21:59:50+01:00',
/* author */ ('JOSE LUIS'),
/* organization */ (''),
/* preprocessor_version */ 'ST-DEVELOPER v18',
/* originating_system */ 'Autodesk Inventor 2020',
/* authorisation */ '');

FILE_SCHEMA (('AUTOMOTIVE_DESIGN { 1 0 10303 214 3 1 1 }'));
ENDSEC;

DATA;
#10=MECHANICAL_DESIGN_GEOMETRIC_PRESENTATION_REPRESENTATION('',(#4148,#4149,
#4150,#4151,#4152,#4153,#4154,#4155,#4156,#4157,#4158,#4159,#4160,#4161,
#4162,#4163,#4164,#4165,#4166,#4167,#4168,#4169,#4170,#4171,#4172,#4173,
#4174,#4175,#4176,#4177,#4178,#4179,#4180,#4181,#4182,#4183,#4184,#4185,
#4186,#4187,#4188,#4189,#4190,#4191,#4192,#4193,#4194,#4195,#4196,#4197,
#4198,#4199,#4200,#4201,#4202,#4203,#4204,#4205,#4206,#4207,#4208,#4209,
#4210,#4211,#4212,#4213,#4214,#4215,#4216,#4217,#4218,#4219,#4220,#4221,
#4222,#4223,#4224,#4225,#4226,#4227,#4228,#4229,#4230,#4231,#4232,#4233,
#4234,#4235,#4236,#4237,#4238,#4239,#4240,#4241,#4242,#4243,#4244,#4245,
#4246,#4247,#4248,#4249,#4250,#4251,#4252,#4253,#4254,#4255,#4256,#4257,
#4258,#4259,#4260,#4261,#4262,#4263,#4264,#4265,#4266,#4267,#4268,#4269,
#4270,#4271,#4272,#4273,#4274,#4275,#4276,#4277,#4278,#4279,#4280,#4281,
#4282,#4283,#4284,#4285,#4286,#4287,#4288,#4289,#4290,#4291,#4292,#4293,
#4294,#4295,#4296,#4297,#4298,#4299,#4300,#4301,#4302,#4303,#4304,#4305,
#4306,#4307,#4308),#9434);
#11=SHAPE_REPRESENTATION_RELATIONSHIP('SRR','None',#9441,#12);
#12=ADVANCED_BREP_SHAPE_REPRESENTATION('',(#13),#9433);
#13=MANIFOLD_SOLID_BREP('S\X\F3lido1',#4469);
#14=PLANE('',#4625);
#15=PLANE('',#4634);
#16=PLANE('',#4640);
#17=PLANE('',#4645);
#18=PLANE('',#4654);
#19=PLANE('',#4720);
#20=PLANE('',#4722);
#21=PLANE('',#4758);
#22=PLANE('',#4760);
#23=PLANE('',#4762);
#24=PLANE('',#4770);
#25=PLANE('',#4773);
#26=PLANE('',#4781);
#27=PLANE('',#4784);
#28=PLANE('',#4792);
#29=PLANE('',#4795);
#30=PLANE('',#4803);
#31=PLANE('',#4806);
#32=PLANE('',#4807);
#33=PLANE('',#4809);
#34=PLANE('',#4811);
#35=PLANE('',#4813);
#36=PLANE('',#4814);
#37=PLANE('',#4815);
#38=PLANE('',#4818);
#39=PLANE('',#4821);
#40=PLANE('',#4825);
#41=PLANE('',#4827);
#42=PLANE('',#4833);
#43=PLANE('',#4850);
#44=PLANE('',#4852);
#45=PLANE('',#4868);
#46=CONICAL_SURFACE('',#4619,0.2695,0.785398163397447);
#47=CONICAL_SURFACE('',#4628,0.2695,0.785398163397447);
#48=CONICAL_SURFACE('',#4637,0.2345,0.785398163397448);
#49=CONICAL_SURFACE('',#4642,0.2345,0.785398163397448);
#50=ELLIPSE('',#4595,16.3639067261126,5.);
#51=ELLIPSE('',#4604,17.7201353322267,5.00002);
#52=ELLIPSE('',#4605,17.7200644519689,5.);
#53=TOROIDAL_SURFACE('',#4498,6.35240765094519,1.68);
#54=TOROIDAL_SURFACE('',#4501,3.73454545454545,1.26545454545455);
#55=TOROIDAL_SURFACE('',#4502,3.73454545454545,1.26545454545455);
#56=TOROIDAL_SURFACE('',#4504,3.73454545454545,1.26545454545455);
#57=TOROIDAL_SURFACE('',#4506,6.35240765094519,1.68);
#58=TOROIDAL_SURFACE('',#4507,3.73454545454545,1.26543454545455);
#59=TOROIDAL_SURFACE('',#4512,6.35240765094519,1.68002);
#60=TOROIDAL_SURFACE('',#4515,6.35240765094519,1.68002);
#61=TOROIDAL_SURFACE('',#4518,6.35240765094519,1.68002);
#62=TOROIDAL_SURFACE('',#4521,3.73454545454545,1.26543454545455);
#63=TOROIDAL_SURFACE('',#4524,3.73454545454545,1.26543454545455);
#64=TOROIDAL_SURFACE('',#4647,0.383,0.018);
#65=TOROIDAL_SURFACE('',#4675,0.383,0.018);
#66=TOROIDAL_SURFACE('',#4683,0.082,0.018);
#67=TOROIDAL_SURFACE('',#4690,0.082,0.018);
#68=TOROIDAL_SURFACE('',#4694,4.057,0.018);
#69=TOROIDAL_SURFACE('',#4698,0.082,0.018);
#70=TOROIDAL_SURFACE('',#4704,1.00133333333333,0.018);
#71=TOROIDAL_SURFACE('',#4710,0.082,0.018);
#72=TOROIDAL_SURFACE('',#4714,4.057,0.018);
#73=TOROIDAL_SURFACE('',#4723,0.082,0.018);
#74=TOROIDAL_SURFACE('',#4730,1.00133333333333,0.018);
#75=TOROIDAL_SURFACE('',#4736,0.082,0.018);
#76=TOROIDAL_SURFACE('',#4740,4.057,0.018);
#77=TOROIDAL_SURFACE('',#4744,0.082,0.018);
#78=TOROIDAL_SURFACE('',#4750,0.082,0.018);
#79=TOROIDAL_SURFACE('',#4754,4.057,0.018);
#80=TOROIDAL_SURFACE('',#4765,0.045,0.015);
#81=TOROIDAL_SURFACE('',#4776,0.045,0.015);
#82=TOROIDAL_SURFACE('',#4787,0.045,0.015);
#83=TOROIDAL_SURFACE('',#4798,0.045,0.015);
#84=TOROIDAL_SURFACE('',#4836,4.6,0.39998);
#85=TOROIDAL_SURFACE('',#4840,3.73454545454545,1.26543454545455);
#86=TOROIDAL_SURFACE('',#4841,3.73454545454545,1.26543454545455);
#87=TOROIDAL_SURFACE('',#4846,4.6,0.39998);
#88=TOROIDAL_SURFACE('',#4856,4.6,0.4);
#89=TOROIDAL_SURFACE('',#4860,3.73454545454545,1.26545454545455);
#90=TOROIDAL_SURFACE('',#4862,6.35240765094519,1.68);
#91=TOROIDAL_SURFACE('',#4864,3.73454545454545,1.26545454545455);
#92=TOROIDAL_SURFACE('',#4866,4.6,0.4);
#93=CIRCLE('',#4491,4.99998000000001);
#94=CIRCLE('',#4492,4.99998000000001);
#95=CIRCLE('',#4496,5.00000000000001);
#96=CIRCLE('',#4497,5.00000000000001);
#97=CIRCLE('',#4499,4.85925662040608);
#98=CIRCLE('',#4500,4.85925662040608);
#99=CIRCLE('',#4503,4.85925662040608);
#100=CIRCLE('',#4505,4.85925662040608);
#101=CIRCLE('',#4508,4.85923884479858);
#102=CIRCLE('',#4509,1.26543454545455);
#103=CIRCLE('',#4510,1.26545454545455);
#104=CIRCLE('',#4511,4.85923884479858);
#105=CIRCLE('',#4513,4.85923884479858);
#106=CIRCLE('',#4514,1.68002);
#107=CIRCLE('',#4516,1.68);
#108=CIRCLE('',#4517,4.85923884479858);
#109=CIRCLE('',#4519,4.85923884479858);
#110=CIRCLE('',#4520,4.85923884479858);
#111=CIRCLE('',#4522,4.99998000000001);
#112=CIRCLE('',#4523,1.26543454545455);
#113=CIRCLE('',#4525,4.99998000000001);
#114=CIRCLE('',#4528,5.00002);
#115=CIRCLE('',#4529,5.00002);
#116=CIRCLE('',#4530,5.00002);
#117=CIRCLE('',#4531,5.00002);
#118=CIRCLE('',#4533,5.00002);
#119=CIRCLE('',#4537,5.);
#120=CIRCLE('',#4538,5.00002);
#121=CIRCLE('',#4539,5.00002);
#122=CIRCLE('',#4541,5.00002);
#123=CIRCLE('',#4542,5.00002);
#124=CIRCLE('',#4543,5.00002);
#125=CIRCLE('',#4544,5.00002);
#126=CIRCLE('',#4546,5.00002);
#127=CIRCLE('',#4550,5.);
#128=CIRCLE('',#4551,5.00002);
#129=CIRCLE('',#4552,5.00002);
#130=CIRCLE('',#4554,5.);
#131=CIRCLE('',#4555,5.00002);
#132=CIRCLE('',#4556,5.00002);
#133=CIRCLE('',#4558,5.);
#134=CIRCLE('',#4559,5.00002);
#135=CIRCLE('',#4560,5.00002);
#136=CIRCLE('',#4561,5.00002);
#137=CIRCLE('',#4562,5.00002);
#138=CIRCLE('',#4565,5.);
#139=CIRCLE('',#4566,5.00002);
#140=CIRCLE('',#4567,5.00002);
#141=CIRCLE('',#4569,5.);
#142=CIRCLE('',#4570,5.00002);
#143=CIRCLE('',#4571,5.00002);
#144=CIRCLE('',#4572,5.00002);
#145=CIRCLE('',#4573,5.00002);
#146=CIRCLE('',#4576,5.);
#147=CIRCLE('',#4577,5.);
#148=CIRCLE('',#4578,5.00002);
#149=CIRCLE('',#4579,5.00002);
#150=CIRCLE('',#4580,5.);
#151=CIRCLE('',#4581,5.00002);
#152=CIRCLE('',#4582,5.00002);
#153=CIRCLE('',#4583,5.00002);
#154=CIRCLE('',#4584,5.00002);
#155=CIRCLE('',#4585,5.);
#156=CIRCLE('',#4586,5.00002);
#157=CIRCLE('',#4587,5.00002);
#158=CIRCLE('',#4588,5.00002);
#159=CIRCLE('',#4589,5.00002);
#160=CIRCLE('',#4590,5.00002);
#161=CIRCLE('',#4591,5.00002);
#162=CIRCLE('',#4592,5.00002);
#163=CIRCLE('',#4593,5.00002);
#164=CIRCLE('',#4594,5.);
#165=CIRCLE('',#4596,5.00002);
#166=CIRCLE('',#4597,5.00002);
#167=CIRCLE('',#4598,5.00002);
#168=CIRCLE('',#4603,5.);
#169=CIRCLE('',#4620,0.254);
#170=CIRCLE('',#4621,0.285);
#171=CIRCLE('',#4622,0.285);
#172=CIRCLE('',#4624,0.285);
#173=CIRCLE('',#4626,0.25);
#174=CIRCLE('',#4627,0.25);
#175=CIRCLE('',#4629,0.254);
#176=CIRCLE('',#4630,0.285);
#177=CIRCLE('',#4631,0.285);
#178=CIRCLE('',#4633,0.285);
#179=CIRCLE('',#4635,0.25);
#180=CIRCLE('',#4636,0.25);
#181=CIRCLE('',#4638,0.219);
#182=CIRCLE('',#4639,0.25);
#183=CIRCLE('',#4643,0.219);
#184=CIRCLE('',#4644,0.25);
#185=CIRCLE('',#4648,0.365);
#186=CIRCLE('',#4649,0.018);
#187=CIRCLE('',#4650,0.383);
#188=CIRCLE('',#4651,0.383);
#189=CIRCLE('',#4652,0.365);
#190=CIRCLE('',#4653,0.365);
#191=CIRCLE('',#4655,4.175);
#192=CIRCLE('',#4656,0.383);
#193=CIRCLE('',#4657,0.383);
#194=CIRCLE('',#4658,0.983333333333333);
#195=CIRCLE('',#4659,0.1);
#196=CIRCLE('',#4660,4.075);
#197=CIRCLE('',#4661,0.1);
#198=CIRCLE('',#4662,0.1);
#199=CIRCLE('',#4663,4.075);
#200=CIRCLE('',#4664,0.1);
#201=CIRCLE('',#4665,0.983333333333333);
#202=CIRCLE('',#4666,0.1);
#203=CIRCLE('',#4667,4.075);
#204=CIRCLE('',#4668,0.1);
#205=CIRCLE('',#4669,0.1);
#206=CIRCLE('',#4670,4.075);
#207=CIRCLE('',#4671,0.1);
#208=CIRCLE('',#4673,0.365);
#209=CIRCLE('',#4674,0.365);
#210=CIRCLE('',#4676,0.365);
#211=CIRCLE('',#4677,0.018);
#212=CIRCLE('',#4678,0.365);
#213=CIRCLE('',#4679,0.365);
#214=CIRCLE('',#4681,0.365);
#215=CIRCLE('',#4682,0.365);
#216=CIRCLE('',#4684,0.018);
#217=CIRCLE('',#4685,0.1);
#218=CIRCLE('',#4686,0.0180000000000011);
#219=CIRCLE('',#4687,0.082);
#220=CIRCLE('',#4689,0.018);
#221=CIRCLE('',#4691,0.0180000000000008);
#222=CIRCLE('',#4692,0.082);
#223=CIRCLE('',#4693,0.1);
#224=CIRCLE('',#4695,0.0180000000000001);
#225=CIRCLE('',#4696,4.057);
#226=CIRCLE('',#4697,4.075);
#227=CIRCLE('',#4699,0.0179999999999994);
#228=CIRCLE('',#4700,0.082);
#229=CIRCLE('',#4701,0.1);
#230=CIRCLE('',#4703,0.0180000000000001);
#231=CIRCLE('',#4705,0.018);
#232=CIRCLE('',#4706,1.00133333333333);
#233=CIRCLE('',#4707,0.983333333333333);
#234=CIRCLE('',#4709,0.0180000000000001);
#235=CIRCLE('',#4711,0.0179999999999996);
#236=CIRCLE('',#4712,0.082);
#237=CIRCLE('',#4713,0.1);
#238=CIRCLE('',#4715,4.057);
#239=CIRCLE('',#4716,4.075);
#240=CIRCLE('',#4724,0.018);
#241=CIRCLE('',#4725,0.1);
#242=CIRCLE('',#4726,0.0179999999999995);
#243=CIRCLE('',#4727,0.082);
#244=CIRCLE('',#4729,0.018);
#245=CIRCLE('',#4731,0.018);
#246=CIRCLE('',#4732,1.00133333333333);
#247=CIRCLE('',#4733,0.983333333333333);
#248=CIRCLE('',#4735,0.0180000000000001);
#249=CIRCLE('',#4737,0.0179999999999996);
#250=CIRCLE('',#4738,0.082);
#251=CIRCLE('',#4739,0.1);
#252=CIRCLE('',#4741,0.0180000000000007);
#253=CIRCLE('',#4742,4.057);
#254=CIRCLE('',#4743,4.075);
#255=CIRCLE('',#4745,0.0180000000000011);
#256=CIRCLE('',#4746,0.082);
#257=CIRCLE('',#4747,0.1);
#258=CIRCLE('',#4749,0.018);
#259=CIRCLE('',#4751,0.0180000000000008);
#260=CIRCLE('',#4752,0.082);
#261=CIRCLE('',#4753,0.1);
#262=CIRCLE('',#4755,4.057);
#263=CIRCLE('',#4756,4.075);
#264=CIRCLE('',#4764,0.015);
#265=CIRCLE('',#4766,0.015);
#266=CIRCLE('',#4767,0.045);
#267=CIRCLE('',#4768,0.06);
#268=CIRCLE('',#4772,0.06);
#269=CIRCLE('',#4775,0.015);
#270=CIRCLE('',#4777,0.015);
#271=CIRCLE('',#4778,0.045);
#272=CIRCLE('',#4779,0.06);
#273=CIRCLE('',#4783,0.06);
#274=CIRCLE('',#4786,0.015);
#275=CIRCLE('',#4788,0.015);
#276=CIRCLE('',#4789,0.045);
#277=CIRCLE('',#4790,0.06);
#278=CIRCLE('',#4794,0.06);
#279=CIRCLE('',#4797,0.015);
#280=CIRCLE('',#4799,0.015);
#281=CIRCLE('',#4800,0.045);
#282=CIRCLE('',#4801,0.06);
#283=CIRCLE('',#4805,0.06);
#284=CIRCLE('',#4808,4.175);
#285=CIRCLE('',#4810,4.175);
#286=CIRCLE('',#4812,4.175);
#287=CIRCLE('',#4826,4.175);
#288=CIRCLE('',#4828,4.175);
#289=CIRCLE('',#4829,4.175);
#290=CIRCLE('',#4830,4.175);
#291=CIRCLE('',#4831,4.175);
#292=CIRCLE('',#4832,4.175);
#293=CIRCLE('',#4834,4.175);
#294=CIRCLE('',#4835,4.5999999981473);
#295=CIRCLE('',#4837,0.4);
#296=CIRCLE('',#4838,0.39998);
#297=CIRCLE('',#4842,1.26545454545455);
#298=CIRCLE('',#4843,4.99998000000001);
#299=CIRCLE('',#4845,4.99998000000001);
#300=CIRCLE('',#4847,0.4);
#301=CIRCLE('',#4848,4.60000000593869);
#302=CIRCLE('',#4849,0.39998);
#303=CIRCLE('',#4851,4.175);
#304=CIRCLE('',#4853,4.6);
#305=CIRCLE('',#4854,4.175);
#306=CIRCLE('',#4855,4.175);
#307=CIRCLE('',#4857,5.);
#308=CIRCLE('',#4859,5.);
#309=CIRCLE('',#4861,4.85925662040608);
#310=CIRCLE('',#4863,4.85925662040608);
#311=CIRCLE('',#4867,4.6);
#312=CIRCLE('',#4869,4.175);
#313=CIRCLE('',#4870,4.175);
#314=FACE_BOUND('',#521,.T.);
#315=FACE_BOUND('',#523,.T.);
#316=FACE_BOUND('',#524,.T.);
#317=FACE_BOUND('',#526,.T.);
#318=FACE_BOUND('',#543,.T.);
#319=FACE_BOUND('',#546,.T.);
#320=FACE_BOUND('',#550,.T.);
#321=FACE_BOUND('',#553,.T.);
#322=FACE_BOUND('',#562,.T.);
#323=FACE_BOUND('',#563,.T.);
#324=FACE_BOUND('',#564,.T.);
#325=FACE_BOUND('',#565,.T.);
#326=FACE_BOUND('',#566,.T.);
#327=FACE_BOUND('',#567,.T.);
#328=FACE_BOUND('',#568,.T.);
#329=FACE_BOUND('',#569,.T.);
#330=FACE_BOUND('',#570,.T.);
#331=FACE_BOUND('',#571,.T.);
#332=FACE_BOUND('',#572,.T.);
#333=FACE_BOUND('',#573,.T.);
#334=FACE_BOUND('',#574,.T.);
#335=FACE_BOUND('',#575,.T.);
#336=FACE_BOUND('',#576,.T.);
#337=FACE_BOUND('',#577,.T.);
#338=FACE_BOUND('',#578,.T.);
#339=FACE_BOUND('',#579,.T.);
#340=FACE_BOUND('',#580,.T.);
#341=FACE_BOUND('',#581,.T.);
#342=FACE_BOUND('',#582,.T.);
#343=FACE_BOUND('',#583,.T.);
#344=FACE_BOUND('',#584,.T.);
#345=FACE_BOUND('',#585,.T.);
#346=FACE_BOUND('',#586,.T.);
#347=FACE_BOUND('',#591,.T.);
#348=FACE_BOUND('',#593,.T.);
#349=FACE_BOUND('',#599,.T.);
#350=FACE_BOUND('',#600,.T.);
#351=FACE_BOUND('',#602,.T.);
#352=FACE_BOUND('',#612,.T.);
#353=FACE_BOUND('',#616,.T.);
#354=FACE_BOUND('',#625,.T.);
#355=FACE_BOUND('',#626,.T.);
#356=FACE_BOUND('',#627,.T.);
#357=FACE_BOUND('',#628,.T.);
#358=FACE_BOUND('',#692,.T.);
#359=FACE_BOUND('',#694,.T.);
#360=FACE_OUTER_BOUND('',#520,.T.);
#361=FACE_OUTER_BOUND('',#522,.T.);
#362=FACE_OUTER_BOUND('',#525,.T.);
#363=FACE_OUTER_BOUND('',#527,.T.);
#364=FACE_OUTER_BOUND('',#528,.T.);
#365=FACE_OUTER_BOUND('',#529,.T.);
#366=FACE_OUTER_BOUND('',#530,.T.);
#367=FACE_OUTER_BOUND('',#531,.T.);
#368=FACE_OUTER_BOUND('',#532,.T.);
#369=FACE_OUTER_BOUND('',#533,.T.);
#370=FACE_OUTER_BOUND('',#534,.T.);
#371=FACE_OUTER_BOUND('',#535,.T.);
#372=FACE_OUTER_BOUND('',#536,.T.);
#373=FACE_OUTER_BOUND('',#537,.T.);
#374=FACE_OUTER_BOUND('',#538,.T.);
#375=FACE_OUTER_BOUND('',#539,.T.);
#376=FACE_OUTER_BOUND('',#540,.T.);
#377=FACE_OUTER_BOUND('',#541,.T.);
#378=FACE_OUTER_BOUND('',#542,.T.);
#379=FACE_OUTER_BOUND('',#544,.T.);
#380=FACE_OUTER_BOUND('',#545,.T.);
#381=FACE_OUTER_BOUND('',#547,.T.);
#382=FACE_OUTER_BOUND('',#548,.T.);
#383=FACE_OUTER_BOUND('',#549,.T.);
#384=FACE_OUTER_BOUND('',#551,.T.);
#385=FACE_OUTER_BOUND('',#552,.T.);
#386=FACE_OUTER_BOUND('',#554,.T.);
#387=FACE_OUTER_BOUND('',#555,.T.);
#388=FACE_OUTER_BOUND('',#556,.T.);
#389=FACE_OUTER_BOUND('',#557,.T.);
#390=FACE_OUTER_BOUND('',#558,.T.);
#391=FACE_OUTER_BOUND('',#559,.T.);
#392=FACE_OUTER_BOUND('',#560,.T.);
#393=FACE_OUTER_BOUND('',#561,.T.);
#394=FACE_OUTER_BOUND('',#587,.T.);
#395=FACE_OUTER_BOUND('',#588,.T.);
#396=FACE_OUTER_BOUND('',#589,.T.);
#397=FACE_OUTER_BOUND('',#590,.T.);
#398=FACE_OUTER_BOUND('',#592,.T.);
#399=FACE_OUTER_BOUND('',#594,.T.);
#400=FACE_OUTER_BOUND('',#595,.T.);
#401=FACE_OUTER_BOUND('',#596,.T.);
#402=FACE_OUTER_BOUND('',#597,.T.);
#403=FACE_OUTER_BOUND('',#598,.T.);
#404=FACE_OUTER_BOUND('',#601,.T.);
#405=FACE_OUTER_BOUND('',#603,.T.);
#406=FACE_OUTER_BOUND('',#604,.T.);
#407=FACE_OUTER_BOUND('',#605,.T.);
#408=FACE_OUTER_BOUND('',#606,.T.);
#409=FACE_OUTER_BOUND('',#607,.T.);
#410=FACE_OUTER_BOUND('',#608,.T.);
#411=FACE_OUTER_BOUND('',#609,.T.);
#412=FACE_OUTER_BOUND('',#610,.T.);
#413=FACE_OUTER_BOUND('',#611,.T.);
#414=FACE_OUTER_BOUND('',#613,.T.);
#415=FACE_OUTER_BOUND('',#614,.T.);
#416=FACE_OUTER_BOUND('',#615,.T.);
#417=FACE_OUTER_BOUND('',#617,.T.);
#418=FACE_OUTER_BOUND('',#618,.T.);
#419=FACE_OUTER_BOUND('',#619,.T.);
#420=FACE_OUTER_BOUND('',#620,.T.);
#421=FACE_OUTER_BOUND('',#621,.T.);
#422=FACE_OUTER_BOUND('',#622,.T.);
#423=FACE_OUTER_BOUND('',#623,.T.);
#424=FACE_OUTER_BOUND('',#624,.T.);
#425=FACE_OUTER_BOUND('',#629,.T.);
#426=FACE_OUTER_BOUND('',#630,.T.);
#427=FACE_OUTER_BOUND('',#631,.T.);
#428=FACE_OUTER_BOUND('',#632,.T.);
#429=FACE_OUTER_BOUND('',#633,.T.);
#430=FACE_OUTER_BOUND('',#634,.T.);
#431=FACE_OUTER_BOUND('',#635,.T.);
#432=FACE_OUTER_BOUND('',#636,.T.);
#433=FACE_OUTER_BOUND('',#637,.T.);
#434=FACE_OUTER_BOUND('',#638,.T.);
#435=FACE_OUTER_BOUND('',#639,.T.);
#436=FACE_OUTER_BOUND('',#640,.T.);
#437=FACE_OUTER_BOUND('',#641,.T.);
#438=FACE_OUTER_BOUND('',#642,.T.);
#439=FACE_OUTER_BOUND('',#643,.T.);
#440=FACE_OUTER_BOUND('',#644,.T.);
#441=FACE_OUTER_BOUND('',#645,.T.);
#442=FACE_OUTER_BOUND('',#646,.T.);
#443=FACE_OUTER_BOUND('',#647,.T.);
#444=FACE_OUTER_BOUND('',#648,.T.);
#445=FACE_OUTER_BOUND('',#649,.T.);
#446=FACE_OUTER_BOUND('',#650,.T.);
#447=FACE_OUTER_BOUND('',#651,.T.);
#448=FACE_OUTER_BOUND('',#652,.T.);
#449=FACE_OUTER_BOUND('',#653,.T.);
#450=FACE_OUTER_BOUND('',#654,.T.);
#451=FACE_OUTER_BOUND('',#655,.T.);
#452=FACE_OUTER_BOUND('',#656,.T.);
#453=FACE_OUTER_BOUND('',#657,.T.);
#454=FACE_OUTER_BOUND('',#658,.T.);
#455=FACE_OUTER_BOUND('',#659,.T.);
#456=FACE_OUTER_BOUND('',#660,.T.);
#457=FACE_OUTER_BOUND('',#661,.T.);
#458=FACE_OUTER_BOUND('',#662,.T.);
#459=FACE_OUTER_BOUND('',#663,.T.);
#460=FACE_OUTER_BOUND('',#664,.T.);
#461=FACE_OUTER_BOUND('',#665,.T.);
#462=FACE_OUTER_BOUND('',#666,.T.);
#463=FACE_OUTER_BOUND('',#667,.T.);
#464=FACE_OUTER_BOUND('',#668,.T.);
#465=FACE_OUTER_BOUND('',#669,.T.);
#466=FACE_OUTER_BOUND('',#670,.T.);
#467=FACE_OUTER_BOUND('',#671,.T.);
#468=FACE_OUTER_BOUND('',#672,.T.);
#469=FACE_OUTER_BOUND('',#673,.T.);
#470=FACE_OUTER_BOUND('',#674,.T.);
#471=FACE_OUTER_BOUND('',#675,.T.);
#472=FACE_OUTER_BOUND('',#676,.T.);
#473=FACE_OUTER_BOUND('',#677,.T.);
#474=FACE_OUTER_BOUND('',#678,.T.);
#475=FACE_OUTER_BOUND('',#679,.T.);
#476=FACE_OUTER_BOUND('',#680,.T.);
#477=FACE_OUTER_BOUND('',#681,.T.);
#478=FACE_OUTER_BOUND('',#682,.T.);
#479=FACE_OUTER_BOUND('',#683,.T.);
#480=FACE_OUTER_BOUND('',#684,.T.);
#481=FACE_OUTER_BOUND('',#685,.T.);
#482=FACE_OUTER_BOUND('',#686,.T.);
#483=FACE_OUTER_BOUND('',#687,.T.);
#484=FACE_OUTER_BOUND('',#688,.T.);
#485=FACE_OUTER_BOUND('',#689,.T.);
#486=FACE_OUTER_BOUND('',#690,.T.);
#487=FACE_OUTER_BOUND('',#691,.T.);
#488=FACE_OUTER_BOUND('',#693,.T.);
#489=FACE_OUTER_BOUND('',#695,.T.);
#490=FACE_OUTER_BOUND('',#696,.T.);
#491=FACE_OUTER_BOUND('',#697,.T.);
#492=FACE_OUTER_BOUND('',#698,.T.);
#493=FACE_OUTER_BOUND('',#699,.T.);
#494=FACE_OUTER_BOUND('',#700,.T.);
#495=FACE_OUTER_BOUND('',#701,.T.);
#496=FACE_OUTER_BOUND('',#702,.T.);
#497=FACE_OUTER_BOUND('',#703,.T.);
#498=FACE_OUTER_BOUND('',#704,.T.);
#499=FACE_OUTER_BOUND('',#705,.T.);
#500=FACE_OUTER_BOUND('',#706,.T.);
#501=FACE_OUTER_BOUND('',#707,.T.);
#502=FACE_OUTER_BOUND('',#708,.T.);
#503=FACE_OUTER_BOUND('',#709,.T.);
#504=FACE_OUTER_BOUND('',#710,.T.);
#505=FACE_OUTER_BOUND('',#711,.T.);
#506=FACE_OUTER_BOUND('',#712,.T.);
#507=FACE_OUTER_BOUND('',#713,.T.);
#508=FACE_OUTER_BOUND('',#714,.T.);
#509=FACE_OUTER_BOUND('',#715,.T.);
#510=FACE_OUTER_BOUND('',#716,.T.);
#511=FACE_OUTER_BOUND('',#717,.T.);
#512=FACE_OUTER_BOUND('',#718,.T.);
#513=FACE_OUTER_BOUND('',#719,.T.);
#514=FACE_OUTER_BOUND('',#720,.T.);
#515=FACE_OUTER_BOUND('',#721,.T.);
#516=FACE_OUTER_BOUND('',#722,.T.);
#517=FACE_OUTER_BOUND('',#723,.T.);
#518=FACE_OUTER_BOUND('',#724,.T.);
#519=FACE_OUTER_BOUND('',#725,.T.);
#520=EDGE_LOOP('',(#2662,#2663,#2664,#2665));
#521=EDGE_LOOP('',(#2666,#2667,#2668,#2669));
#522=EDGE_LOOP('',(#2670,#2671,#2672,#2673));
#523=EDGE_LOOP('',(#2674,#2675,#2676,#2677));
#524=EDGE_LOOP('',(#2678,#2679,#2680,#2681));
#525=EDGE_LOOP('',(#2682,#2683,#2684,#2685));
#526=EDGE_LOOP('',(#2686,#2687,#2688,#2689));
#527=EDGE_LOOP('',(#2690,#2691,#2692,#2693));
#528=EDGE_LOOP('',(#2694,#2695,#2696,#2697));
#529=EDGE_LOOP('',(#2698,#2699,#2700,#2701,#2702,#2703));
#530=EDGE_LOOP('',(#2704,#2705,#2706,#2707,#2708,#2709));
#531=EDGE_LOOP('',(#2710,#2711,#2712,#2713,#2714,#2715));
#532=EDGE_LOOP('',(#2716,#2717,#2718,#2719));
#533=EDGE_LOOP('',(#2720,#2721,#2722,#2723,#2724,#2725));
#534=EDGE_LOOP('',(#2726,#2727,#2728,#2729,#2730,#2731));
#535=EDGE_LOOP('',(#2732,#2733,#2734,#2735,#2736));
#536=EDGE_LOOP('',(#2737,#2738,#2739,#2740,#2741));
#537=EDGE_LOOP('',(#2742,#2743,#2744,#2745,#2746,#2747));
#538=EDGE_LOOP('',(#2748,#2749,#2750,#2751,#2752));
#539=EDGE_LOOP('',(#2753,#2754,#2755,#2756,#2757,#2758));
#540=EDGE_LOOP('',(#2759,#2760));
#541=EDGE_LOOP('',(#2761,#2762,#2763,#2764,#2765,#2766,#2767,#2768,#2769,
#2770,#2771,#2772,#2773,#2774,#2775,#2776,#2777,#2778,#2779,#2780,#2781,
#2782,#2783,#2784,#2785,#2786,#2787,#2788));
#542=EDGE_LOOP('',(#2789,#2790,#2791,#2792,#2793,#2794,#2795,#2796,#2797,
#2798,#2799,#2800,#2801));
#543=EDGE_LOOP('',(#2802,#2803,#2804,#2805,#2806,#2807,#2808,#2809));
#544=EDGE_LOOP('',(#2810,#2811,#2812,#2813,#2814,#2815,#2816,#2817,#2818,
#2819,#2820,#2821,#2822,#2823,#2824,#2825));
#545=EDGE_LOOP('',(#2826,#2827,#2828,#2829,#2830,#2831,#2832,#2833));
#546=EDGE_LOOP('',(#2834,#2835,#2836,#2837));
#547=EDGE_LOOP('',(#2838,#2839,#2840,#2841,#2842,#2843,#2844,#2845,#2846,
#2847,#2848,#2849,#2850,#2851,#2852));
#548=EDGE_LOOP('',(#2853,#2854,#2855,#2856,#2857,#2858,#2859,#2860,#2861,
#2862,#2863,#2864,#2865,#2866,#2867,#2868,#2869,#2870,#2871,#2872,#2873,
#2874,#2875,#2876,#2877,#2878,#2879,#2880));
#549=EDGE_LOOP('',(#2881,#2882,#2883,#2884,#2885,#2886,#2887,#2888,#2889,
#2890,#2891,#2892,#2893));
#550=EDGE_LOOP('',(#2894,#2895,#2896,#2897,#2898,#2899,#2900,#2901));
#551=EDGE_LOOP('',(#2902,#2903,#2904,#2905,#2906,#2907,#2908,#2909,#2910,
#2911,#2912,#2913,#2914,#2915,#2916,#2917));
#552=EDGE_LOOP('',(#2918,#2919,#2920,#2921,#2922,#2923,#2924,#2925));
#553=EDGE_LOOP('',(#2926,#2927,#2928,#2929));
#554=EDGE_LOOP('',(#2930,#2931,#2932,#2933,#2934,#2935,#2936,#2937,#2938,
#2939,#2940,#2941,#2942,#2943,#2944));
#555=EDGE_LOOP('',(#2945,#2946,#2947,#2948,#2949,#2950,#2951,#2952,#2953,
#2954,#2955,#2956,#2957,#2958,#2959));
#556=EDGE_LOOP('',(#2960,#2961,#2962,#2963,#2964,#2965,#2966,#2967,#2968,
#2969));
#557=EDGE_LOOP('',(#2970,#2971,#2972,#2973,#2974,#2975,#2976));
#558=EDGE_LOOP('',(#2977,#2978,#2979,#2980,#2981,#2982,#2983,#2984,#2985,
#2986,#2987,#2988,#2989,#2990,#2991));
#559=EDGE_LOOP('',(#2992,#2993,#2994,#2995,#2996,#2997,#2998,#2999,#3000,
#3001));
#560=EDGE_LOOP('',(#3002,#3003,#3004,#3005,#3006,#3007,#3008));
#561=EDGE_LOOP('',(#3009,#3010,#3011,#3012));
#562=EDGE_LOOP('',(#3013,#3014,#3015,#3016,#3017,#3018,#3019,#3020,#3021,
#3022,#3023,#3024,#3025,#3026,#3027,#3028,#3029,#3030,#3031,#3032,#3033,
#3034,#3035,#3036,#3037,#3038,#3039,#3040));
#563=EDGE_LOOP('',(#3041,#3042,#3043,#3044,#3045,#3046,#3047,#3048,#3049,
#3050,#3051,#3052,#3053));
#564=EDGE_LOOP('',(#3054,#3055,#3056,#3057,#3058,#3059,#3060,#3061,#3062,
#3063,#3064,#3065,#3066,#3067,#3068,#3069));
#565=EDGE_LOOP('',(#3070,#3071,#3072,#3073,#3074,#3075,#3076,#3077));
#566=EDGE_LOOP('',(#3078,#3079,#3080,#3081,#3082,#3083,#3084,#3085,#3086,
#3087,#3088,#3089,#3090,#3091,#3092));
#567=EDGE_LOOP('',(#3093,#3094,#3095,#3096,#3097,#3098,#3099,#3100,#3101,
#3102,#3103,#3104,#3105,#3106,#3107,#3108,#3109,#3110,#3111,#3112,#3113,
#3114,#3115,#3116,#3117,#3118,#3119,#3120));
#568=EDGE_LOOP('',(#3121,#3122,#3123,#3124,#3125,#3126,#3127,#3128,#3129,
#3130,#3131,#3132,#3133));
#569=EDGE_LOOP('',(#3134,#3135,#3136,#3137,#3138,#3139,#3140,#3141,#3142,
#3143,#3144,#3145,#3146,#3147,#3148,#3149));
#570=EDGE_LOOP('',(#3150,#3151,#3152,#3153,#3154,#3155,#3156,#3157));
#571=EDGE_LOOP('',(#3158,#3159,#3160,#3161,#3162,#3163,#3164,#3165,#3166,
#3167,#3168,#3169,#3170,#3171,#3172));
#572=EDGE_LOOP('',(#3173,#3174,#3175,#3176,#3177,#3178,#3179,#3180,#3181,
#3182,#3183,#3184,#3185,#3186,#3187));
#573=EDGE_LOOP('',(#3188,#3189,#3190,#3191,#3192,#3193,#3194,#3195,#3196,
#3197));
#574=EDGE_LOOP('',(#3198,#3199,#3200,#3201,#3202,#3203,#3204));
#575=EDGE_LOOP('',(#3205,#3206,#3207,#3208,#3209,#3210,#3211,#3212,#3213,
#3214,#3215,#3216,#3217,#3218,#3219));
#576=EDGE_LOOP('',(#3220,#3221,#3222,#3223,#3224,#3225,#3226,#3227,#3228,
#3229));
#577=EDGE_LOOP('',(#3230,#3231,#3232,#3233,#3234,#3235,#3236));
#578=EDGE_LOOP('',(#3237,#3238,#3239,#3240,#3241,#3242,#3243,#3244,#3245,
#3246,#3247,#3248,#3249,#3250,#3251,#3252,#3253,#3254));
#579=EDGE_LOOP('',(#3255,#3256,#3257,#3258));
#580=EDGE_LOOP('',(#3259,#3260,#3261,#3262,#3263,#3264,#3265,#3266,#3267,
#3268,#3269,#3270,#3271,#3272));
#581=EDGE_LOOP('',(#3273,#3274,#3275,#3276,#3277,#3278,#3279,#3280,#3281,
#3282,#3283,#3284,#3285));
#582=EDGE_LOOP('',(#3286,#3287,#3288,#3289,#3290,#3291,#3292,#3293,#3294,
#3295,#3296,#3297));
#583=EDGE_LOOP('',(#3298,#3299,#3300,#3301,#3302,#3303,#3304,#3305,#3306,
#3307,#3308,#3309));
#584=EDGE_LOOP('',(#3310,#3311,#3312,#3313,#3314,#3315,#3316,#3317,#3318,
#3319,#3320,#3321,#3322,#3323,#3324,#3325,#3326,#3327,#3328,#3329,#3330));
#585=EDGE_LOOP('',(#3331,#3332,#3333,#3334,#3335,#3336,#3337,#3338,#3339,
#3340,#3341,#3342,#3343));
#586=EDGE_LOOP('',(#3344,#3345,#3346,#3347,#3348,#3349,#3350,#3351));
#587=EDGE_LOOP('',(#3352,#3353,#3354,#3355));
#588=EDGE_LOOP('',(#3356,#3357,#3358,#3359,#3360,#3361,#3362,#3363));
#589=EDGE_LOOP('',(#3364,#3365,#3366,#3367));
#590=EDGE_LOOP('',(#3368,#3369,#3370,#3371,#3372,#3373,#3374,#3375));
#591=EDGE_LOOP('',(#3376,#3377,#3378));
#592=EDGE_LOOP('',(#3379,#3380,#3381,#3382,#3383,#3384,#3385,#3386,#3387,
#3388,#3389,#3390,#3391));
#593=EDGE_LOOP('',(#3392,#3393,#3394,#3395,#3396,#3397,#3398,#3399));
#594=EDGE_LOOP('',(#3400,#3401,#3402,#3403,#3404,#3405,#3406,#3407,#3408,
#3409,#3410,#3411,#3412,#3413,#3414,#3415,#3416,#3417,#3418,#3419,#3420));
#595=EDGE_LOOP('',(#3421,#3422,#3423,#3424,#3425,#3426,#3427,#3428,#3429,
#3430,#3431,#3432));
#596=EDGE_LOOP('',(#3433,#3434,#3435,#3436,#3437,#3438,#3439,#3440,#3441,
#3442,#3443,#3444));
#597=EDGE_LOOP('',(#3445,#3446,#3447,#3448,#3449,#3450,#3451,#3452,#3453,
#3454,#3455,#3456,#3457));
#598=EDGE_LOOP('',(#3458,#3459,#3460,#3461,#3462,#3463,#3464,#3465,#3466,
#3467,#3468,#3469,#3470,#3471));
#599=EDGE_LOOP('',(#3472,#3473,#3474,#3475,#3476));
#600=EDGE_LOOP('',(#3477,#3478,#3479,#3480,#3481,#3482));
#601=EDGE_LOOP('',(#3483,#3484,#3485,#3486));
#602=EDGE_LOOP('',(#3487,#3488,#3489,#3490,#3491,#3492));
#603=EDGE_LOOP('',(#3493,#3494,#3495,#3496,#3497,#3498,#3499,#3500,#3501,
#3502,#3503,#3504,#3505,#3506,#3507,#3508,#3509,#3510));
#604=EDGE_LOOP('',(#3511,#3512,#3513,#3514,#3515,#3516,#3517,#3518));
#605=EDGE_LOOP('',(#3519,#3520,#3521,#3522,#3523,#3524));
#606=EDGE_LOOP('',(#3525,#3526,#3527,#3528,#3529,#3530));
#607=EDGE_LOOP('',(#3531,#3532,#3533,#3534,#3535));
#608=EDGE_LOOP('',(#3536,#3537,#3538,#3539,#3540,#3541,#3542,#3543));
#609=EDGE_LOOP('',(#3544,#3545,#3546,#3547,#3548));
#610=EDGE_LOOP('',(#3549,#3550,#3551,#3552,#3553));
#611=EDGE_LOOP('',(#3554));
#612=EDGE_LOOP('',(#3555,#3556));
#613=EDGE_LOOP('',(#3557,#3558,#3559,#3560,#3561));
#614=EDGE_LOOP('',(#3562,#3563,#3564,#3565,#3566));
#615=EDGE_LOOP('',(#3567));
#616=EDGE_LOOP('',(#3568,#3569));
#617=EDGE_LOOP('',(#3570,#3571,#3572,#3573));
#618=EDGE_LOOP('',(#3574));
#619=EDGE_LOOP('',(#3575,#3576,#3577,#3578,#3579));
#620=EDGE_LOOP('',(#3580,#3581,#3582,#3583));
#621=EDGE_LOOP('',(#3584));
#622=EDGE_LOOP('',(#3585,#3586,#3587,#3588,#3589));
#623=EDGE_LOOP('',(#3590,#3591,#3592,#3593,#3594,#3595,#3596));
#624=EDGE_LOOP('',(#3597));
#625=EDGE_LOOP('',(#3598,#3599));
#626=EDGE_LOOP('',(#3600,#3601,#3602,#3603,#3604,#3605,#3606,#3607,#3608,
#3609));
#627=EDGE_LOOP('',(#3610,#3611,#3612,#3613,#3614,#3615,#3616,#3617,#3618,
#3619));
#628=EDGE_LOOP('',(#3620,#3621));
#629=EDGE_LOOP('',(#3622,#3623,#3624,#3625,#3626,#3627,#3628));
#630=EDGE_LOOP('',(#3629,#3630,#3631,#3632,#3633,#3634,#3635));
#631=EDGE_LOOP('',(#3636,#3637,#3638,#3639,#3640,#3641,#3642));
#632=EDGE_LOOP('',(#3643,#3644,#3645,#3646));
#633=EDGE_LOOP('',(#3647,#3648,#3649,#3650));
#634=EDGE_LOOP('',(#3651,#3652,#3653,#3654));
#635=EDGE_LOOP('',(#3655,#3656,#3657,#3658));
#636=EDGE_LOOP('',(#3659,#3660,#3661,#3662));
#637=EDGE_LOOP('',(#3663,#3664,#3665,#3666));
#638=EDGE_LOOP('',(#3667,#3668,#3669,#3670));
#639=EDGE_LOOP('',(#3671,#3672,#3673,#3674));
#640=EDGE_LOOP('',(#3675,#3676,#3677,#3678));
#641=EDGE_LOOP('',(#3679,#3680,#3681,#3682));
#642=EDGE_LOOP('',(#3683,#3684,#3685,#3686));
#643=EDGE_LOOP('',(#3687,#3688,#3689,#3690));
#644=EDGE_LOOP('',(#3691,#3692,#3693,#3694));
#645=EDGE_LOOP('',(#3695,#3696,#3697,#3698));
#646=EDGE_LOOP('',(#3699,#3700,#3701,#3702));
#647=EDGE_LOOP('',(#3703,#3704,#3705,#3706,#3707,#3708,#3709,#3710,#3711,
#3712));
#648=EDGE_LOOP('',(#3713,#3714,#3715,#3716));
#649=EDGE_LOOP('',(#3717,#3718,#3719,#3720));
#650=EDGE_LOOP('',(#3721,#3722,#3723,#3724));
#651=EDGE_LOOP('',(#3725,#3726,#3727,#3728));
#652=EDGE_LOOP('',(#3729,#3730,#3731,#3732));
#653=EDGE_LOOP('',(#3733,#3734,#3735,#3736));
#654=EDGE_LOOP('',(#3737,#3738,#3739,#3740));
#655=EDGE_LOOP('',(#3741,#3742,#3743,#3744));
#656=EDGE_LOOP('',(#3745,#3746,#3747,#3748));
#657=EDGE_LOOP('',(#3749,#3750,#3751,#3752));
#658=EDGE_LOOP('',(#3753,#3754,#3755,#3756));
#659=EDGE_LOOP('',(#3757,#3758,#3759,#3760));
#660=EDGE_LOOP('',(#3761,#3762,#3763,#3764));
#661=EDGE_LOOP('',(#3765,#3766,#3767,#3768));
#662=EDGE_LOOP('',(#3769,#3770,#3771,#3772));
#663=EDGE_LOOP('',(#3773,#3774,#3775,#3776,#3777,#3778,#3779,#3780,#3781,
#3782));
#664=EDGE_LOOP('',(#3783,#3784,#3785,#3786));
#665=EDGE_LOOP('',(#3787,#3788,#3789,#3790));
#666=EDGE_LOOP('',(#3791,#3792,#3793,#3794));
#667=EDGE_LOOP('',(#3795,#3796,#3797,#3798));
#668=EDGE_LOOP('',(#3799,#3800,#3801,#3802));
#669=EDGE_LOOP('',(#3803,#3804,#3805,#3806));
#670=EDGE_LOOP('',(#3807,#3808,#3809,#3810));
#671=EDGE_LOOP('',(#3811,#3812,#3813,#3814));
#672=EDGE_LOOP('',(#3815,#3816,#3817,#3818));
#673=EDGE_LOOP('',(#3819,#3820,#3821,#3822));
#674=EDGE_LOOP('',(#3823,#3824,#3825,#3826));
#675=EDGE_LOOP('',(#3827,#3828,#3829,#3830));
#676=EDGE_LOOP('',(#3831,#3832,#3833,#3834));
#677=EDGE_LOOP('',(#3835,#3836,#3837,#3838));
#678=EDGE_LOOP('',(#3839,#3840,#3841,#3842));
#679=EDGE_LOOP('',(#3843,#3844,#3845,#3846));
#680=EDGE_LOOP('',(#3847,#3848,#3849,#3850));
#681=EDGE_LOOP('',(#3851,#3852,#3853,#3854));
#682=EDGE_LOOP('',(#3855,#3856,#3857,#3858));
#683=EDGE_LOOP('',(#3859,#3860,#3861,#3862));
#684=EDGE_LOOP('',(#3863,#3864,#3865,#3866));
#685=EDGE_LOOP('',(#3867,#3868,#3869,#3870));
#686=EDGE_LOOP('',(#3871,#3872,#3873,#3874));
#687=EDGE_LOOP('',(#3875,#3876,#3877,#3878));
#688=EDGE_LOOP('',(#3879,#3880,#3881,#3882));
#689=EDGE_LOOP('',(#3883,#3884,#3885,#3886));
#690=EDGE_LOOP('',(#3887,#3888,#3889,#3890));
#691=EDGE_LOOP('',(#3891,#3892));
#692=EDGE_LOOP('',(#3893));
#693=EDGE_LOOP('',(#3894,#3895));
#694=EDGE_LOOP('',(#3896));
#695=EDGE_LOOP('',(#3897,#3898,#3899,#3900));
#696=EDGE_LOOP('',(#3901,#3902,#3903,#3904));
#697=EDGE_LOOP('',(#3905,#3906,#3907,#3908));
#698=EDGE_LOOP('',(#3909,#3910,#3911,#3912));
#699=EDGE_LOOP('',(#3913,#3914,#3915,#3916));
#700=EDGE_LOOP('',(#3917,#3918,#3919,#3920));
#701=EDGE_LOOP('',(#3921,#3922,#3923,#3924));
#702=EDGE_LOOP('',(#3925,#3926,#3927,#3928));
#703=EDGE_LOOP('',(#3929,#3930,#3931,#3932));
#704=EDGE_LOOP('',(#3933,#3934,#3935,#3936));
#705=EDGE_LOOP('',(#3937,#3938,#3939,#3940));
#706=EDGE_LOOP('',(#3941,#3942,#3943,#3944,#3945,#3946,#3947,#3948,#3949,
#3950,#3951,#3952,#3953,#3954,#3955,#3956,#3957));
#707=EDGE_LOOP('',(#3958,#3959,#3960,#3961));
#708=EDGE_LOOP('',(#3962,#3963,#3964,#3965));
#709=EDGE_LOOP('',(#3966,#3967,#3968,#3969));
#710=EDGE_LOOP('',(#3970,#3971));
#711=EDGE_LOOP('',(#3972,#3973,#3974,#3975,#3976));
#712=EDGE_LOOP('',(#3977,#3978,#3979,#3980,#3981,#3982));
#713=EDGE_LOOP('',(#3983,#3984,#3985,#3986));
#714=EDGE_LOOP('',(#3987,#3988,#3989,#3990));
#715=EDGE_LOOP('',(#3991,#3992,#3993,#3994,#3995));
#716=EDGE_LOOP('',(#3996,#3997,#3998,#3999));
#717=EDGE_LOOP('',(#4000,#4001,#4002,#4003));
#718=EDGE_LOOP('',(#4004,#4005,#4006,#4007));
#719=EDGE_LOOP('',(#4008,#4009,#4010,#4011));
#720=EDGE_LOOP('',(#4012,#4013,#4014,#4015));
#721=EDGE_LOOP('',(#4016,#4017,#4018));
#722=EDGE_LOOP('',(#4019,#4020,#4021,#4022));
#723=EDGE_LOOP('',(#4023,#4024,#4025,#4026,#4027));
#724=EDGE_LOOP('',(#4028,#4029,#4030,#4031,#4032,#4033,#4034,#4035,#4036,
#4037,#4038,#4039,#4040,#4041,#4042,#4043,#4044,#4045,#4046,#4047,#4048,
#4049,#4050,#4051,#4052,#4053,#4054,#4055,#4056,#4057));
#725=EDGE_LOOP('',(#4058,#4059,#4060,#4061,#4062,#4063));
#726=LINE('',#5835,#895);
#727=LINE('',#5855,#896);
#728=LINE('',#5877,#897);
#729=LINE('',#5897,#898);
#730=LINE('',#5901,#899);
#731=LINE('',#5905,#900);
#732=LINE('',#5909,#901);
#733=LINE('',#5930,#902);
#734=LINE('',#5971,#903);
#735=LINE('',#5991,#904);
#736=LINE('',#6285,#905);
#737=LINE('',#6335,#906);
#738=LINE('',#6339,#907);
#739=LINE('',#6381,#908);
#740=LINE('',#6459,#909);
#741=LINE('',#6605,#910);
#742=LINE('',#6630,#911);
#743=LINE('',#6637,#912);
#744=LINE('',#6674,#913);
#745=LINE('',#6837,#914);
#746=LINE('',#6873,#915);
#747=LINE('',#6916,#916);
#748=LINE('',#6978,#917);
#749=LINE('',#7028,#918);
#750=LINE('',#7032,#919);
#751=LINE('',#7074,#920);
#752=LINE('',#7152,#921);
#753=LINE('',#7298,#922);
#754=LINE('',#7323,#923);
#755=LINE('',#7330,#924);
#756=LINE('',#7367,#925);
#757=LINE('',#7530,#926);
#758=LINE('',#7566,#927);
#759=LINE('',#7609,#928);
#760=LINE('',#7615,#929);
#761=LINE('',#7651,#930);
#762=LINE('',#7694,#931);
#763=LINE('',#7700,#932);
#764=LINE('',#7704,#933);
#765=LINE('',#7708,#934);
#766=LINE('',#7712,#935);
#767=LINE('',#7715,#936);
#768=LINE('',#7719,#937);
#769=LINE('',#7731,#938);
#770=LINE('',#7738,#939);
#771=LINE('',#7751,#940);
#772=LINE('',#7787,#941);
#773=LINE('',#7830,#942);
#774=LINE('',#7836,#943);
#775=LINE('',#7840,#944);
#776=LINE('',#7844,#945);
#777=LINE('',#7848,#946);
#778=LINE('',#7851,#947);
#779=LINE('',#7855,#948);
#780=LINE('',#7867,#949);
#781=LINE('',#7874,#950);
#782=LINE('',#7939,#951);
#783=LINE('',#8009,#952);
#784=LINE('',#8117,#953);
#785=LINE('',#8166,#954);
#786=LINE('',#8169,#955);
#787=LINE('',#8173,#956);
#788=LINE('',#8187,#957);
#789=LINE('',#8191,#958);
#790=LINE('',#8207,#959);
#791=LINE('',#8245,#960);
#792=LINE('',#8305,#961);
#793=LINE('',#8339,#962);
#794=LINE('',#8386,#963);
#795=LINE('',#8448,#964);
#796=LINE('',#8452,#965);
#797=LINE('',#8456,#966);
#798=LINE('',#8539,#967);
#799=LINE('',#8852,#968);
#800=LINE('',#8858,#969);
#801=LINE('',#8869,#970);
#802=LINE('',#8875,#971);
#803=LINE('',#8886,#972);
#804=LINE('',#8890,#973);
#805=LINE('',#8895,#974);
#806=LINE('',#8899,#975);
#807=LINE('',#8921,#976);
#808=LINE('',#8925,#977);
#809=LINE('',#8933,#978);
#810=LINE('',#8943,#979);
#811=LINE('',#8951,#980);
#812=LINE('',#8958,#981);
#813=LINE('',#8961,#982);
#814=LINE('',#8975,#983);
#815=LINE('',#8992,#984);
#816=LINE('',#8993,#985);
#817=LINE('',#9016,#986);
#818=LINE('',#9017,#987);
#819=LINE('',#9028,#988);
#820=LINE('',#9029,#989);
#821=LINE('',#9040,#990);
#822=LINE('',#9041,#991);
#823=LINE('',#9043,#992);
#824=LINE('',#9045,#993);
#825=LINE('',#9047,#994);
#826=LINE('',#9049,#995);
#827=LINE('',#9064,#996);
#828=LINE('',#9065,#997);
#829=LINE('',#9076,#998);
#830=LINE('',#9077,#999);
#831=LINE('',#9100,#1000);
#832=LINE('',#9101,#1001);
#833=LINE('',#9112,#1002);
#834=LINE('',#9113,#1003);
#835=LINE('',#9115,#1004);
#836=LINE('',#9117,#1005);
#837=LINE('',#9119,#1006);
#838=LINE('',#9121,#1007);
#839=LINE('',#9128,#1008);
#840=LINE('',#9140,#1009);
#841=LINE('',#9160,#1010);
#842=LINE('',#9161,#1011);
#843=LINE('',#9164,#1012);
#844=LINE('',#9166,#1013);
#845=LINE('',#9167,#1014);
#846=LINE('',#9170,#1015);
#847=LINE('',#9174,#1016);
#848=LINE('',#9175,#1017);
#849=LINE('',#9181,#1018);
#850=LINE('',#9193,#1019);
#851=LINE('',#9213,#1020);
#852=LINE('',#9214,#1021);
#853=LINE('',#9217,#1022);
#854=LINE('',#9219,#1023);
#855=LINE('',#9220,#1024);
#856=LINE('',#9223,#1025);
#857=LINE('',#9227,#1026);
#858=LINE('',#9228,#1027);
#859=LINE('',#9234,#1028);
#860=LINE('',#9246,#1029);
#861=LINE('',#9266,#1030);
#862=LINE('',#9267,#1031);
#863=LINE('',#9270,#1032);
#864=LINE('',#9272,#1033);
#865=LINE('',#9273,#1034);
#866=LINE('',#9276,#1035);
#867=LINE('',#9280,#1036);
#868=LINE('',#9281,#1037);
#869=LINE('',#9287,#1038);
#870=LINE('',#9299,#1039);
#871=LINE('',#9319,#1040);
#872=LINE('',#9320,#1041);
#873=LINE('',#9323,#1042);
#874=LINE('',#9325,#1043);
#875=LINE('',#9326,#1044);
#876=LINE('',#9329,#1045);
#877=LINE('',#9333,#1046);
#878=LINE('',#9334,#1047);
#879=LINE('',#9344,#1048);
#880=LINE('',#9345,#1049);
#881=LINE('',#9347,#1050);
#882=LINE('',#9350,#1051);
#883=LINE('',#9352,#1052);
#884=LINE('',#9354,#1053);
#885=LINE('',#9356,#1054);
#886=LINE('',#9359,#1055);
#887=LINE('',#9375,#1056);
#888=LINE('',#9378,#1057);
#889=LINE('',#9390,#1058);
#890=LINE('',#9393,#1059);
#891=LINE('',#9404,#1060);
#892=LINE('',#9405,#1061);
#893=LINE('',#9428,#1062);
#894=LINE('',#9430,#1063);
#895=VECTOR('',#4877,10.);
#896=VECTOR('',#4878,10.);
#897=VECTOR('',#4879,10.);
#898=VECTOR('',#4880,10.);
#899=VECTOR('',#4883,10.);
#900=VECTOR('',#4886,10.);
#901=VECTOR('',#4889,10.);
#902=VECTOR('',#4890,10.);
#903=VECTOR('',#4893,10.);
#904=VECTOR('',#4894,10.);
#905=VECTOR('',#4967,10.);
#906=VECTOR('',#4968,10.);
#907=VECTOR('',#4971,10.);
#908=VECTOR('',#4972,10.);
#909=VECTOR('',#4977,10.);
#910=VECTOR('',#4982,10.);
#911=VECTOR('',#4983,10.);
#912=VECTOR('',#4984,10.);
#913=VECTOR('',#4985,10.);
#914=VECTOR('',#4992,10.);
#915=VECTOR('',#4995,10.);
#916=VECTOR('',#4998,10.);
#917=VECTOR('',#5005,10.);
#918=VECTOR('',#5006,10.);
#919=VECTOR('',#5009,10.);
#920=VECTOR('',#5010,10.);
#921=VECTOR('',#5015,10.);
#922=VECTOR('',#5020,10.);
#923=VECTOR('',#5021,10.);
#924=VECTOR('',#5022,10.);
#925=VECTOR('',#5023,10.);
#926=VECTOR('',#5030,10.);
#927=VECTOR('',#5033,10.);
#928=VECTOR('',#5036,10.);
#929=VECTOR('',#5041,10.);
#930=VECTOR('',#5044,10.);
#931=VECTOR('',#5047,10.);
#932=VECTOR('',#5052,10.);
#933=VECTOR('',#5055,10.);
#934=VECTOR('',#5058,10.);
#935=VECTOR('',#5061,10.);
#936=VECTOR('',#5064,10.);
#937=VECTOR('',#5067,10.);
#938=VECTOR('',#5068,10.);
#939=VECTOR('',#5069,10.);
#940=VECTOR('',#5074,10.);
#941=VECTOR('',#5077,10.);
#942=VECTOR('',#5080,10.);
#943=VECTOR('',#5085,10.);
#944=VECTOR('',#5088,10.);
#945=VECTOR('',#5091,10.);
#946=VECTOR('',#5094,10.);
#947=VECTOR('',#5097,10.);
#948=VECTOR('',#5100,10.);
#949=VECTOR('',#5101,10.);
#950=VECTOR('',#5102,10.);
#951=VECTOR('',#5109,10.);
#952=VECTOR('',#5114,10.);
#953=VECTOR('',#5115,10.);
#954=VECTOR('',#5116,10.);
#955=VECTOR('',#5117,10.);
#956=VECTOR('',#5120,10.);
#957=VECTOR('',#5123,10.);
#958=VECTOR('',#5126,10.);
#959=VECTOR('',#5131,10.);
#960=VECTOR('',#5136,10.);
#961=VECTOR('',#5139,10.);
#962=VECTOR('',#5140,10.);
#963=VECTOR('',#5143,10.);
#964=VECTOR('',#5148,10.);
#965=VECTOR('',#5151,10.);
#966=VECTOR('',#5154,10.);
#967=VECTOR('',#5155,10.);
#968=VECTOR('',#5212,0.2695);
#969=VECTOR('',#5219,0.285);
#970=VECTOR('',#5232,0.2695);
#971=VECTOR('',#5239,0.285);
#972=VECTOR('',#5252,0.2345);
#973=VECTOR('',#5259,0.25);
#974=VECTOR('',#5264,0.2345);
#975=VECTOR('',#5271,0.25);
#976=VECTOR('',#5294,10.);
#977=VECTOR('',#5297,10.);
#978=VECTOR('',#5304,10.);
#979=VECTOR('',#5313,10.);
#980=VECTOR('',#5320,10.);
#981=VECTOR('',#5327,10.);
#982=VECTOR('',#5330,0.365);
#983=VECTOR('',#5347,0.365);
#984=VECTOR('',#5366,10.);
#985=VECTOR('',#5367,10.);
#986=VECTOR('',#5396,10.);
#987=VECTOR('',#5397,10.);
#988=VECTOR('',#5410,10.);
#989=VECTOR('',#5411,10.);
#990=VECTOR('',#5428,10.);
#991=VECTOR('',#5429,10.);
#992=VECTOR('',#5432,10.);
#993=VECTOR('',#5435,10.);
#994=VECTOR('',#5438,10.);
#995=VECTOR('',#5441,10.);
#996=VECTOR('',#5458,10.);
#997=VECTOR('',#5459,10.);
#998=VECTOR('',#5472,10.);
#999=VECTOR('',#5473,10.);
#1000=VECTOR('',#5502,10.);
#1001=VECTOR('',#5503,10.);
#1002=VECTOR('',#5520,10.);
#1003=VECTOR('',#5521,10.);
#1004=VECTOR('',#5524,10.);
#1005=VECTOR('',#5527,10.);
#1006=VECTOR('',#5530,10.);
#1007=VECTOR('',#5533,10.);
#1008=VECTOR('',#5540,10.);
#1009=VECTOR('',#5541,10.);
#1010=VECTOR('',#5552,10.);
#1011=VECTOR('',#5553,10.);
#1012=VECTOR('',#5556,10.);
#1013=VECTOR('',#5557,10.);
#1014=VECTOR('',#5558,10.);
#1015=VECTOR('',#5561,10.);
#1016=VECTOR('',#5566,10.);
#1017=VECTOR('',#5567,10.);
#1018=VECTOR('',#5572,10.);
#1019=VECTOR('',#5573,10.);
#1020=VECTOR('',#5584,10.);
#1021=VECTOR('',#5585,10.);
#1022=VECTOR('',#5588,10.);
#1023=VECTOR('',#5589,10.);
#1024=VECTOR('',#5590,10.);
#1025=VECTOR('',#5593,10.);
#1026=VECTOR('',#5598,10.);
#1027=VECTOR('',#5599,10.);
#1028=VECTOR('',#5604,10.);
#1029=VECTOR('',#5605,10.);
#1030=VECTOR('',#5616,10.);
#1031=VECTOR('',#5617,10.);
#1032=VECTOR('',#5620,10.);
#1033=VECTOR('',#5621,10.);
#1034=VECTOR('',#5622,10.);
#1035=VECTOR('',#5625,10.);
#1036=VECTOR('',#5630,10.);
#1037=VECTOR('',#5631,10.);
#1038=VECTOR('',#5636,10.);
#1039=VECTOR('',#5637,10.);
#1040=VECTOR('',#5648,10.);
#1041=VECTOR('',#5649,10.);
#1042=VECTOR('',#5652,10.);
#1043=VECTOR('',#5653,10.);
#1044=VECTOR('',#5654,10.);
#1045=VECTOR('',#5657,10.);
#1046=VECTOR('',#5662,10.);
#1047=VECTOR('',#5663,10.);
#1048=VECTOR('',#5682,10.);
#1049=VECTOR('',#5683,10.);
#1050=VECTOR('',#5686,10.);
#1051=VECTOR('',#5691,10.);
#1052=VECTOR('',#5694,10.);
#1053=VECTOR('',#5697,10.);
#1054=VECTOR('',#5700,10.);
#1055=VECTOR('',#5705,10.);
#1056=VECTOR('',#5728,10.);
#1057=VECTOR('',#5731,10.);
#1058=VECTOR('',#5750,10.);
#1059=VECTOR('',#5753,10.);
#1060=VECTOR('',#5766,10.);
#1061=VECTOR('',#5767,10.);
#1062=VECTOR('',#5808,4.175);
#1063=VECTOR('',#5811,4.175);
#1064=B_SPLINE_CURVE_WITH_KNOTS('',3,(#5816,#5817,#5818,#5819,#5820,#5821,
#5822,#5823,#5824,#5825,#5826,#5827,#5828,#5829,#5830,#5831,#5832,#5833),
 .UNSPECIFIED.,.F.,.F.,(4,2,2,2,2,2,2,2,4),(0.,0.0225090293068536,0.0450180586137071,
0.0675269316417701,0.090035804669833,0.112544677697896,0.135053550725959,
0.157562580032812,0.180071609339666),.UNSPECIFIED.);
#1065=B_SPLINE_CURVE_WITH_KNOTS('',3,(#5837,#5838,#5839,#5840,#5841,#5842,
#5843,#5844,#5845,#5846,#5847,#5848,#5849,#5850,#5851,#5852,#5853,#5854),
 .UNSPECIFIED.,.F.,.F.,(4,2,2,2,2,2,2,2,4),(0.,0.022509029119824,0.045018058239648,
0.0675269310832001,0.0900358039267521,0.112544676770304,0.135053549613856,
0.15756257873368,0.180071607853504),.UNSPECIFIED.);
#1066=B_SPLINE_CURVE_WITH_KNOTS('',3,(#5858,#5859,#5860,#5861,#5862,#5863,
#5864,#5865,#5866,#5867,#5868,#5869,#5870,#5871,#5872,#5873,#5874,#5875),
 .UNSPECIFIED.,.F.,.F.,(4,2,2,2,2,2,2,2,4),(0.,0.0172303117316125,0.034460623463225,
0.0516908942765691,0.0689211650899131,0.0861514359032572,0.103381706716601,
0.120612018448214,0.137842330179826),.UNSPECIFIED.);
#1067=B_SPLINE_CURVE_WITH_KNOTS('',3,(#5879,#5880,#5881,#5882,#5883,#5884,
#5885,#5886,#5887,#5888,#5889,#5890,#5891,#5892,#5893,#5894,#5895,#5896),
 .UNSPECIFIED.,.F.,.F.,(4,2,2,2,2,2,2,2,4),(0.,0.0172303116483263,0.0344606232966527,
0.051690894027368,0.0689211647580834,0.0861514354887988,0.103381706219514,
0.12061201786784,0.137842329516167),.UNSPECIFIED.);
#1068=B_SPLINE_CURVE_WITH_KNOTS('',3,(#5911,#5912,#5913,#5914,#5915,#5916,
#5917,#5918,#5919,#5920,#5921,#5922,#5923,#5924,#5925,#5926,#5927,#5928),
 .UNSPECIFIED.,.F.,.F.,(4,2,2,2,2,2,2,2,4),(0.,0.0225090293068536,0.0450180586137071,
0.0675269316417701,0.090035804669833,0.112544677697896,0.135053550725959,
0.157562580032812,0.180071609339666),.UNSPECIFIED.);
#1069=B_SPLINE_CURVE_WITH_KNOTS('',3,(#5931,#5932,#5933,#5934,#5935,#5936,
#5937,#5938,#5939,#5940,#5941,#5942,#5943,#5944,#5945,#5946,#5947,#5948),
 .UNSPECIFIED.,.F.,.F.,(4,2,2,2,2,2,2,2,4),(0.,0.0225090291198241,0.0450180582396483,
0.0675269310832003,0.0900358039267523,0.112544676770304,0.135053549613856,
0.15756257873368,0.180071607853505),.UNSPECIFIED.);
#1070=B_SPLINE_CURVE_WITH_KNOTS('',3,(#5952,#5953,#5954,#5955,#5956,#5957,
#5958,#5959,#5960,#5961,#5962,#5963,#5964,#5965,#5966,#5967,#5968,#5969),
 .UNSPECIFIED.,.F.,.F.,(4,2,2,2,2,2,2,2,4),(0.,0.0172303117316125,0.034460623463225,
0.0516908942765691,0.0689211650899131,0.0861514359032572,0.103381706716601,
0.120612018448214,0.137842330179826),.UNSPECIFIED.);
#1071=B_SPLINE_CURVE_WITH_KNOTS('',3,(#5973,#5974,#5975,#5976,#5977,#5978,
#5979,#5980,#5981,#5982,#5983,#5984,#5985,#5986,#5987,#5988,#5989,#5990),
 .UNSPECIFIED.,.F.,.F.,(4,2,2,2,2,2,2,2,4),(0.,0.0172303116483263,0.0344606232966527,
0.051690894027368,0.0689211647580834,0.0861514354887988,0.103381706219514,
0.12061201786784,0.137842329516167),.UNSPECIFIED.);
#1072=B_SPLINE_CURVE_WITH_KNOTS('',3,(#5996,#5997,#5998,#5999,#6000,#6001,
#6002,#6003,#6004,#6005,#6006,#6007,#6008,#6009),.UNSPECIFIED.,.F.,.F.,
(4,2,2,2,2,2,4),(0.0249389646135812,0.034460623463225,0.0516908942765691,
0.0689211650899131,0.0861514359032572,0.103381706716601,0.112903365566245),
 .UNSPECIFIED.);
#1073=B_SPLINE_CURVE_WITH_KNOTS('',3,(#6013,#6014,#6015,#6016,#6017,#6018,
#6019,#6020,#6021,#6022,#6023,#6024,#6025,#6026),.UNSPECIFIED.,.F.,.F.,
(4,2,2,2,2,2,4),(0.204493282092837,0.225089667953373,0.247598540981436,
0.270107414009499,0.292616287037562,0.315125160065625,0.335721545926161),
 .UNSPECIFIED.);
#1074=B_SPLINE_CURVE_WITH_KNOTS('',3,(#6031,#6032,#6033,#6034,#6035,#6036),
 .UNSPECIFIED.,.F.,.F.,(4,2,4),(-0.0309075945280841,-0.0147329554970155,
-1.260679614964E-6),.UNSPECIFIED.);
#1075=B_SPLINE_CURVE_WITH_KNOTS('',3,(#6040,#6041,#6042,#6043,#6044,#6045),
 .UNSPECIFIED.,.F.,.F.,(4,2,4),(0.,0.0153531503243278,0.0301665633676598),
 .UNSPECIFIED.);
#1076=B_SPLINE_CURVE_WITH_KNOTS('',3,(#6047,#6048,#6049,#6050,#6051,#6052,
#6053,#6054),.UNSPECIFIED.,.F.,.F.,(4,2,2,4),(0.422971191097126,0.436715030928405,
0.498778745531631,0.546597300803067),.UNSPECIFIED.);
#1077=B_SPLINE_CURVE_WITH_KNOTS('',3,(#6057,#6058,#6059,#6060,#6061,#6062,
#6063,#6064),.UNSPECIFIED.,.F.,.F.,(4,2,2,4),(0.450480461620613,0.49829280942806,
0.560413593675108,0.574080822099774),.UNSPECIFIED.);
#1078=B_SPLINE_CURVE_WITH_KNOTS('',3,(#6067,#6068,#6069,#6070,#6071,#6072),
 .UNSPECIFIED.,.F.,.F.,(4,2,4),(-0.0263745500025844,-0.0134530471855075,
0.),.UNSPECIFIED.);
#1079=B_SPLINE_CURVE_WITH_KNOTS('',3,(#6073,#6074,#6075,#6076,#6077,#6078),
 .UNSPECIFIED.,.F.,.F.,(4,2,4),(0.695664318760055,0.705973100928318,0.729296778494002),
 .UNSPECIFIED.);
#1080=B_SPLINE_CURVE_WITH_KNOTS('',3,(#6080,#6081,#6082,#6083,#6084,#6085),
 .UNSPECIFIED.,.F.,.F.,(4,2,4),(0.0234521625575118,0.0467210529003635,0.0570977755413673),
 .UNSPECIFIED.);
#1081=B_SPLINE_CURVE_WITH_KNOTS('',3,(#6086,#6087,#6088,#6089,#6090,#6091),
 .UNSPECIFIED.,.F.,.F.,(4,2,4),(-0.0257391776561467,-0.0125658560505853,
-4.60808754834674E-8),.UNSPECIFIED.);
#1082=B_SPLINE_CURVE_WITH_KNOTS('',3,(#6095,#6096,#6097,#6098,#6099,#6100),
 .UNSPECIFIED.,.F.,.F.,(4,2,4),(0.695675323681362,0.705984268234123,0.729308679785985),
 .UNSPECIFIED.);
#1083=B_SPLINE_CURVE_WITH_KNOTS('',3,(#6101,#6102,#6103,#6104,#6105,#6106),
 .UNSPECIFIED.,.F.,.F.,(4,2,4),(-0.0263919525821076,-0.0126319355982286,
-9.69116408407189E-8),.UNSPECIFIED.);
#1084=B_SPLINE_CURVE_WITH_KNOTS('',3,(#6108,#6109,#6110,#6111,#6112,#6113),
 .UNSPECIFIED.,.F.,.F.,(4,2,4),(-0.0257293985318241,-0.0130771106215117,
0.),.UNSPECIFIED.);
#1085=B_SPLINE_CURVE_WITH_KNOTS('',3,(#6115,#6116,#6117,#6118,#6119,#6120),
 .UNSPECIFIED.,.F.,.F.,(4,2,4),(0.0234521681924437,0.046721791995538,0.05709867770417),
 .UNSPECIFIED.);
#1086=B_SPLINE_CURVE_WITH_KNOTS('',3,(#6124,#6125,#6126,#6127,#6128,#6129,
#6130,#6131,#6132,#6133,#6134,#6135,#6136,#6137,#6138,#6139,#6140,#6141,
#6142,#6143),.UNSPECIFIED.,.F.,.F.,(4,2,2,2,2,2,2,2,2,4),(0.,0.0135466817474079,
0.0305152841204681,0.0383070740790586,0.0427129195293744,0.0463491544141231,
0.0505218342484792,0.057539388750285,0.071519045610434,0.0896827892782123),
 .UNSPECIFIED.);
#1087=B_SPLINE_CURVE_WITH_KNOTS('',3,(#6146,#6147,#6148,#6149,#6150,#6151,
#6152,#6153,#6154,#6155,#6156,#6157,#6158,#6159,#6160,#6161,#6162,#6163,
#6164,#6165,#6166,#6167),.UNSPECIFIED.,.F.,.F.,(4,2,2,2,2,2,2,2,2,2,4),
(0.,0.0210939954704585,0.0430645152016494,0.0568043782052707,0.0646063800461397,
0.0709650846607686,0.0780918441600518,0.0894934572055735,0.11234811565878,
0.125623316616263,0.137321847961215),.UNSPECIFIED.);
#1088=B_SPLINE_CURVE_WITH_KNOTS('',3,(#6170,#6171,#6172,#6173,#6174,#6175,
#6176,#6177),.UNSPECIFIED.,.F.,.F.,(4,2,2,4),(0.450474508258979,0.49828687651758,
0.56040692175328,0.574073986745216),.UNSPECIFIED.);
#1089=B_SPLINE_CURVE_WITH_KNOTS('',3,(#6179,#6180,#6181,#6182,#6183,#6184,
#6185,#6186),.UNSPECIFIED.,.F.,.F.,(4,2,2,4),(0.422966154564543,0.436709829526855,
0.498772806165211,0.546591382036929),.UNSPECIFIED.);
#1090=B_SPLINE_CURVE_WITH_KNOTS('',3,(#6187,#6188,#6189,#6190,#6191,#6192),
 .UNSPECIFIED.,.F.,.F.,(4,2,4),(0.,0.0146670153922281,0.0301650334416003),
 .UNSPECIFIED.);
#1091=B_SPLINE_CURVE_WITH_KNOTS('',3,(#6193,#6194,#6195,#6196,#6197,#6198),
 .UNSPECIFIED.,.F.,.F.,(4,2,4),(0.,0.0157282382269789,0.0308850319455732),
 .UNSPECIFIED.);
#1092=B_SPLINE_CURVE_WITH_KNOTS('',3,(#6227,#6228,#6229,#6230,#6231,#6232,
#6233,#6234,#6235,#6236,#6237,#6238,#6239),.UNSPECIFIED.,.F.,.F.,(4,3,3,
3,4),(0.,0.944907973108959,1.,1.94409332514744,2.),.UNSPECIFIED.);
#1093=B_SPLINE_CURVE_WITH_KNOTS('',3,(#6241,#6242,#6243,#6244,#6245,#6246,
#6247),.UNSPECIFIED.,.F.,.F.,(4,3,4),(0.,1.,2.),.UNSPECIFIED.);
#1094=B_SPLINE_CURVE_WITH_KNOTS('',3,(#6251,#6252,#6253,#6254,#6255,#6256,
#6257),.UNSPECIFIED.,.F.,.F.,(4,3,4),(0.,1.,2.),.UNSPECIFIED.);
#1095=B_SPLINE_CURVE_WITH_KNOTS('',3,(#6259,#6260,#6261,#6262,#6263,#6264,
#6265),.UNSPECIFIED.,.F.,.F.,(4,3,4),(0.,1.,2.),.UNSPECIFIED.);
#1096=B_SPLINE_CURVE_WITH_KNOTS('',3,(#6267,#6268,#6269,#6270,#6271,#6272,
#6273),.UNSPECIFIED.,.F.,.F.,(4,3,4),(0.,1.,2.),.UNSPECIFIED.);
#1097=B_SPLINE_CURVE_WITH_KNOTS('',3,(#6275,#6276,#6277,#6278,#6279,#6280,
#6281),.UNSPECIFIED.,.F.,.F.,(4,3,4),(0.,1.,2.),.UNSPECIFIED.);
#1098=B_SPLINE_CURVE_WITH_KNOTS('',3,(#6287,#6288,#6289,#6290,#6291,#6292,
#6293),.UNSPECIFIED.,.F.,.F.,(4,3,4),(0.,1.,2.),.UNSPECIFIED.);
#1099=B_SPLINE_CURVE_WITH_KNOTS('',3,(#6295,#6296,#6297,#6298,#6299,#6300,
#6301),.UNSPECIFIED.,.F.,.F.,(4,3,4),(0.,1.,2.),.UNSPECIFIED.);
#1100=B_SPLINE_CURVE_WITH_KNOTS('',3,(#6303,#6304,#6305,#6306,#6307,#6308,
#6309),.UNSPECIFIED.,.F.,.F.,(4,3,4),(0.,1.,2.),.UNSPECIFIED.);
#1101=B_SPLINE_CURVE_WITH_KNOTS('',3,(#6311,#6312,#6313,#6314,#6315,#6316,
#6317),.UNSPECIFIED.,.F.,.F.,(4,3,4),(0.,1.,2.),.UNSPECIFIED.);
#1102=B_SPLINE_CURVE_WITH_KNOTS('',3,(#6319,#6320,#6321,#6322,#6323,#6324,
#6325),.UNSPECIFIED.,.F.,.F.,(4,3,4),(0.,1.,2.),.UNSPECIFIED.);
#1103=B_SPLINE_CURVE_WITH_KNOTS('',3,(#6327,#6328,#6329,#6330,#6331,#6332,
#6333),.UNSPECIFIED.,.F.,.F.,(4,3,4),(0.,1.,2.),.UNSPECIFIED.);
#1104=B_SPLINE_CURVE_WITH_KNOTS('',3,(#6341,#6342,#6343,#6344,#6345,#6346,
#6347),.UNSPECIFIED.,.F.,.F.,(4,3,4),(0.,1.,2.),.UNSPECIFIED.);
#1105=B_SPLINE_CURVE_WITH_KNOTS('',3,(#6349,#6350,#6351,#6352,#6353,#6354,
#6355),.UNSPECIFIED.,.F.,.F.,(4,3,4),(0.,1.,2.),.UNSPECIFIED.);
#1106=B_SPLINE_CURVE_WITH_KNOTS('',3,(#6357,#6358,#6359,#6360,#6361,#6362,
#6363),.UNSPECIFIED.,.F.,.F.,(4,3,4),(0.,1.,2.),.UNSPECIFIED.);
#1107=B_SPLINE_CURVE_WITH_KNOTS('',3,(#6365,#6366,#6367,#6368,#6369,#6370,
#6371),.UNSPECIFIED.,.F.,.F.,(4,3,4),(0.,1.,2.),.UNSPECIFIED.);
#1108=B_SPLINE_CURVE_WITH_KNOTS('',3,(#6373,#6374,#6375,#6376,#6377,#6378,
#6379),.UNSPECIFIED.,.F.,.F.,(4,3,4),(0.,1.,2.),.UNSPECIFIED.);
#1109=B_SPLINE_CURVE_WITH_KNOTS('',3,(#6385,#6386,#6387,#6388,#6389,#6390,
#6391),.UNSPECIFIED.,.F.,.F.,(4,3,4),(0.,1.,2.),.UNSPECIFIED.);
#1110=B_SPLINE_CURVE_WITH_KNOTS('',3,(#6393,#6394,#6395,#6396,#6397,#6398,
#6399),.UNSPECIFIED.,.F.,.F.,(4,3,4),(0.,1.,2.),.UNSPECIFIED.);
#1111=B_SPLINE_CURVE_WITH_KNOTS('',3,(#6400,#6401,#6402,#6403,#6404,#6405,
#6406,#6407,#6408,#6409),.UNSPECIFIED.,.F.,.F.,(4,3,3,4),(0.,1.,1.86770528237073,
2.),.UNSPECIFIED.);
#1112=B_SPLINE_CURVE_WITH_KNOTS('',3,(#6413,#6414,#6415,#6416,#6417,#6418,
#6419,#6420,#6421,#6422,#6423,#6424,#6425),.UNSPECIFIED.,.F.,.F.,(4,3,3,
3,4),(0.,0.745567277563986,1.,1.61659177632618,2.),.UNSPECIFIED.);
#1113=B_SPLINE_CURVE_WITH_KNOTS('',3,(#6427,#6428,#6429,#6430,#6431,#6432,
#6433),.UNSPECIFIED.,.F.,.F.,(4,3,4),(0.,1.,2.),.UNSPECIFIED.);
#1114=B_SPLINE_CURVE_WITH_KNOTS('',3,(#6435,#6436,#6437,#6438,#6439,#6440,
#6441),.UNSPECIFIED.,.F.,.F.,(4,3,4),(0.,1.,2.),.UNSPECIFIED.);
#1115=B_SPLINE_CURVE_WITH_KNOTS('',3,(#6443,#6444,#6445,#6446,#6447,#6448,
#6449),.UNSPECIFIED.,.F.,.F.,(4,3,4),(0.,1.,2.),.UNSPECIFIED.);
#1116=B_SPLINE_CURVE_WITH_KNOTS('',3,(#6451,#6452,#6453,#6454,#6455,#6456,
#6457),.UNSPECIFIED.,.F.,.F.,(4,3,4),(0.,1.,2.),.UNSPECIFIED.);
#1117=B_SPLINE_CURVE_WITH_KNOTS('',3,(#6463,#6464,#6465,#6466,#6467,#6468,
#6469),.UNSPECIFIED.,.F.,.F.,(4,3,4),(0.,1.,2.),.UNSPECIFIED.);
#1118=B_SPLINE_CURVE_WITH_KNOTS('',3,(#6471,#6472,#6473,#6474,#6475,#6476,
#6477),.UNSPECIFIED.,.F.,.F.,(4,3,4),(0.,1.,2.),.UNSPECIFIED.);
#1119=B_SPLINE_CURVE_WITH_KNOTS('',3,(#6479,#6480,#6481,#6482,#6483,#6484,
#6485),.UNSPECIFIED.,.F.,.F.,(4,3,4),(0.,1.,2.),.UNSPECIFIED.);
#1120=B_SPLINE_CURVE_WITH_KNOTS('',3,(#6487,#6488,#6489,#6490,#6491,#6492,
#6493),.UNSPECIFIED.,.F.,.F.,(4,3,4),(0.,1.,2.),.UNSPECIFIED.);
#1121=B_SPLINE_CURVE_WITH_KNOTS('',3,(#6495,#6496,#6497,#6498,#6499,#6500,
#6501),.UNSPECIFIED.,.F.,.F.,(4,3,4),(0.,1.,2.),.UNSPECIFIED.);
#1122=B_SPLINE_CURVE_WITH_KNOTS('',3,(#6502,#6503,#6504,#6505,#6506,#6507,
#6508,#6509,#6510,#6511,#6512,#6513,#6514,#6515,#6516,#6517),
 .UNSPECIFIED.,.F.,.F.,(4,3,3,3,3,4),(0.,0.5,1.,1.36769457027146,1.73544131514433,
2.),.UNSPECIFIED.);
#1123=B_SPLINE_CURVE_WITH_KNOTS('',3,(#6520,#6521,#6522,#6523,#6524,#6525,
#6526),.UNSPECIFIED.,.F.,.F.,(4,3,4),(0.,1.,2.),.UNSPECIFIED.);
#1124=B_SPLINE_CURVE_WITH_KNOTS('',3,(#6528,#6529,#6530,#6531,#6532,#6533,
#6534),.UNSPECIFIED.,.F.,.F.,(4,3,4),(-2.,-1.,0.),.UNSPECIFIED.);
#1125=B_SPLINE_CURVE_WITH_KNOTS('',3,(#6536,#6537,#6538,#6539,#6540,#6541,
#6542,#6543,#6544,#6545,#6546,#6547,#6548),.UNSPECIFIED.,.F.,.F.,(4,3,3,
3,4),(0.,0.631384858448755,1.,1.73391318525917,2.),.UNSPECIFIED.);
#1126=B_SPLINE_CURVE_WITH_KNOTS('',3,(#6550,#6551,#6552,#6553,#6554,#6555,
#6556),.UNSPECIFIED.,.F.,.F.,(4,3,4),(0.,1.,2.),.UNSPECIFIED.);
#1127=B_SPLINE_CURVE_WITH_KNOTS('',3,(#6558,#6559,#6560,#6561,#6562,#6563,
#6564),.UNSPECIFIED.,.F.,.F.,(4,3,4),(0.,1.,2.),.UNSPECIFIED.);
#1128=B_SPLINE_CURVE_WITH_KNOTS('',3,(#6566,#6567,#6568,#6569,#6570,#6571,
#6572),.UNSPECIFIED.,.F.,.F.,(4,3,4),(0.,1.,2.),.UNSPECIFIED.);
#1129=B_SPLINE_CURVE_WITH_KNOTS('',3,(#6574,#6575,#6576,#6577,#6578,#6579,
#6580,#6581,#6582,#6583),.UNSPECIFIED.,.F.,.F.,(4,3,3,4),(0.,0.898642311350975,
1.,2.),.UNSPECIFIED.);
#1130=B_SPLINE_CURVE_WITH_KNOTS('',3,(#6584,#6585,#6586,#6587,#6588,#6589,
#6590,#6591,#6592,#6593),.UNSPECIFIED.,.F.,.F.,(4,3,3,4),(0.,1.,1.6865054018879,
2.),.UNSPECIFIED.);
#1131=B_SPLINE_CURVE_WITH_KNOTS('',3,(#6597,#6598,#6599,#6600,#6601,#6602,
#6603),.UNSPECIFIED.,.F.,.F.,(4,3,4),(0.,0.0889387653088918,0.100076221003447),
 .UNSPECIFIED.);
#1132=B_SPLINE_CURVE_WITH_KNOTS('',3,(#6607,#6608,#6609,#6610),
 .UNSPECIFIED.,.F.,.F.,(4,4),(0.,0.035365854185529),.UNSPECIFIED.);
#1133=B_SPLINE_CURVE_WITH_KNOTS('',3,(#6612,#6613,#6614,#6615),
 .UNSPECIFIED.,.F.,.F.,(4,4),(0.,1.),.UNSPECIFIED.);
#1134=B_SPLINE_CURVE_WITH_KNOTS('',3,(#6617,#6618,#6619,#6620,#6621,#6622,
#6623),.UNSPECIFIED.,.F.,.F.,(4,3,4),(0.,1.,2.),.UNSPECIFIED.);
#1135=B_SPLINE_CURVE_WITH_KNOTS('',3,(#6625,#6626,#6627,#6628),
 .UNSPECIFIED.,.F.,.F.,(4,4),(0.,0.00678353668644838),.UNSPECIFIED.);
#1136=B_SPLINE_CURVE_WITH_KNOTS('',3,(#6632,#6633,#6634,#6635),
 .UNSPECIFIED.,.F.,.F.,(4,4),(0.,0.072484757177668),.UNSPECIFIED.);
#1137=B_SPLINE_CURVE_WITH_KNOTS('',3,(#6639,#6640,#6641,#6642),
 .UNSPECIFIED.,.F.,.F.,(4,4),(0.,0.0379573176387789),.UNSPECIFIED.);
#1138=B_SPLINE_CURVE_WITH_KNOTS('',3,(#6644,#6645,#6646,#6647,#6648,#6649,
#6650),.UNSPECIFIED.,.F.,.F.,(4,3,4),(0.,1.,2.),.UNSPECIFIED.);
#1139=B_SPLINE_CURVE_WITH_KNOTS('',3,(#6652,#6653,#6654,#6655,#6656,#6657,
#6658),.UNSPECIFIED.,.F.,.F.,(4,3,4),(0.,1.,2.),.UNSPECIFIED.);
#1140=B_SPLINE_CURVE_WITH_KNOTS('',3,(#6660,#6661,#6662,#6663),
 .UNSPECIFIED.,.F.,.F.,(4,4),(0.,1.),.UNSPECIFIED.);
#1141=B_SPLINE_CURVE_WITH_KNOTS('',3,(#6665,#6666,#6667,#6668),
 .UNSPECIFIED.,.F.,.F.,(4,4),(0.,0.00221036588659551),.UNSPECIFIED.);
#1142=B_SPLINE_CURVE_WITH_KNOTS('',3,(#6670,#6671,#6672,#6673),
 .UNSPECIFIED.,.F.,.F.,(4,4),(0.,0.0335365858655877),.UNSPECIFIED.);
#1143=B_SPLINE_CURVE_WITH_KNOTS('',3,(#6678,#6679,#6680,#6681,#6682,#6683,
#6684,#6685,#6686,#6687,#6688,#6689,#6690),.UNSPECIFIED.,.F.,.F.,(4,3,3,
3,4),(0.,0.66262237247432,1.,1.68581185415985,2.),.UNSPECIFIED.);
#1144=B_SPLINE_CURVE_WITH_KNOTS('',3,(#6692,#6693,#6694,#6695,#6696,#6697,
#6698),.UNSPECIFIED.,.F.,.F.,(4,3,4),(0.,1.,2.),.UNSPECIFIED.);
#1145=B_SPLINE_CURVE_WITH_KNOTS('',3,(#6700,#6701,#6702,#6703,#6704,#6705,
#6706),.UNSPECIFIED.,.F.,.F.,(4,3,4),(0.,1.,2.),.UNSPECIFIED.);
#1146=B_SPLINE_CURVE_WITH_KNOTS('',3,(#6708,#6709,#6710,#6711,#6712,#6713,
#6714),.UNSPECIFIED.,.F.,.F.,(4,3,4),(0.,1.,2.),.UNSPECIFIED.);
#1147=B_SPLINE_CURVE_WITH_KNOTS('',3,(#6716,#6717,#6718,#6719,#6720,#6721,
#6722),.UNSPECIFIED.,.F.,.F.,(4,3,4),(0.,1.,2.),.UNSPECIFIED.);
#1148=B_SPLINE_CURVE_WITH_KNOTS('',3,(#6724,#6725,#6726,#6727,#6728,#6729,
#6730),.UNSPECIFIED.,.F.,.F.,(4,3,4),(0.,1.,2.),.UNSPECIFIED.);
#1149=B_SPLINE_CURVE_WITH_KNOTS('',3,(#6732,#6733,#6734,#6735,#6736,#6737,
#6738),.UNSPECIFIED.,.F.,.F.,(4,3,4),(0.,1.,2.),.UNSPECIFIED.);
#1150=B_SPLINE_CURVE_WITH_KNOTS('',3,(#6739,#6740,#6741,#6742,#6743,#6744,
#6745,#6746,#6747,#6748,#6749,#6750,#6751),.UNSPECIFIED.,.F.,.F.,(4,3,3,
3,4),(0.,0.646847217418314,1.,1.65838210252171,2.),.UNSPECIFIED.);
#1151=B_SPLINE_CURVE_WITH_KNOTS('',3,(#6754,#6755,#6756,#6757,#6758,#6759,
#6760,#6761,#6762,#6763,#6764,#6765,#6766,#6767,#6768,#6769,#6770,#6771,
#6772),.UNSPECIFIED.,.F.,.F.,(4,3,3,3,3,3,4),(0.,0.424920711115751,0.849813988751611,
1.,1.35707255763333,1.71361657961568,2.),.UNSPECIFIED.);
#1152=B_SPLINE_CURVE_WITH_KNOTS('',3,(#6774,#6775,#6776,#6777,#6778,#6779,
#6780,#6781,#6782,#6783,#6784,#6785,#6786,#6787,#6788,#6789,#6790,#6791,
#6792),.UNSPECIFIED.,.F.,.F.,(4,3,3,3,3,3,4),(-2.,-1.57507971380389,-1.15018686102422,
-1.,-0.641578976438239,-0.283689011034776,0.),.UNSPECIFIED.);
#1153=B_SPLINE_CURVE_WITH_KNOTS('',3,(#6794,#6795,#6796,#6797,#6798,#6799,
#6800,#6801,#6802,#6803,#6804,#6805,#6806,#6807,#6808,#6809,#6810,#6811,
#6812),.UNSPECIFIED.,.F.,.F.,(4,3,3,3,3,3,4),(0.,0.42835216873101,0.856677272641746,
1.,1.35119272116642,1.70188190925318,2.),.UNSPECIFIED.);
#1154=B_SPLINE_CURVE_WITH_KNOTS('',3,(#6813,#6814,#6815,#6816,#6817,#6818,
#6819,#6820,#6821,#6822,#6823,#6824,#6825,#6826,#6827,#6828,#6829,#6830,
#6831),.UNSPECIFIED.,.F.,.F.,(4,3,3,3,3,3,4),(0.,0.351811738646621,0.70423802006914,
1.,1.42831867328319,1.85667062772282,2.),.UNSPECIFIED.);
#1155=B_SPLINE_CURVE_WITH_KNOTS('',3,(#6839,#6840,#6841,#6842,#6843,#6844,
#6845),.UNSPECIFIED.,.F.,.F.,(4,3,4),(0.,1.,2.),.UNSPECIFIED.);
#1156=B_SPLINE_CURVE_WITH_KNOTS('',3,(#6847,#6848,#6849,#6850,#6851,#6852,
#6853),.UNSPECIFIED.,.F.,.F.,(4,3,4),(0.,1.,2.),.UNSPECIFIED.);
#1157=B_SPLINE_CURVE_WITH_KNOTS('',3,(#6855,#6856,#6857,#6858,#6859,#6860,
#6861),.UNSPECIFIED.,.F.,.F.,(4,3,4),(0.,1.,2.),.UNSPECIFIED.);
#1158=B_SPLINE_CURVE_WITH_KNOTS('',3,(#6863,#6864,#6865,#6866,#6867,#6868,
#6869),.UNSPECIFIED.,.F.,.F.,(4,3,4),(0.,1.,2.),.UNSPECIFIED.);
#1159=B_SPLINE_CURVE_WITH_KNOTS('',3,(#6875,#6876,#6877,#6878,#6879,#6880,
#6881),.UNSPECIFIED.,.F.,.F.,(4,3,4),(0.,1.,2.),.UNSPECIFIED.);
#1160=B_SPLINE_CURVE_WITH_KNOTS('',3,(#6883,#6884,#6885,#6886,#6887,#6888,
#6889),.UNSPECIFIED.,.F.,.F.,(4,3,4),(0.,1.,2.),.UNSPECIFIED.);
#1161=B_SPLINE_CURVE_WITH_KNOTS('',3,(#6891,#6892,#6893,#6894,#6895,#6896,
#6897),.UNSPECIFIED.,.F.,.F.,(4,3,4),(0.,1.,2.),.UNSPECIFIED.);
#1162=B_SPLINE_CURVE_WITH_KNOTS('',3,(#6899,#6900,#6901,#6902,#6903,#6904,
#6905),.UNSPECIFIED.,.F.,.F.,(4,3,4),(0.,1.,2.),.UNSPECIFIED.);
#1163=B_SPLINE_CURVE_WITH_KNOTS('',3,(#6907,#6908,#6909,#6910,#6911,#6912,
#6913),.UNSPECIFIED.,.F.,.F.,(4,3,4),(0.,1.,2.),.UNSPECIFIED.);
#1164=B_SPLINE_CURVE_WITH_KNOTS('',3,(#6920,#6921,#6922,#6923,#6924,#6925,
#6926,#6927,#6928,#6929,#6930,#6931,#6932),.UNSPECIFIED.,.F.,.F.,(4,3,3,
3,4),(0.,0.94490797310901,1.,1.94409332514737,2.),.UNSPECIFIED.);
#1165=B_SPLINE_CURVE_WITH_KNOTS('',3,(#6934,#6935,#6936,#6937,#6938,#6939,
#6940),.UNSPECIFIED.,.F.,.F.,(4,3,4),(0.,1.,2.),.UNSPECIFIED.);
#1166=B_SPLINE_CURVE_WITH_KNOTS('',3,(#6944,#6945,#6946,#6947,#6948,#6949,
#6950),.UNSPECIFIED.,.F.,.F.,(4,3,4),(0.,1.,2.),.UNSPECIFIED.);
#1167=B_SPLINE_CURVE_WITH_KNOTS('',3,(#6952,#6953,#6954,#6955,#6956,#6957,
#6958),.UNSPECIFIED.,.F.,.F.,(4,3,4),(0.,1.,2.),.UNSPECIFIED.);
#1168=B_SPLINE_CURVE_WITH_KNOTS('',3,(#6960,#6961,#6962,#6963,#6964,#6965,
#6966),.UNSPECIFIED.,.F.,.F.,(4,3,4),(0.,1.,2.),.UNSPECIFIED.);
#1169=B_SPLINE_CURVE_WITH_KNOTS('',3,(#6968,#6969,#6970,#6971,#6972,#6973,
#6974),.UNSPECIFIED.,.F.,.F.,(4,3,4),(0.,1.,2.),.UNSPECIFIED.);
#1170=B_SPLINE_CURVE_WITH_KNOTS('',3,(#6980,#6981,#6982,#6983,#6984,#6985,
#6986),.UNSPECIFIED.,.F.,.F.,(4,3,4),(0.,1.,2.),.UNSPECIFIED.);
#1171=B_SPLINE_CURVE_WITH_KNOTS('',3,(#6988,#6989,#6990,#6991,#6992,#6993,
#6994),.UNSPECIFIED.,.F.,.F.,(4,3,4),(0.,1.,2.),.UNSPECIFIED.);
#1172=B_SPLINE_CURVE_WITH_KNOTS('',3,(#6996,#6997,#6998,#6999,#7000,#7001,
#7002),.UNSPECIFIED.,.F.,.F.,(4,3,4),(0.,1.,2.),.UNSPECIFIED.);
#1173=B_SPLINE_CURVE_WITH_KNOTS('',3,(#7004,#7005,#7006,#7007,#7008,#7009,
#7010),.UNSPECIFIED.,.F.,.F.,(4,3,4),(0.,1.,2.),.UNSPECIFIED.);
#1174=B_SPLINE_CURVE_WITH_KNOTS('',3,(#7012,#7013,#7014,#7015,#7016,#7017,
#7018),.UNSPECIFIED.,.F.,.F.,(4,3,4),(0.,1.,2.),.UNSPECIFIED.);
#1175=B_SPLINE_CURVE_WITH_KNOTS('',3,(#7020,#7021,#7022,#7023,#7024,#7025,
#7026),.UNSPECIFIED.,.F.,.F.,(4,3,4),(0.,1.,2.),.UNSPECIFIED.);
#1176=B_SPLINE_CURVE_WITH_KNOTS('',3,(#7034,#7035,#7036,#7037,#7038,#7039,
#7040),.UNSPECIFIED.,.F.,.F.,(4,3,4),(0.,1.,2.),.UNSPECIFIED.);
#1177=B_SPLINE_CURVE_WITH_KNOTS('',3,(#7042,#7043,#7044,#7045,#7046,#7047,
#7048),.UNSPECIFIED.,.F.,.F.,(4,3,4),(0.,1.,2.),.UNSPECIFIED.);
#1178=B_SPLINE_CURVE_WITH_KNOTS('',3,(#7050,#7051,#7052,#7053,#7054,#7055,
#7056),.UNSPECIFIED.,.F.,.F.,(4,3,4),(0.,1.,2.),.UNSPECIFIED.);
#1179=B_SPLINE_CURVE_WITH_KNOTS('',3,(#7058,#7059,#7060,#7061,#7062,#7063,
#7064),.UNSPECIFIED.,.F.,.F.,(4,3,4),(0.,1.,2.),.UNSPECIFIED.);
#1180=B_SPLINE_CURVE_WITH_KNOTS('',3,(#7066,#7067,#7068,#7069,#7070,#7071,
#7072),.UNSPECIFIED.,.F.,.F.,(4,3,4),(0.,1.,2.),.UNSPECIFIED.);
#1181=B_SPLINE_CURVE_WITH_KNOTS('',3,(#7078,#7079,#7080,#7081,#7082,#7083,
#7084),.UNSPECIFIED.,.F.,.F.,(4,3,4),(0.,1.,2.),.UNSPECIFIED.);
#1182=B_SPLINE_CURVE_WITH_KNOTS('',3,(#7086,#7087,#7088,#7089,#7090,#7091,
#7092),.UNSPECIFIED.,.F.,.F.,(4,3,4),(0.,1.,2.),.UNSPECIFIED.);
#1183=B_SPLINE_CURVE_WITH_KNOTS('',3,(#7093,#7094,#7095,#7096,#7097,#7098,
#7099,#7100,#7101,#7102),.UNSPECIFIED.,.F.,.F.,(4,3,3,4),(0.,1.,1.86770528237076,
2.),.UNSPECIFIED.);
#1184=B_SPLINE_CURVE_WITH_KNOTS('',3,(#7106,#7107,#7108,#7109,#7110,#7111,
#7112,#7113,#7114,#7115,#7116,#7117,#7118),.UNSPECIFIED.,.F.,.F.,(4,3,3,
3,4),(0.,0.745567277563986,1.,1.61659177632616,2.),.UNSPECIFIED.);
#1185=B_SPLINE_CURVE_WITH_KNOTS('',3,(#7120,#7121,#7122,#7123,#7124,#7125,
#7126),.UNSPECIFIED.,.F.,.F.,(4,3,4),(0.,1.,2.),.UNSPECIFIED.);
#1186=B_SPLINE_CURVE_WITH_KNOTS('',3,(#7128,#7129,#7130,#7131,#7132,#7133,
#7134),.UNSPECIFIED.,.F.,.F.,(4,3,4),(0.,1.,2.),.UNSPECIFIED.);
#1187=B_SPLINE_CURVE_WITH_KNOTS('',3,(#7136,#7137,#7138,#7139,#7140,#7141,
#7142),.UNSPECIFIED.,.F.,.F.,(4,3,4),(0.,1.,2.),.UNSPECIFIED.);
#1188=B_SPLINE_CURVE_WITH_KNOTS('',3,(#7144,#7145,#7146,#7147,#7148,#7149,
#7150),.UNSPECIFIED.,.F.,.F.,(4,3,4),(0.,1.,2.),.UNSPECIFIED.);
#1189=B_SPLINE_CURVE_WITH_KNOTS('',3,(#7156,#7157,#7158,#7159,#7160,#7161,
#7162),.UNSPECIFIED.,.F.,.F.,(4,3,4),(0.,1.,2.),.UNSPECIFIED.);
#1190=B_SPLINE_CURVE_WITH_KNOTS('',3,(#7164,#7165,#7166,#7167,#7168,#7169,
#7170),.UNSPECIFIED.,.F.,.F.,(4,3,4),(0.,1.,2.),.UNSPECIFIED.);
#1191=B_SPLINE_CURVE_WITH_KNOTS('',3,(#7172,#7173,#7174,#7175,#7176,#7177,
#7178),.UNSPECIFIED.,.F.,.F.,(4,3,4),(0.,1.,2.),.UNSPECIFIED.);
#1192=B_SPLINE_CURVE_WITH_KNOTS('',3,(#7180,#7181,#7182,#7183,#7184,#7185,
#7186),.UNSPECIFIED.,.F.,.F.,(4,3,4),(0.,1.,2.),.UNSPECIFIED.);
#1193=B_SPLINE_CURVE_WITH_KNOTS('',3,(#7188,#7189,#7190,#7191,#7192,#7193,
#7194),.UNSPECIFIED.,.F.,.F.,(4,3,4),(0.,1.,2.),.UNSPECIFIED.);
#1194=B_SPLINE_CURVE_WITH_KNOTS('',3,(#7195,#7196,#7197,#7198,#7199,#7200,
#7201,#7202,#7203,#7204,#7205,#7206,#7207,#7208,#7209,#7210),
 .UNSPECIFIED.,.F.,.F.,(4,3,3,3,3,4),(0.,0.5,1.,1.36769457027146,1.73544131514432,
2.),.UNSPECIFIED.);
#1195=B_SPLINE_CURVE_WITH_KNOTS('',3,(#7213,#7214,#7215,#7216,#7217,#7218,
#7219),.UNSPECIFIED.,.F.,.F.,(4,3,4),(0.,1.,2.),.UNSPECIFIED.);
#1196=B_SPLINE_CURVE_WITH_KNOTS('',3,(#7221,#7222,#7223,#7224,#7225,#7226,
#7227),.UNSPECIFIED.,.F.,.F.,(4,3,4),(-2.,-1.,0.),.UNSPECIFIED.);
#1197=B_SPLINE_CURVE_WITH_KNOTS('',3,(#7229,#7230,#7231,#7232,#7233,#7234,
#7235,#7236,#7237,#7238,#7239,#7240,#7241),.UNSPECIFIED.,.F.,.F.,(4,3,3,
3,4),(0.,0.631384858448759,1.,1.73391318525916,2.),.UNSPECIFIED.);
#1198=B_SPLINE_CURVE_WITH_KNOTS('',3,(#7243,#7244,#7245,#7246,#7247,#7248,
#7249),.UNSPECIFIED.,.F.,.F.,(4,3,4),(0.,1.,2.),.UNSPECIFIED.);
#1199=B_SPLINE_CURVE_WITH_KNOTS('',3,(#7251,#7252,#7253,#7254,#7255,#7256,
#7257),.UNSPECIFIED.,.F.,.F.,(4,3,4),(0.,1.,2.),.UNSPECIFIED.);
#1200=B_SPLINE_CURVE_WITH_KNOTS('',3,(#7259,#7260,#7261,#7262,#7263,#7264,
#7265),.UNSPECIFIED.,.F.,.F.,(4,3,4),(0.,1.,2.),.UNSPECIFIED.);
#1201=B_SPLINE_CURVE_WITH_KNOTS('',3,(#7267,#7268,#7269,#7270,#7271,#7272,
#7273,#7274,#7275,#7276),.UNSPECIFIED.,.F.,.F.,(4,3,3,4),(0.,0.89864231135103,
1.,2.),.UNSPECIFIED.);
#1202=B_SPLINE_CURVE_WITH_KNOTS('',3,(#7277,#7278,#7279,#7280,#7281,#7282,
#7283,#7284,#7285,#7286),.UNSPECIFIED.,.F.,.F.,(4,3,3,4),(0.,1.,1.68650540188787,
2.),.UNSPECIFIED.);
#1203=B_SPLINE_CURVE_WITH_KNOTS('',3,(#7290,#7291,#7292,#7293,#7294,#7295,
#7296),.UNSPECIFIED.,.F.,.F.,(4,3,4),(0.,0.0889387653088895,0.100076221003447),
 .UNSPECIFIED.);
#1204=B_SPLINE_CURVE_WITH_KNOTS('',3,(#7300,#7301,#7302,#7303),
 .UNSPECIFIED.,.F.,.F.,(4,4),(0.,0.0353658541855288),.UNSPECIFIED.);
#1205=B_SPLINE_CURVE_WITH_KNOTS('',3,(#7305,#7306,#7307,#7308),
 .UNSPECIFIED.,.F.,.F.,(4,4),(0.,1.),.UNSPECIFIED.);
#1206=B_SPLINE_CURVE_WITH_KNOTS('',3,(#7310,#7311,#7312,#7313,#7314,#7315,
#7316),.UNSPECIFIED.,.F.,.F.,(4,3,4),(0.,1.,2.),.UNSPECIFIED.);
#1207=B_SPLINE_CURVE_WITH_KNOTS('',3,(#7318,#7319,#7320,#7321),
 .UNSPECIFIED.,.F.,.F.,(4,4),(0.,0.00678353668644838),.UNSPECIFIED.);
#1208=B_SPLINE_CURVE_WITH_KNOTS('',3,(#7325,#7326,#7327,#7328),
 .UNSPECIFIED.,.F.,.F.,(4,4),(0.,0.072484757177668),.UNSPECIFIED.);
#1209=B_SPLINE_CURVE_WITH_KNOTS('',3,(#7332,#7333,#7334,#7335),
 .UNSPECIFIED.,.F.,.F.,(4,4),(0.,0.0379573176387789),.UNSPECIFIED.);
#1210=B_SPLINE_CURVE_WITH_KNOTS('',3,(#7337,#7338,#7339,#7340,#7341,#7342,
#7343),.UNSPECIFIED.,.F.,.F.,(4,3,4),(0.,1.,2.),.UNSPECIFIED.);
#1211=B_SPLINE_CURVE_WITH_KNOTS('',3,(#7345,#7346,#7347,#7348,#7349,#7350,
#7351),.UNSPECIFIED.,.F.,.F.,(4,3,4),(0.,1.,2.),.UNSPECIFIED.);
#1212=B_SPLINE_CURVE_WITH_KNOTS('',3,(#7353,#7354,#7355,#7356),
 .UNSPECIFIED.,.F.,.F.,(4,4),(0.,1.),.UNSPECIFIED.);
#1213=B_SPLINE_CURVE_WITH_KNOTS('',3,(#7358,#7359,#7360,#7361),
 .UNSPECIFIED.,.F.,.F.,(4,4),(0.,0.00221036588659551),.UNSPECIFIED.);
#1214=B_SPLINE_CURVE_WITH_KNOTS('',3,(#7363,#7364,#7365,#7366),
 .UNSPECIFIED.,.F.,.F.,(4,4),(0.,0.0335365858655877),.UNSPECIFIED.);
#1215=B_SPLINE_CURVE_WITH_KNOTS('',3,(#7371,#7372,#7373,#7374,#7375,#7376,
#7377,#7378,#7379,#7380,#7381,#7382,#7383),.UNSPECIFIED.,.F.,.F.,(4,3,3,
3,4),(0.,0.662622372474332,1.,1.68581185415988,2.),.UNSPECIFIED.);
#1216=B_SPLINE_CURVE_WITH_KNOTS('',3,(#7385,#7386,#7387,#7388,#7389,#7390,
#7391),.UNSPECIFIED.,.F.,.F.,(4,3,4),(0.,1.,2.),.UNSPECIFIED.);
#1217=B_SPLINE_CURVE_WITH_KNOTS('',3,(#7393,#7394,#7395,#7396,#7397,#7398,
#7399),.UNSPECIFIED.,.F.,.F.,(4,3,4),(0.,1.,2.),.UNSPECIFIED.);
#1218=B_SPLINE_CURVE_WITH_KNOTS('',3,(#7401,#7402,#7403,#7404,#7405,#7406,
#7407),.UNSPECIFIED.,.F.,.F.,(4,3,4),(0.,1.,2.),.UNSPECIFIED.);
#1219=B_SPLINE_CURVE_WITH_KNOTS('',3,(#7409,#7410,#7411,#7412,#7413,#7414,
#7415),.UNSPECIFIED.,.F.,.F.,(4,3,4),(0.,1.,2.),.UNSPECIFIED.);
#1220=B_SPLINE_CURVE_WITH_KNOTS('',3,(#7417,#7418,#7419,#7420,#7421,#7422,
#7423),.UNSPECIFIED.,.F.,.F.,(4,3,4),(0.,1.,2.),.UNSPECIFIED.);
#1221=B_SPLINE_CURVE_WITH_KNOTS('',3,(#7425,#7426,#7427,#7428,#7429,#7430,
#7431),.UNSPECIFIED.,.F.,.F.,(4,3,4),(0.,1.,2.),.UNSPECIFIED.);
#1222=B_SPLINE_CURVE_WITH_KNOTS('',3,(#7432,#7433,#7434,#7435,#7436,#7437,
#7438,#7439,#7440,#7441,#7442,#7443,#7444),.UNSPECIFIED.,.F.,.F.,(4,3,3,
3,4),(0.,0.646847217418308,1.,1.65838210252173,2.),.UNSPECIFIED.);
#1223=B_SPLINE_CURVE_WITH_KNOTS('',3,(#7447,#7448,#7449,#7450,#7451,#7452,
#7453,#7454,#7455,#7456,#7457,#7458,#7459,#7460,#7461,#7462,#7463,#7464,
#7465),.UNSPECIFIED.,.F.,.F.,(4,3,3,3,3,3,4),(0.,0.424920711115763,0.849813988751643,
1.,1.35707255763329,1.71361657961564,2.),.UNSPECIFIED.);
#1224=B_SPLINE_CURVE_WITH_KNOTS('',3,(#7467,#7468,#7469,#7470,#7471,#7472,
#7473,#7474,#7475,#7476,#7477,#7478,#7479,#7480,#7481,#7482,#7483,#7484,
#7485),.UNSPECIFIED.,.F.,.F.,(4,3,3,3,3,3,4),(-2.,-1.57507971380389,-1.15018686102422,
-1.,-0.641578976438285,-0.28368901103481,0.),.UNSPECIFIED.);
#1225=B_SPLINE_CURVE_WITH_KNOTS('',3,(#7487,#7488,#7489,#7490,#7491,#7492,
#7493,#7494,#7495,#7496,#7497,#7498,#7499,#7500,#7501,#7502,#7503,#7504,
#7505),.UNSPECIFIED.,.F.,.F.,(4,3,3,3,3,3,4),(0.,0.428352168730992,0.856677272641721,
1.,1.35119272116641,1.70188190925312,2.),.UNSPECIFIED.);
#1226=B_SPLINE_CURVE_WITH_KNOTS('',3,(#7506,#7507,#7508,#7509,#7510,#7511,
#7512,#7513,#7514,#7515,#7516,#7517,#7518,#7519,#7520,#7521,#7522,#7523,
#7524),.UNSPECIFIED.,.F.,.F.,(4,3,3,3,3,3,4),(0.,0.35181173864683,0.704238020069341,
1.,1.42831867328319,1.85667062772281,2.),.UNSPECIFIED.);
#1227=B_SPLINE_CURVE_WITH_KNOTS('',3,(#7532,#7533,#7534,#7535,#7536,#7537,
#7538),.UNSPECIFIED.,.F.,.F.,(4,3,4),(0.,1.,2.),.UNSPECIFIED.);
#1228=B_SPLINE_CURVE_WITH_KNOTS('',3,(#7540,#7541,#7542,#7543,#7544,#7545,
#7546),.UNSPECIFIED.,.F.,.F.,(4,3,4),(0.,1.,2.),.UNSPECIFIED.);
#1229=B_SPLINE_CURVE_WITH_KNOTS('',3,(#7548,#7549,#7550,#7551,#7552,#7553,
#7554),.UNSPECIFIED.,.F.,.F.,(4,3,4),(0.,1.,2.),.UNSPECIFIED.);
#1230=B_SPLINE_CURVE_WITH_KNOTS('',3,(#7556,#7557,#7558,#7559,#7560,#7561,
#7562),.UNSPECIFIED.,.F.,.F.,(4,3,4),(0.,1.,2.),.UNSPECIFIED.);
#1231=B_SPLINE_CURVE_WITH_KNOTS('',3,(#7568,#7569,#7570,#7571,#7572,#7573,
#7574),.UNSPECIFIED.,.F.,.F.,(4,3,4),(0.,1.,2.),.UNSPECIFIED.);
#1232=B_SPLINE_CURVE_WITH_KNOTS('',3,(#7576,#7577,#7578,#7579,#7580,#7581,
#7582),.UNSPECIFIED.,.F.,.F.,(4,3,4),(0.,1.,2.),.UNSPECIFIED.);
#1233=B_SPLINE_CURVE_WITH_KNOTS('',3,(#7584,#7585,#7586,#7587,#7588,#7589,
#7590),.UNSPECIFIED.,.F.,.F.,(4,3,4),(0.,1.,2.),.UNSPECIFIED.);
#1234=B_SPLINE_CURVE_WITH_KNOTS('',3,(#7592,#7593,#7594,#7595,#7596,#7597,
#7598),.UNSPECIFIED.,.F.,.F.,(4,3,4),(0.,1.,2.),.UNSPECIFIED.);
#1235=B_SPLINE_CURVE_WITH_KNOTS('',3,(#7600,#7601,#7602,#7603,#7604,#7605,
#7606),.UNSPECIFIED.,.F.,.F.,(4,3,4),(0.,1.,2.),.UNSPECIFIED.);
#1236=B_SPLINE_CURVE_WITH_KNOTS('',3,(#7617,#7618,#7619,#7620,#7621,#7622,
#7623),.UNSPECIFIED.,.F.,.F.,(4,3,4),(0.,1.,2.),.UNSPECIFIED.);
#1237=B_SPLINE_CURVE_WITH_KNOTS('',3,(#7625,#7626,#7627,#7628,#7629,#7630,
#7631),.UNSPECIFIED.,.F.,.F.,(4,3,4),(0.,1.,2.),.UNSPECIFIED.);
#1238=B_SPLINE_CURVE_WITH_KNOTS('',3,(#7633,#7634,#7635,#7636,#7637,#7638,
#7639),.UNSPECIFIED.,.F.,.F.,(4,3,4),(0.,1.,2.),.UNSPECIFIED.);
#1239=B_SPLINE_CURVE_WITH_KNOTS('',3,(#7641,#7642,#7643,#7644,#7645,#7646,
#7647),.UNSPECIFIED.,.F.,.F.,(4,3,4),(0.,1.,2.),.UNSPECIFIED.);
#1240=B_SPLINE_CURVE_WITH_KNOTS('',3,(#7653,#7654,#7655,#7656,#7657,#7658,
#7659),.UNSPECIFIED.,.F.,.F.,(4,3,4),(0.,1.,2.),.UNSPECIFIED.);
#1241=B_SPLINE_CURVE_WITH_KNOTS('',3,(#7661,#7662,#7663,#7664,#7665,#7666,
#7667),.UNSPECIFIED.,.F.,.F.,(4,3,4),(0.,1.,2.),.UNSPECIFIED.);
#1242=B_SPLINE_CURVE_WITH_KNOTS('',3,(#7669,#7670,#7671,#7672,#7673,#7674,
#7675),.UNSPECIFIED.,.F.,.F.,(4,3,4),(0.,1.,2.),.UNSPECIFIED.);
#1243=B_SPLINE_CURVE_WITH_KNOTS('',3,(#7677,#7678,#7679,#7680,#7681,#7682,
#7683),.UNSPECIFIED.,.F.,.F.,(4,3,4),(0.,1.,2.),.UNSPECIFIED.);
#1244=B_SPLINE_CURVE_WITH_KNOTS('',3,(#7685,#7686,#7687,#7688,#7689,#7690,
#7691),.UNSPECIFIED.,.F.,.F.,(4,3,4),(0.,1.,2.),.UNSPECIFIED.);
#1245=B_SPLINE_CURVE_WITH_KNOTS('',3,(#7721,#7722,#7723,#7724),
 .UNSPECIFIED.,.F.,.F.,(4,4),(0.,0.0678282019831662),.UNSPECIFIED.);
#1246=B_SPLINE_CURVE_WITH_KNOTS('',3,(#7726,#7727,#7728,#7729),
 .UNSPECIFIED.,.F.,.F.,(4,4),(0.,0.0678282019831662),.UNSPECIFIED.);
#1247=B_SPLINE_CURVE_WITH_KNOTS('',3,(#7733,#7734,#7735,#7736),
 .UNSPECIFIED.,.F.,.F.,(4,4),(0.,0.100000001490116),.UNSPECIFIED.);
#1248=B_SPLINE_CURVE_WITH_KNOTS('',3,(#7739,#7740,#7741,#7742,#7743,#7744,
#7745),.UNSPECIFIED.,.F.,.F.,(4,3,4),(0.,0.0889387568314802,0.100000001490116),
 .UNSPECIFIED.);
#1249=B_SPLINE_CURVE_WITH_KNOTS('',3,(#7753,#7754,#7755,#7756,#7757,#7758,
#7759),.UNSPECIFIED.,.F.,.F.,(4,3,4),(0.,1.,2.),.UNSPECIFIED.);
#1250=B_SPLINE_CURVE_WITH_KNOTS('',3,(#7761,#7762,#7763,#7764,#7765,#7766,
#7767),.UNSPECIFIED.,.F.,.F.,(4,3,4),(0.,1.,2.),.UNSPECIFIED.);
#1251=B_SPLINE_CURVE_WITH_KNOTS('',3,(#7769,#7770,#7771,#7772,#7773,#7774,
#7775),.UNSPECIFIED.,.F.,.F.,(4,3,4),(0.,1.,2.),.UNSPECIFIED.);
#1252=B_SPLINE_CURVE_WITH_KNOTS('',3,(#7777,#7778,#7779,#7780,#7781,#7782,
#7783),.UNSPECIFIED.,.F.,.F.,(4,3,4),(0.,1.,2.),.UNSPECIFIED.);
#1253=B_SPLINE_CURVE_WITH_KNOTS('',3,(#7789,#7790,#7791,#7792,#7793,#7794,
#7795),.UNSPECIFIED.,.F.,.F.,(4,3,4),(0.,1.,2.),.UNSPECIFIED.);
#1254=B_SPLINE_CURVE_WITH_KNOTS('',3,(#7797,#7798,#7799,#7800,#7801,#7802,
#7803),.UNSPECIFIED.,.F.,.F.,(4,3,4),(0.,1.,2.),.UNSPECIFIED.);
#1255=B_SPLINE_CURVE_WITH_KNOTS('',3,(#7805,#7806,#7807,#7808,#7809,#7810,
#7811),.UNSPECIFIED.,.F.,.F.,(4,3,4),(0.,1.,2.),.UNSPECIFIED.);
#1256=B_SPLINE_CURVE_WITH_KNOTS('',3,(#7813,#7814,#7815,#7816,#7817,#7818,
#7819),.UNSPECIFIED.,.F.,.F.,(4,3,4),(0.,1.,2.),.UNSPECIFIED.);
#1257=B_SPLINE_CURVE_WITH_KNOTS('',3,(#7821,#7822,#7823,#7824,#7825,#7826,
#7827),.UNSPECIFIED.,.F.,.F.,(4,3,4),(0.,1.,2.),.UNSPECIFIED.);
#1258=B_SPLINE_CURVE_WITH_KNOTS('',3,(#7857,#7858,#7859,#7860),
 .UNSPECIFIED.,.F.,.F.,(4,4),(0.,0.0678282019831662),.UNSPECIFIED.);
#1259=B_SPLINE_CURVE_WITH_KNOTS('',3,(#7862,#7863,#7864,#7865),
 .UNSPECIFIED.,.F.,.F.,(4,4),(0.,0.0678282019831662),.UNSPECIFIED.);
#1260=B_SPLINE_CURVE_WITH_KNOTS('',3,(#7869,#7870,#7871,#7872),
 .UNSPECIFIED.,.F.,.F.,(4,4),(0.,0.100000001490116),.UNSPECIFIED.);
#1261=B_SPLINE_CURVE_WITH_KNOTS('',3,(#7875,#7876,#7877,#7878,#7879,#7880,
#7881),.UNSPECIFIED.,.F.,.F.,(4,3,4),(0.,0.088938756831476,0.100000001490116),
 .UNSPECIFIED.);
#1262=B_SPLINE_CURVE_WITH_KNOTS('',3,(#7887,#7888,#7889,#7890,#7891,#7892,
#7893,#7894,#7895,#7896),.UNSPECIFIED.,.F.,.F.,(4,3,3,4),(0.,1.,1.88451851053572,
2.),.UNSPECIFIED.);
#1263=B_SPLINE_CURVE_WITH_KNOTS('',3,(#7898,#7899,#7900,#7901,#7902,#7903,
#7904,#7905,#7906,#7907,#7908,#7909,#7910,#7911,#7912,#7913),
 .UNSPECIFIED.,.F.,.F.,(4,3,3,3,3,4),(0.,0.50986775494015,1.,1.42630989036929,
1.85265352679619,2.),.UNSPECIFIED.);
#1264=B_SPLINE_CURVE_WITH_KNOTS('',3,(#7915,#7916,#7917,#7918,#7919,#7920,
#7921),.UNSPECIFIED.,.F.,.F.,(4,3,4),(0.,1.,2.),.UNSPECIFIED.);
#1265=B_SPLINE_CURVE_WITH_KNOTS('',3,(#7923,#7924,#7925,#7926,#7927,#7928,
#7929),.UNSPECIFIED.,.F.,.F.,(4,3,4),(0.,1.,2.),.UNSPECIFIED.);
#1266=B_SPLINE_CURVE_WITH_KNOTS('',3,(#7931,#7932,#7933,#7934,#7935,#7936,
#7937),.UNSPECIFIED.,.F.,.F.,(4,3,4),(0.,1.,2.),.UNSPECIFIED.);
#1267=B_SPLINE_CURVE_WITH_KNOTS('',3,(#7943,#7944,#7945,#7946,#7947,#7948,
#7949),.UNSPECIFIED.,.F.,.F.,(4,3,4),(0.,1.,2.),.UNSPECIFIED.);
#1268=B_SPLINE_CURVE_WITH_KNOTS('',3,(#7951,#7952,#7953,#7954,#7955,#7956,
#7957),.UNSPECIFIED.,.F.,.F.,(4,3,4),(0.,1.,2.),.UNSPECIFIED.);
#1269=B_SPLINE_CURVE_WITH_KNOTS('',3,(#7959,#7960,#7961,#7962,#7963,#7964,
#7965),.UNSPECIFIED.,.F.,.F.,(4,3,4),(0.,1.,2.),.UNSPECIFIED.);
#1270=B_SPLINE_CURVE_WITH_KNOTS('',3,(#7967,#7968,#7969,#7970,#7971,#7972,
#7973),.UNSPECIFIED.,.F.,.F.,(4,3,4),(0.,1.,2.),.UNSPECIFIED.);
#1271=B_SPLINE_CURVE_WITH_KNOTS('',3,(#7975,#7976,#7977,#7978,#7979,#7980,
#7981),.UNSPECIFIED.,.F.,.F.,(4,3,4),(0.,1.,2.),.UNSPECIFIED.);
#1272=B_SPLINE_CURVE_WITH_KNOTS('',3,(#7983,#7984,#7985,#7986,#7987,#7988,
#7989),.UNSPECIFIED.,.F.,.F.,(4,3,4),(0.,1.,2.),.UNSPECIFIED.);
#1273=B_SPLINE_CURVE_WITH_KNOTS('',3,(#7991,#7992,#7993,#7994,#7995,#7996,
#7997),.UNSPECIFIED.,.F.,.F.,(4,3,4),(0.,1.,2.),.UNSPECIFIED.);
#1274=B_SPLINE_CURVE_WITH_KNOTS('',3,(#7999,#8000,#8001,#8002,#8003,#8004,
#8005),.UNSPECIFIED.,.F.,.F.,(4,3,4),(0.,1.,2.),.UNSPECIFIED.);
#1275=B_SPLINE_CURVE_WITH_KNOTS('',3,(#8010,#8011,#8012,#8013,#8014,#8015,
#8016),.UNSPECIFIED.,.F.,.F.,(4,3,4),(0.,1.,2.),.UNSPECIFIED.);
#1276=B_SPLINE_CURVE_WITH_KNOTS('',3,(#8019,#8020,#8021,#8022,#8023,#8024,
#8025,#8026,#8027,#8028,#8029,#8030,#8031),.UNSPECIFIED.,.F.,.F.,(4,3,3,
3,4),(0.,0.593118557191565,1.,1.54458101363115,2.),.UNSPECIFIED.);
#1277=B_SPLINE_CURVE_WITH_KNOTS('',3,(#8033,#8034,#8035,#8036,#8037,#8038,
#8039,#8040,#8041,#8042,#8043,#8044,#8045),.UNSPECIFIED.,.F.,.F.,(4,3,3,
3,4),(0.,0.543153513235531,1.,1.59874798078123,2.),.UNSPECIFIED.);
#1278=B_SPLINE_CURVE_WITH_KNOTS('',3,(#8047,#8048,#8049,#8050,#8051,#8052,
#8053),.UNSPECIFIED.,.F.,.F.,(4,3,4),(0.,1.,2.),.UNSPECIFIED.);
#1279=B_SPLINE_CURVE_WITH_KNOTS('',3,(#8054,#8055,#8056,#8057,#8058,#8059,
#8060),.UNSPECIFIED.,.F.,.F.,(4,3,4),(0.,1.,2.),.UNSPECIFIED.);
#1280=B_SPLINE_CURVE_WITH_KNOTS('',3,(#8063,#8064,#8065,#8066,#8067,#8068,
#8069,#8070,#8071,#8072,#8073,#8074,#8075),.UNSPECIFIED.,.F.,.F.,(4,3,3,
3,4),(0.,0.679509663334578,1.,1.71572172763047,2.),.UNSPECIFIED.);
#1281=B_SPLINE_CURVE_WITH_KNOTS('',3,(#8077,#8078,#8079,#8080,#8081,#8082,
#8083),.UNSPECIFIED.,.F.,.F.,(4,3,4),(0.,1.,2.),.UNSPECIFIED.);
#1282=B_SPLINE_CURVE_WITH_KNOTS('',3,(#8085,#8086,#8087,#8088,#8089,#8090,
#8091),.UNSPECIFIED.,.F.,.F.,(4,3,4),(0.,1.,2.),.UNSPECIFIED.);
#1283=B_SPLINE_CURVE_WITH_KNOTS('',3,(#8093,#8094,#8095,#8096,#8097,#8098,
#8099),.UNSPECIFIED.,.F.,.F.,(4,3,4),(0.,1.,2.),.UNSPECIFIED.);
#1284=B_SPLINE_CURVE_WITH_KNOTS('',3,(#8101,#8102,#8103,#8104,#8105,#8106,
#8107),.UNSPECIFIED.,.F.,.F.,(4,3,4),(0.,1.,2.),.UNSPECIFIED.);
#1285=B_SPLINE_CURVE_WITH_KNOTS('',3,(#8109,#8110,#8111,#8112,#8113,#8114,
#8115),.UNSPECIFIED.,.F.,.F.,(4,3,4),(0.,1.,2.),.UNSPECIFIED.);
#1286=B_SPLINE_CURVE_WITH_KNOTS('',3,(#8119,#8120,#8121,#8122,#8123,#8124,
#8125),.UNSPECIFIED.,.F.,.F.,(4,3,4),(0.,1.,2.),.UNSPECIFIED.);
#1287=B_SPLINE_CURVE_WITH_KNOTS('',3,(#8127,#8128,#8129,#8130,#8131,#8132,
#8133),.UNSPECIFIED.,.F.,.F.,(4,3,4),(0.,1.,2.),.UNSPECIFIED.);
#1288=B_SPLINE_CURVE_WITH_KNOTS('',3,(#8135,#8136,#8137,#8138,#8139,#8140,
#8141),.UNSPECIFIED.,.F.,.F.,(4,3,4),(0.,1.,2.),.UNSPECIFIED.);
#1289=B_SPLINE_CURVE_WITH_KNOTS('',3,(#8143,#8144,#8145,#8146,#8147,#8148,
#8149),.UNSPECIFIED.,.F.,.F.,(4,3,4),(0.,1.,2.),.UNSPECIFIED.);
#1290=B_SPLINE_CURVE_WITH_KNOTS('',3,(#8151,#8152,#8153,#8154,#8155,#8156,
#8157),.UNSPECIFIED.,.F.,.F.,(4,3,4),(0.,1.,2.),.UNSPECIFIED.);
#1291=B_SPLINE_CURVE_WITH_KNOTS('',3,(#8159,#8160,#8161,#8162,#8163,#8164,
#8165),.UNSPECIFIED.,.F.,.F.,(4,3,4),(0.,1.,2.),.UNSPECIFIED.);
#1292=B_SPLINE_CURVE_WITH_KNOTS('',3,(#8175,#8176,#8177,#8178),
 .UNSPECIFIED.,.F.,.F.,(4,4),(0.,0.017260940289623),.UNSPECIFIED.);
#1293=B_SPLINE_CURVE_WITH_KNOTS('',3,(#8182,#8183,#8184,#8185),
 .UNSPECIFIED.,.F.,.F.,(4,4),(0.,0.0172609402896229),.UNSPECIFIED.);
#1294=B_SPLINE_CURVE_WITH_KNOTS('',3,(#8195,#8196,#8197,#8198),
 .UNSPECIFIED.,.F.,.F.,(4,4),(0.,0.0210696923723097),.UNSPECIFIED.);
#1295=B_SPLINE_CURVE_WITH_KNOTS('',3,(#8200,#8201,#8202,#8203),
 .UNSPECIFIED.,.F.,.F.,(4,4),(0.,0.0209886550939547),.UNSPECIFIED.);
#1296=B_SPLINE_CURVE_WITH_KNOTS('',3,(#8211,#8212,#8213,#8214,#8215,#8216,
#8217),.UNSPECIFIED.,.F.,.F.,(4,3,4),(0.,1.,2.),.UNSPECIFIED.);
#1297=B_SPLINE_CURVE_WITH_KNOTS('',3,(#8219,#8220,#8221,#8222,#8223,#8224,
#8225),.UNSPECIFIED.,.F.,.F.,(4,3,4),(0.,1.,2.),.UNSPECIFIED.);
#1298=B_SPLINE_CURVE_WITH_KNOTS('',3,(#8227,#8228,#8229,#8230,#8231,#8232,
#8233),.UNSPECIFIED.,.F.,.F.,(4,3,4),(0.,1.,2.),.UNSPECIFIED.);
#1299=B_SPLINE_CURVE_WITH_KNOTS('',3,(#8235,#8236,#8237,#8238,#8239,#8240,
#8241),.UNSPECIFIED.,.F.,.F.,(4,3,4),(0.,1.,2.),.UNSPECIFIED.);
#1300=B_SPLINE_CURVE_WITH_KNOTS('',3,(#8247,#8248,#8249,#8250,#8251,#8252,
#8253),.UNSPECIFIED.,.F.,.F.,(4,3,4),(0.,1.,2.),.UNSPECIFIED.);
#1301=B_SPLINE_CURVE_WITH_KNOTS('',3,(#8255,#8256,#8257,#8258,#8259,#8260,
#8261),.UNSPECIFIED.,.F.,.F.,(4,3,4),(0.,1.,2.),.UNSPECIFIED.);
#1302=B_SPLINE_CURVE_WITH_KNOTS('',3,(#8263,#8264,#8265,#8266,#8267,#8268,
#8269),.UNSPECIFIED.,.F.,.F.,(4,3,4),(0.,1.,2.),.UNSPECIFIED.);
#1303=B_SPLINE_CURVE_WITH_KNOTS('',3,(#8270,#8271,#8272,#8273,#8274,#8275,
#8276),.UNSPECIFIED.,.F.,.F.,(4,3,4),(0.,1.,2.),.UNSPECIFIED.);
#1304=B_SPLINE_CURVE_WITH_KNOTS('',3,(#8279,#8280,#8281,#8282,#8283,#8284,
#8285),.UNSPECIFIED.,.F.,.F.,(4,3,4),(0.,1.,2.),.UNSPECIFIED.);
#1305=B_SPLINE_CURVE_WITH_KNOTS('',3,(#8287,#8288,#8289,#8290,#8291,#8292,
#8293),.UNSPECIFIED.,.F.,.F.,(4,3,4),(0.,1.,2.),.UNSPECIFIED.);
#1306=B_SPLINE_CURVE_WITH_KNOTS('',3,(#8295,#8296,#8297,#8298,#8299,#8300,
#8301),.UNSPECIFIED.,.F.,.F.,(4,3,4),(0.,1.,2.),.UNSPECIFIED.);
#1307=B_SPLINE_CURVE_WITH_KNOTS('',3,(#8307,#8308,#8309,#8310,#8311,#8312,
#8313),.UNSPECIFIED.,.F.,.F.,(4,3,4),(0.,1.,2.),.UNSPECIFIED.);
#1308=B_SPLINE_CURVE_WITH_KNOTS('',3,(#8315,#8316,#8317,#8318,#8319,#8320,
#8321),.UNSPECIFIED.,.F.,.F.,(4,3,4),(0.,1.,2.),.UNSPECIFIED.);
#1309=B_SPLINE_CURVE_WITH_KNOTS('',3,(#8323,#8324,#8325,#8326,#8327,#8328,
#8329),.UNSPECIFIED.,.F.,.F.,(4,3,4),(0.,1.,2.),.UNSPECIFIED.);
#1310=B_SPLINE_CURVE_WITH_KNOTS('',3,(#8331,#8332,#8333,#8334,#8335,#8336,
#8337),.UNSPECIFIED.,.F.,.F.,(4,3,4),(0.,1.,2.),.UNSPECIFIED.);
#1311=B_SPLINE_CURVE_WITH_KNOTS('',3,(#8342,#8343,#8344,#8345,#8346,#8347,
#8348),.UNSPECIFIED.,.F.,.F.,(4,3,4),(0.,1.,2.),.UNSPECIFIED.);
#1312=B_SPLINE_CURVE_WITH_KNOTS('',3,(#8351,#8352,#8353,#8354,#8355,#8356,
#8357,#8358,#8359,#8360),.UNSPECIFIED.,.F.,.F.,(4,3,3,4),(0.,1.,1.87261973095105,
2.),.UNSPECIFIED.);
#1313=B_SPLINE_CURVE_WITH_KNOTS('',3,(#8362,#8363,#8364,#8365,#8366,#8367,
#8368),.UNSPECIFIED.,.F.,.F.,(4,3,4),(0.,1.,2.),.UNSPECIFIED.);
#1314=B_SPLINE_CURVE_WITH_KNOTS('',3,(#8370,#8371,#8372,#8373,#8374,#8375,
#8376),.UNSPECIFIED.,.F.,.F.,(4,3,4),(0.,1.,2.),.UNSPECIFIED.);
#1315=B_SPLINE_CURVE_WITH_KNOTS('',3,(#8378,#8379,#8380,#8381,#8382,#8383,
#8384),.UNSPECIFIED.,.F.,.F.,(4,3,4),(0.,1.,2.),.UNSPECIFIED.);
#1316=B_SPLINE_CURVE_WITH_KNOTS('',3,(#8390,#8391,#8392,#8393,#8394,#8395,
#8396),.UNSPECIFIED.,.F.,.F.,(4,3,4),(0.,1.,2.),.UNSPECIFIED.);
#1317=B_SPLINE_CURVE_WITH_KNOTS('',3,(#8398,#8399,#8400,#8401,#8402,#8403,
#8404),.UNSPECIFIED.,.F.,.F.,(4,3,4),(0.,1.,2.),.UNSPECIFIED.);
#1318=B_SPLINE_CURVE_WITH_KNOTS('',3,(#8406,#8407,#8408,#8409,#8410,#8411,
#8412),.UNSPECIFIED.,.F.,.F.,(4,3,4),(0.,1.,2.),.UNSPECIFIED.);
#1319=B_SPLINE_CURVE_WITH_KNOTS('',3,(#8414,#8415,#8416,#8417,#8418,#8419,
#8420),.UNSPECIFIED.,.F.,.F.,(4,3,4),(0.,1.,2.),.UNSPECIFIED.);
#1320=B_SPLINE_CURVE_WITH_KNOTS('',3,(#8422,#8423,#8424,#8425,#8426,#8427,
#8428),.UNSPECIFIED.,.F.,.F.,(4,3,4),(0.,1.,2.),.UNSPECIFIED.);
#1321=B_SPLINE_CURVE_WITH_KNOTS('',3,(#8430,#8431,#8432,#8433,#8434,#8435,
#8436),.UNSPECIFIED.,.F.,.F.,(4,3,4),(0.,1.,2.),.UNSPECIFIED.);
#1322=B_SPLINE_CURVE_WITH_KNOTS('',3,(#8438,#8439,#8440,#8441,#8442,#8443,
#8444),.UNSPECIFIED.,.F.,.F.,(4,3,4),(0.,1.,2.),.UNSPECIFIED.);
#1323=B_SPLINE_CURVE_WITH_KNOTS('',3,(#8458,#8459,#8460,#8461,#8462,#8463,
#8464),.UNSPECIFIED.,.F.,.F.,(4,3,4),(0.,1.,2.),.UNSPECIFIED.);
#1324=B_SPLINE_CURVE_WITH_KNOTS('',3,(#8465,#8466,#8467,#8468,#8469,#8470,
#8471),.UNSPECIFIED.,.F.,.F.,(4,3,4),(0.,1.,2.),.UNSPECIFIED.);
#1325=B_SPLINE_CURVE_WITH_KNOTS('',3,(#8474,#8475,#8476,#8477,#8478,#8479,
#8480,#8481,#8482,#8483),.UNSPECIFIED.,.F.,.F.,(4,3,3,4),(0.,1.,1.88465646469503,
2.),.UNSPECIFIED.);
#1326=B_SPLINE_CURVE_WITH_KNOTS('',3,(#8485,#8486,#8487,#8488,#8489,#8490,
#8491,#8492,#8493,#8494,#8495,#8496,#8497),.UNSPECIFIED.,.F.,.F.,(4,3,3,
3,4),(0.,0.5,1.,1.57017043608192,2.),.UNSPECIFIED.);
#1327=B_SPLINE_CURVE_WITH_KNOTS('',3,(#8499,#8500,#8501,#8502,#8503,#8504,
#8505),.UNSPECIFIED.,.F.,.F.,(4,3,4),(0.,1.,2.),.UNSPECIFIED.);
#1328=B_SPLINE_CURVE_WITH_KNOTS('',3,(#8507,#8508,#8509,#8510,#8511,#8512,
#8513),.UNSPECIFIED.,.F.,.F.,(4,3,4),(0.,1.,2.),.UNSPECIFIED.);
#1329=B_SPLINE_CURVE_WITH_KNOTS('',3,(#8515,#8516,#8517,#8518,#8519,#8520,
#8521),.UNSPECIFIED.,.F.,.F.,(4,3,4),(0.,1.,2.),.UNSPECIFIED.);
#1330=B_SPLINE_CURVE_WITH_KNOTS('',3,(#8523,#8524,#8525,#8526,#8527,#8528,
#8529),.UNSPECIFIED.,.F.,.F.,(4,3,4),(0.,1.,2.),.UNSPECIFIED.);
#1331=B_SPLINE_CURVE_WITH_KNOTS('',3,(#8531,#8532,#8533,#8534,#8535,#8536,
#8537),.UNSPECIFIED.,.F.,.F.,(4,3,4),(0.,1.,2.),.UNSPECIFIED.);
#1332=B_SPLINE_CURVE_WITH_KNOTS('',3,(#8543,#8544,#8545,#8546,#8547,#8548,
#8549),.UNSPECIFIED.,.F.,.F.,(4,3,4),(0.,1.,2.),.UNSPECIFIED.);
#1333=B_SPLINE_CURVE_WITH_KNOTS('',3,(#8551,#8552,#8553,#8554,#8555,#8556,
#8557),.UNSPECIFIED.,.F.,.F.,(4,3,4),(0.,1.,2.),.UNSPECIFIED.);
#1334=B_SPLINE_CURVE_WITH_KNOTS('',3,(#8559,#8560,#8561,#8562,#8563,#8564,
#8565),.UNSPECIFIED.,.F.,.F.,(4,3,4),(0.,1.,2.),.UNSPECIFIED.);
#1335=B_SPLINE_CURVE_WITH_KNOTS('',3,(#8566,#8567,#8568,#8569,#8570,#8571,
#8572),.UNSPECIFIED.,.F.,.F.,(4,3,4),(0.,1.,2.),.UNSPECIFIED.);
#1336=B_SPLINE_CURVE_WITH_KNOTS('',3,(#8581,#8582,#8583,#8584),
 .UNSPECIFIED.,.F.,.F.,(4,4),(0.,0.0320907622285947),.UNSPECIFIED.);
#1337=B_SPLINE_CURVE_WITH_KNOTS('',3,(#8588,#8589,#8590,#8591),
 .UNSPECIFIED.,.F.,.F.,(4,4),(0.,0.00599675859827276),.UNSPECIFIED.);
#1338=B_SPLINE_CURVE_WITH_KNOTS('',3,(#8594,#8595,#8596,#8597),
 .UNSPECIFIED.,.F.,.F.,(4,4),(0.,0.00591572131991774),.UNSPECIFIED.);
#1339=B_SPLINE_CURVE_WITH_KNOTS('',3,(#8611,#8612,#8613,#8614,#8615,#8616,
#8617),.UNSPECIFIED.,.F.,.F.,(4,3,4),(0.,1.,2.),.UNSPECIFIED.);
#1340=B_SPLINE_CURVE_WITH_KNOTS('',3,(#8619,#8620,#8621,#8622,#8623,#8624,
#8625),.UNSPECIFIED.,.F.,.F.,(4,3,4),(-2.,-1.,0.),.UNSPECIFIED.);
#1341=B_SPLINE_CURVE_WITH_KNOTS('',3,(#8627,#8628,#8629,#8630,#8631,#8632,
#8633),.UNSPECIFIED.,.F.,.F.,(4,3,4),(0.,1.,2.),.UNSPECIFIED.);
#1342=B_SPLINE_CURVE_WITH_KNOTS('',3,(#8635,#8636,#8637,#8638,#8639,#8640,
#8641),.UNSPECIFIED.,.F.,.F.,(4,3,4),(0.,1.,2.),.UNSPECIFIED.);
#1343=B_SPLINE_CURVE_WITH_KNOTS('',3,(#8643,#8644,#8645,#8646,#8647,#8648,
#8649),.UNSPECIFIED.,.F.,.F.,(4,3,4),(0.,1.,2.),.UNSPECIFIED.);
#1344=B_SPLINE_CURVE_WITH_KNOTS('',3,(#8651,#8652,#8653,#8654,#8655,#8656,
#8657),.UNSPECIFIED.,.F.,.F.,(4,3,4),(0.,1.,2.),.UNSPECIFIED.);
#1345=B_SPLINE_CURVE_WITH_KNOTS('',3,(#8659,#8660,#8661,#8662,#8663,#8664,
#8665),.UNSPECIFIED.,.F.,.F.,(4,3,4),(0.,1.,2.),.UNSPECIFIED.);
#1346=B_SPLINE_CURVE_WITH_KNOTS('',3,(#8666,#8667,#8668,#8669,#8670,#8671,
#8672),.UNSPECIFIED.,.F.,.F.,(4,3,4),(0.,1.,2.),.UNSPECIFIED.);
#1347=B_SPLINE_CURVE_WITH_KNOTS('',3,(#8680,#8681,#8682,#8683,#8684,#8685,
#8686),.UNSPECIFIED.,.F.,.F.,(4,3,4),(0.,1.,2.),.UNSPECIFIED.);
#1348=B_SPLINE_CURVE_WITH_KNOTS('',3,(#8688,#8689,#8690,#8691,#8692,#8693,
#8694),.UNSPECIFIED.,.F.,.F.,(4,3,4),(-2.,-1.,0.),.UNSPECIFIED.);
#1349=B_SPLINE_CURVE_WITH_KNOTS('',3,(#8696,#8697,#8698,#8699,#8700,#8701,
#8702),.UNSPECIFIED.,.F.,.F.,(4,3,4),(0.,1.,2.),.UNSPECIFIED.);
#1350=B_SPLINE_CURVE_WITH_KNOTS('',3,(#8704,#8705,#8706,#8707,#8708,#8709,
#8710,#8711,#8712,#8713),.UNSPECIFIED.,.F.,.F.,(4,3,3,4),(0.,1.,1.84455376651241,
2.),.UNSPECIFIED.);
#1351=B_SPLINE_CURVE_WITH_KNOTS('',3,(#8714,#8715,#8716,#8717,#8718,#8719,
#8720,#8721,#8722,#8723),.UNSPECIFIED.,.F.,.F.,(4,3,3,4),(0.,0.849950347086596,
1.,2.),.UNSPECIFIED.);
#1352=B_SPLINE_CURVE_WITH_KNOTS('',3,(#8726,#8727,#8728,#8729,#8730,#8731,
#8732),.UNSPECIFIED.,.F.,.F.,(4,3,4),(0.,1.,2.),.UNSPECIFIED.);
#1353=B_SPLINE_CURVE_WITH_KNOTS('',3,(#8734,#8735,#8736,#8737,#8738,#8739,
#8740),.UNSPECIFIED.,.F.,.F.,(4,3,4),(-2.,-1.,0.),.UNSPECIFIED.);
#1354=B_SPLINE_CURVE_WITH_KNOTS('',3,(#8742,#8743,#8744,#8745,#8746,#8747,
#8748,#8749,#8750,#8751,#8752,#8753,#8754),.UNSPECIFIED.,.F.,.F.,(4,3,3,
3,4),(0.,0.736078175565893,1.,1.92379340263204,2.),.UNSPECIFIED.);
#1355=B_SPLINE_CURVE_WITH_KNOTS('',3,(#8756,#8757,#8758,#8759,#8760,#8761,
#8762),.UNSPECIFIED.,.F.,.F.,(4,3,4),(0.,1.,2.),.UNSPECIFIED.);
#1356=B_SPLINE_CURVE_WITH_KNOTS('',3,(#8764,#8765,#8766,#8767,#8768,#8769,
#8770),.UNSPECIFIED.,.F.,.F.,(4,3,4),(0.,1.,2.),.UNSPECIFIED.);
#1357=B_SPLINE_CURVE_WITH_KNOTS('',3,(#8771,#8772,#8773,#8774,#8775,#8776,
#8777,#8778,#8779,#8780),.UNSPECIFIED.,.F.,.F.,(4,3,3,4),(0.,1.,1.71247422313115,
2.),.UNSPECIFIED.);
#1358=B_SPLINE_CURVE_WITH_KNOTS('',3,(#8784,#8785,#8786,#8787,#8788,#8789,
#8790),.UNSPECIFIED.,.F.,.F.,(4,3,4),(0.,1.,2.),.UNSPECIFIED.);
#1359=B_SPLINE_CURVE_WITH_KNOTS('',3,(#8792,#8793,#8794,#8795,#8796,#8797,
#8798,#8799,#8800,#8801,#8802,#8803,#8804),.UNSPECIFIED.,.F.,.F.,(4,3,3,
3,4),(-2.,-1.13326976577622,-1.,-0.0963173462612746,0.),.UNSPECIFIED.);
#1360=B_SPLINE_CURVE_WITH_KNOTS('',3,(#8806,#8807,#8808,#8809,#8810,#8811,
#8812),.UNSPECIFIED.,.F.,.F.,(4,3,4),(0.,1.,2.),.UNSPECIFIED.);
#1361=B_SPLINE_CURVE_WITH_KNOTS('',3,(#8814,#8815,#8816,#8817,#8818,#8819,
#8820),.UNSPECIFIED.,.F.,.F.,(4,3,4),(0.,1.,2.),.UNSPECIFIED.);
#1362=B_SPLINE_CURVE_WITH_KNOTS('',3,(#8822,#8823,#8824,#8825,#8826,#8827,
#8828,#8829,#8830,#8831,#8832,#8833,#8834),.UNSPECIFIED.,.F.,.F.,(4,3,3,
3,4),(0.,0.890864671652845,1.,1.93100750692102,2.),.UNSPECIFIED.);
#1363=B_SPLINE_CURVE_WITH_KNOTS('',3,(#8835,#8836,#8837,#8838,#8839,#8840,
#8841),.UNSPECIFIED.,.F.,.F.,(4,3,4),(0.,1.,2.),.UNSPECIFIED.);
#1364=B_SPLINE_CURVE_WITH_KNOTS('',3,(#9130,#9131,#9132,#9133,#9134,#9135,
#9136,#9137,#9138,#9139),.UNSPECIFIED.,.F.,.F.,(4,2,2,2,4),(0.,0.000565019224910271,
0.00113003844982054,0.0016952373355564,0.00226043622129226),
 .UNSPECIFIED.);
#1365=B_SPLINE_CURVE_WITH_KNOTS('',3,(#9150,#9151,#9152,#9153,#9154,#9155,
#9156,#9157,#9158,#9159),.UNSPECIFIED.,.F.,.F.,(4,2,2,2,4),(-0.00226043622129226,
-0.0016952373355564,-0.00113003844982054,-0.000565019224910271,0.),
 .UNSPECIFIED.);
#1366=B_SPLINE_CURVE_WITH_KNOTS('',3,(#9183,#9184,#9185,#9186,#9187,#9188,
#9189,#9190,#9191,#9192),.UNSPECIFIED.,.F.,.F.,(4,2,2,2,4),(0.,0.000565019224910271,
0.00113003844982054,0.0016952373355564,0.00226043622129226),
 .UNSPECIFIED.);
#1367=B_SPLINE_CURVE_WITH_KNOTS('',3,(#9203,#9204,#9205,#9206,#9207,#9208,
#9209,#9210,#9211,#9212),.UNSPECIFIED.,.F.,.F.,(4,2,2,2,4),(-0.00226043622129226,
-0.0016952373355564,-0.00113003844982054,-0.000565019224910271,0.),
 .UNSPECIFIED.);
#1368=B_SPLINE_CURVE_WITH_KNOTS('',3,(#9236,#9237,#9238,#9239,#9240,#9241,
#9242,#9243,#9244,#9245),.UNSPECIFIED.,.F.,.F.,(4,2,2,2,4),(0.,0.000565019224910271,
0.00113003844982054,0.0016952373355564,0.00226043622129226),
 .UNSPECIFIED.);
#1369=B_SPLINE_CURVE_WITH_KNOTS('',3,(#9256,#9257,#9258,#9259,#9260,#9261,
#9262,#9263,#9264,#9265),.UNSPECIFIED.,.F.,.F.,(4,2,2,2,4),(-0.00226043622129226,
-0.0016952373355564,-0.00113003844982054,-0.000565019224910271,0.),
 .UNSPECIFIED.);
#1370=B_SPLINE_CURVE_WITH_KNOTS('',3,(#9289,#9290,#9291,#9292,#9293,#9294,
#9295,#9296,#9297,#9298),.UNSPECIFIED.,.F.,.F.,(4,2,2,2,4),(0.,0.000565019224910271,
0.00113003844982054,0.0016952373355564,0.00226043622129226),
 .UNSPECIFIED.);
#1371=B_SPLINE_CURVE_WITH_KNOTS('',3,(#9309,#9310,#9311,#9312,#9313,#9314,
#9315,#9316,#9317,#9318),.UNSPECIFIED.,.F.,.F.,(4,2,2,2,4),(-0.00226043622129226,
-0.0016952373355564,-0.00113003844982054,-0.000565019224910271,0.),
 .UNSPECIFIED.);
#1372=VERTEX_POINT('',#5814);
#1373=VERTEX_POINT('',#5815);
#1374=VERTEX_POINT('',#5834);
#1375=VERTEX_POINT('',#5836);
#1376=VERTEX_POINT('',#5856);
#1377=VERTEX_POINT('',#5857);
#1378=VERTEX_POINT('',#5876);
#1379=VERTEX_POINT('',#5878);
#1380=VERTEX_POINT('',#5899);
#1381=VERTEX_POINT('',#5900);
#1382=VERTEX_POINT('',#5902);
#1383=VERTEX_POINT('',#5904);
#1384=VERTEX_POINT('',#5907);
#1385=VERTEX_POINT('',#5908);
#1386=VERTEX_POINT('',#5910);
#1387=VERTEX_POINT('',#5929);
#1388=VERTEX_POINT('',#5950);
#1389=VERTEX_POINT('',#5951);
#1390=VERTEX_POINT('',#5970);
#1391=VERTEX_POINT('',#5972);
#1392=VERTEX_POINT('',#5994);
#1393=VERTEX_POINT('',#5995);
#1394=VERTEX_POINT('',#6010);
#1395=VERTEX_POINT('',#6012);
#1396=VERTEX_POINT('',#6029);
#1397=VERTEX_POINT('',#6030);
#1398=VERTEX_POINT('',#6037);
#1399=VERTEX_POINT('',#6039);
#1400=VERTEX_POINT('',#6046);
#1401=VERTEX_POINT('',#6055);
#1402=VERTEX_POINT('',#6066);
#1403=VERTEX_POINT('',#6079);
#1404=VERTEX_POINT('',#6093);
#1405=VERTEX_POINT('',#6094);
#1406=VERTEX_POINT('',#6107);
#1407=VERTEX_POINT('',#6114);
#1408=VERTEX_POINT('',#6123);
#1409=VERTEX_POINT('',#6144);
#1410=VERTEX_POINT('',#6169);
#1411=VERTEX_POINT('',#6178);
#1412=VERTEX_POINT('',#6200);
#1413=VERTEX_POINT('',#6203);
#1414=VERTEX_POINT('',#6207);
#1415=VERTEX_POINT('',#6211);
#1416=VERTEX_POINT('',#6218);
#1417=VERTEX_POINT('',#6225);
#1418=VERTEX_POINT('',#6226);
#1419=VERTEX_POINT('',#6240);
#1420=VERTEX_POINT('',#6248);
#1421=VERTEX_POINT('',#6250);
#1422=VERTEX_POINT('',#6258);
#1423=VERTEX_POINT('',#6266);
#1424=VERTEX_POINT('',#6274);
#1425=VERTEX_POINT('',#6282);
#1426=VERTEX_POINT('',#6284);
#1427=VERTEX_POINT('',#6286);
#1428=VERTEX_POINT('',#6294);
#1429=VERTEX_POINT('',#6302);
#1430=VERTEX_POINT('',#6310);
#1431=VERTEX_POINT('',#6318);
#1432=VERTEX_POINT('',#6326);
#1433=VERTEX_POINT('',#6334);
#1434=VERTEX_POINT('',#6336);
#1435=VERTEX_POINT('',#6338);
#1436=VERTEX_POINT('',#6340);
#1437=VERTEX_POINT('',#6348);
#1438=VERTEX_POINT('',#6356);
#1439=VERTEX_POINT('',#6364);
#1440=VERTEX_POINT('',#6372);
#1441=VERTEX_POINT('',#6380);
#1442=VERTEX_POINT('',#6382);
#1443=VERTEX_POINT('',#6384);
#1444=VERTEX_POINT('',#6392);
#1445=VERTEX_POINT('',#6411);
#1446=VERTEX_POINT('',#6412);
#1447=VERTEX_POINT('',#6426);
#1448=VERTEX_POINT('',#6434);
#1449=VERTEX_POINT('',#6442);
#1450=VERTEX_POINT('',#6450);
#1451=VERTEX_POINT('',#6458);
#1452=VERTEX_POINT('',#6460);
#1453=VERTEX_POINT('',#6462);
#1454=VERTEX_POINT('',#6470);
#1455=VERTEX_POINT('',#6478);
#1456=VERTEX_POINT('',#6486);
#1457=VERTEX_POINT('',#6494);
#1458=VERTEX_POINT('',#6518);
#1459=VERTEX_POINT('',#6519);
#1460=VERTEX_POINT('',#6527);
#1461=VERTEX_POINT('',#6535);
#1462=VERTEX_POINT('',#6549);
#1463=VERTEX_POINT('',#6557);
#1464=VERTEX_POINT('',#6565);
#1465=VERTEX_POINT('',#6573);
#1466=VERTEX_POINT('',#6595);
#1467=VERTEX_POINT('',#6596);
#1468=VERTEX_POINT('',#6604);
#1469=VERTEX_POINT('',#6606);
#1470=VERTEX_POINT('',#6611);
#1471=VERTEX_POINT('',#6616);
#1472=VERTEX_POINT('',#6624);
#1473=VERTEX_POINT('',#6629);
#1474=VERTEX_POINT('',#6631);
#1475=VERTEX_POINT('',#6636);
#1476=VERTEX_POINT('',#6638);
#1477=VERTEX_POINT('',#6643);
#1478=VERTEX_POINT('',#6651);
#1479=VERTEX_POINT('',#6659);
#1480=VERTEX_POINT('',#6664);
#1481=VERTEX_POINT('',#6669);
#1482=VERTEX_POINT('',#6676);
#1483=VERTEX_POINT('',#6677);
#1484=VERTEX_POINT('',#6691);
#1485=VERTEX_POINT('',#6699);
#1486=VERTEX_POINT('',#6707);
#1487=VERTEX_POINT('',#6715);
#1488=VERTEX_POINT('',#6723);
#1489=VERTEX_POINT('',#6731);
#1490=VERTEX_POINT('',#6752);
#1491=VERTEX_POINT('',#6753);
#1492=VERTEX_POINT('',#6773);
#1493=VERTEX_POINT('',#6793);
#1494=VERTEX_POINT('',#6833);
#1495=VERTEX_POINT('',#6834);
#1496=VERTEX_POINT('',#6836);
#1497=VERTEX_POINT('',#6838);
#1498=VERTEX_POINT('',#6846);
#1499=VERTEX_POINT('',#6854);
#1500=VERTEX_POINT('',#6862);
#1501=VERTEX_POINT('',#6870);
#1502=VERTEX_POINT('',#6872);
#1503=VERTEX_POINT('',#6874);
#1504=VERTEX_POINT('',#6882);
#1505=VERTEX_POINT('',#6890);
#1506=VERTEX_POINT('',#6898);
#1507=VERTEX_POINT('',#6906);
#1508=VERTEX_POINT('',#6914);
#1509=VERTEX_POINT('',#6918);
#1510=VERTEX_POINT('',#6919);
#1511=VERTEX_POINT('',#6933);
#1512=VERTEX_POINT('',#6941);
#1513=VERTEX_POINT('',#6943);
#1514=VERTEX_POINT('',#6951);
#1515=VERTEX_POINT('',#6959);
#1516=VERTEX_POINT('',#6967);
#1517=VERTEX_POINT('',#6975);
#1518=VERTEX_POINT('',#6977);
#1519=VERTEX_POINT('',#6979);
#1520=VERTEX_POINT('',#6987);
#1521=VERTEX_POINT('',#6995);
#1522=VERTEX_POINT('',#7003);
#1523=VERTEX_POINT('',#7011);
#1524=VERTEX_POINT('',#7019);
#1525=VERTEX_POINT('',#7027);
#1526=VERTEX_POINT('',#7029);
#1527=VERTEX_POINT('',#7031);
#1528=VERTEX_POINT('',#7033);
#1529=VERTEX_POINT('',#7041);
#1530=VERTEX_POINT('',#7049);
#1531=VERTEX_POINT('',#7057);
#1532=VERTEX_POINT('',#7065);
#1533=VERTEX_POINT('',#7073);
#1534=VERTEX_POINT('',#7075);
#1535=VERTEX_POINT('',#7077);
#1536=VERTEX_POINT('',#7085);
#1537=VERTEX_POINT('',#7104);
#1538=VERTEX_POINT('',#7105);
#1539=VERTEX_POINT('',#7119);
#1540=VERTEX_POINT('',#7127);
#1541=VERTEX_POINT('',#7135);
#1542=VERTEX_POINT('',#7143);
#1543=VERTEX_POINT('',#7151);
#1544=VERTEX_POINT('',#7153);
#1545=VERTEX_POINT('',#7155);
#1546=VERTEX_POINT('',#7163);
#1547=VERTEX_POINT('',#7171);
#1548=VERTEX_POINT('',#7179);
#1549=VERTEX_POINT('',#7187);
#1550=VERTEX_POINT('',#7211);
#1551=VERTEX_POINT('',#7212);
#1552=VERTEX_POINT('',#7220);
#1553=VERTEX_POINT('',#7228);
#1554=VERTEX_POINT('',#7242);
#1555=VERTEX_POINT('',#7250);
#1556=VERTEX_POINT('',#7258);
#1557=VERTEX_POINT('',#7266);
#1558=VERTEX_POINT('',#7288);
#1559=VERTEX_POINT('',#7289);
#1560=VERTEX_POINT('',#7297);
#1561=VERTEX_POINT('',#7299);
#1562=VERTEX_POINT('',#7304);
#1563=VERTEX_POINT('',#7309);
#1564=VERTEX_POINT('',#7317);
#1565=VERTEX_POINT('',#7322);
#1566=VERTEX_POINT('',#7324);
#1567=VERTEX_POINT('',#7329);
#1568=VERTEX_POINT('',#7331);
#1569=VERTEX_POINT('',#7336);
#1570=VERTEX_POINT('',#7344);
#1571=VERTEX_POINT('',#7352);
#1572=VERTEX_POINT('',#7357);
#1573=VERTEX_POINT('',#7362);
#1574=VERTEX_POINT('',#7369);
#1575=VERTEX_POINT('',#7370);
#1576=VERTEX_POINT('',#7384);
#1577=VERTEX_POINT('',#7392);
#1578=VERTEX_POINT('',#7400);
#1579=VERTEX_POINT('',#7408);
#1580=VERTEX_POINT('',#7416);
#1581=VERTEX_POINT('',#7424);
#1582=VERTEX_POINT('',#7445);
#1583=VERTEX_POINT('',#7446);
#1584=VERTEX_POINT('',#7466);
#1585=VERTEX_POINT('',#7486);
#1586=VERTEX_POINT('',#7526);
#1587=VERTEX_POINT('',#7527);
#1588=VERTEX_POINT('',#7529);
#1589=VERTEX_POINT('',#7531);
#1590=VERTEX_POINT('',#7539);
#1591=VERTEX_POINT('',#7547);
#1592=VERTEX_POINT('',#7555);
#1593=VERTEX_POINT('',#7563);
#1594=VERTEX_POINT('',#7565);
#1595=VERTEX_POINT('',#7567);
#1596=VERTEX_POINT('',#7575);
#1597=VERTEX_POINT('',#7583);
#1598=VERTEX_POINT('',#7591);
#1599=VERTEX_POINT('',#7599);
#1600=VERTEX_POINT('',#7607);
#1601=VERTEX_POINT('',#7611);
#1602=VERTEX_POINT('',#7612);
#1603=VERTEX_POINT('',#7614);
#1604=VERTEX_POINT('',#7616);
#1605=VERTEX_POINT('',#7624);
#1606=VERTEX_POINT('',#7632);
#1607=VERTEX_POINT('',#7640);
#1608=VERTEX_POINT('',#7648);
#1609=VERTEX_POINT('',#7650);
#1610=VERTEX_POINT('',#7652);
#1611=VERTEX_POINT('',#7660);
#1612=VERTEX_POINT('',#7668);
#1613=VERTEX_POINT('',#7676);
#1614=VERTEX_POINT('',#7684);
#1615=VERTEX_POINT('',#7692);
#1616=VERTEX_POINT('',#7696);
#1617=VERTEX_POINT('',#7697);
#1618=VERTEX_POINT('',#7699);
#1619=VERTEX_POINT('',#7701);
#1620=VERTEX_POINT('',#7703);
#1621=VERTEX_POINT('',#7705);
#1622=VERTEX_POINT('',#7707);
#1623=VERTEX_POINT('',#7709);
#1624=VERTEX_POINT('',#7711);
#1625=VERTEX_POINT('',#7713);
#1626=VERTEX_POINT('',#7717);
#1627=VERTEX_POINT('',#7718);
#1628=VERTEX_POINT('',#7720);
#1629=VERTEX_POINT('',#7725);
#1630=VERTEX_POINT('',#7730);
#1631=VERTEX_POINT('',#7732);
#1632=VERTEX_POINT('',#7737);
#1633=VERTEX_POINT('',#7747);
#1634=VERTEX_POINT('',#7748);
#1635=VERTEX_POINT('',#7750);
#1636=VERTEX_POINT('',#7752);
#1637=VERTEX_POINT('',#7760);
#1638=VERTEX_POINT('',#7768);
#1639=VERTEX_POINT('',#7776);
#1640=VERTEX_POINT('',#7784);
#1641=VERTEX_POINT('',#7786);
#1642=VERTEX_POINT('',#7788);
#1643=VERTEX_POINT('',#7796);
#1644=VERTEX_POINT('',#7804);
#1645=VERTEX_POINT('',#7812);
#1646=VERTEX_POINT('',#7820);
#1647=VERTEX_POINT('',#7828);
#1648=VERTEX_POINT('',#7832);
#1649=VERTEX_POINT('',#7833);
#1650=VERTEX_POINT('',#7835);
#1651=VERTEX_POINT('',#7837);
#1652=VERTEX_POINT('',#7839);
#1653=VERTEX_POINT('',#7841);
#1654=VERTEX_POINT('',#7843);
#1655=VERTEX_POINT('',#7845);
#1656=VERTEX_POINT('',#7847);
#1657=VERTEX_POINT('',#7849);
#1658=VERTEX_POINT('',#7853);
#1659=VERTEX_POINT('',#7854);
#1660=VERTEX_POINT('',#7856);
#1661=VERTEX_POINT('',#7861);
#1662=VERTEX_POINT('',#7866);
#1663=VERTEX_POINT('',#7868);
#1664=VERTEX_POINT('',#7873);
#1665=VERTEX_POINT('',#7885);
#1666=VERTEX_POINT('',#7886);
#1667=VERTEX_POINT('',#7897);
#1668=VERTEX_POINT('',#7914);
#1669=VERTEX_POINT('',#7922);
#1670=VERTEX_POINT('',#7930);
#1671=VERTEX_POINT('',#7938);
#1672=VERTEX_POINT('',#7940);
#1673=VERTEX_POINT('',#7942);
#1674=VERTEX_POINT('',#7950);
#1675=VERTEX_POINT('',#7958);
#1676=VERTEX_POINT('',#7966);
#1677=VERTEX_POINT('',#7974);
#1678=VERTEX_POINT('',#7982);
#1679=VERTEX_POINT('',#7990);
#1680=VERTEX_POINT('',#7998);
#1681=VERTEX_POINT('',#8006);
#1682=VERTEX_POINT('',#8008);
#1683=VERTEX_POINT('',#8017);
#1684=VERTEX_POINT('',#8018);
#1685=VERTEX_POINT('',#8032);
#1686=VERTEX_POINT('',#8046);
#1687=VERTEX_POINT('',#8061);
#1688=VERTEX_POINT('',#8062);
#1689=VERTEX_POINT('',#8076);
#1690=VERTEX_POINT('',#8084);
#1691=VERTEX_POINT('',#8092);
#1692=VERTEX_POINT('',#8100);
#1693=VERTEX_POINT('',#8108);
#1694=VERTEX_POINT('',#8116);
#1695=VERTEX_POINT('',#8118);
#1696=VERTEX_POINT('',#8126);
#1697=VERTEX_POINT('',#8134);
#1698=VERTEX_POINT('',#8142);
#1699=VERTEX_POINT('',#8150);
#1700=VERTEX_POINT('',#8158);
#1701=VERTEX_POINT('',#8167);
#1702=VERTEX_POINT('',#8168);
#1703=VERTEX_POINT('',#8170);
#1704=VERTEX_POINT('',#8172);
#1705=VERTEX_POINT('',#8174);
#1706=VERTEX_POINT('',#8179);
#1707=VERTEX_POINT('',#8181);
#1708=VERTEX_POINT('',#8186);
#1709=VERTEX_POINT('',#8188);
#1710=VERTEX_POINT('',#8190);
#1711=VERTEX_POINT('',#8192);
#1712=VERTEX_POINT('',#8194);
#1713=VERTEX_POINT('',#8199);
#1714=VERTEX_POINT('',#8205);
#1715=VERTEX_POINT('',#8206);
#1716=VERTEX_POINT('',#8208);
#1717=VERTEX_POINT('',#8210);
#1718=VERTEX_POINT('',#8218);
#1719=VERTEX_POINT('',#8226);
#1720=VERTEX_POINT('',#8234);
#1721=VERTEX_POINT('',#8242);
#1722=VERTEX_POINT('',#8244);
#1723=VERTEX_POINT('',#8246);
#1724=VERTEX_POINT('',#8254);
#1725=VERTEX_POINT('',#8262);
#1726=VERTEX_POINT('',#8277);
#1727=VERTEX_POINT('',#8278);
#1728=VERTEX_POINT('',#8286);
#1729=VERTEX_POINT('',#8294);
#1730=VERTEX_POINT('',#8302);
#1731=VERTEX_POINT('',#8304);
#1732=VERTEX_POINT('',#8306);
#1733=VERTEX_POINT('',#8314);
#1734=VERTEX_POINT('',#8322);
#1735=VERTEX_POINT('',#8330);
#1736=VERTEX_POINT('',#8338);
#1737=VERTEX_POINT('',#8340);
#1738=VERTEX_POINT('',#8349);
#1739=VERTEX_POINT('',#8350);
#1740=VERTEX_POINT('',#8361);
#1741=VERTEX_POINT('',#8369);
#1742=VERTEX_POINT('',#8377);
#1743=VERTEX_POINT('',#8385);
#1744=VERTEX_POINT('',#8387);
#1745=VERTEX_POINT('',#8389);
#1746=VERTEX_POINT('',#8397);
#1747=VERTEX_POINT('',#8405);
#1748=VERTEX_POINT('',#8413);
#1749=VERTEX_POINT('',#8421);
#1750=VERTEX_POINT('',#8429);
#1751=VERTEX_POINT('',#8437);
#1752=VERTEX_POINT('',#8445);
#1753=VERTEX_POINT('',#8447);
#1754=VERTEX_POINT('',#8449);
#1755=VERTEX_POINT('',#8451);
#1756=VERTEX_POINT('',#8453);
#1757=VERTEX_POINT('',#8455);
#1758=VERTEX_POINT('',#8457);
#1759=VERTEX_POINT('',#8472);
#1760=VERTEX_POINT('',#8473);
#1761=VERTEX_POINT('',#8484);
#1762=VERTEX_POINT('',#8498);
#1763=VERTEX_POINT('',#8506);
#1764=VERTEX_POINT('',#8514);
#1765=VERTEX_POINT('',#8522);
#1766=VERTEX_POINT('',#8530);
#1767=VERTEX_POINT('',#8538);
#1768=VERTEX_POINT('',#8540);
#1769=VERTEX_POINT('',#8542);
#1770=VERTEX_POINT('',#8550);
#1771=VERTEX_POINT('',#8558);
#1772=VERTEX_POINT('',#8573);
#1773=VERTEX_POINT('',#8574);
#1774=VERTEX_POINT('',#8576);
#1775=VERTEX_POINT('',#8578);
#1776=VERTEX_POINT('',#8580);
#1777=VERTEX_POINT('',#8585);
#1778=VERTEX_POINT('',#8587);
#1779=VERTEX_POINT('',#8592);
#1780=VERTEX_POINT('',#8602);
#1781=VERTEX_POINT('',#8603);
#1782=VERTEX_POINT('',#8605);
#1783=VERTEX_POINT('',#8609);
#1784=VERTEX_POINT('',#8610);
#1785=VERTEX_POINT('',#8618);
#1786=VERTEX_POINT('',#8626);
#1787=VERTEX_POINT('',#8634);
#1788=VERTEX_POINT('',#8642);
#1789=VERTEX_POINT('',#8650);
#1790=VERTEX_POINT('',#8658);
#1791=VERTEX_POINT('',#8678);
#1792=VERTEX_POINT('',#8679);
#1793=VERTEX_POINT('',#8687);
#1794=VERTEX_POINT('',#8695);
#1795=VERTEX_POINT('',#8703);
#1796=VERTEX_POINT('',#8724);
#1797=VERTEX_POINT('',#8725);
#1798=VERTEX_POINT('',#8733);
#1799=VERTEX_POINT('',#8741);
#1800=VERTEX_POINT('',#8755);
#1801=VERTEX_POINT('',#8763);
#1802=VERTEX_POINT('',#8782);
#1803=VERTEX_POINT('',#8783);
#1804=VERTEX_POINT('',#8791);
#1805=VERTEX_POINT('',#8805);
#1806=VERTEX_POINT('',#8813);
#1807=VERTEX_POINT('',#8821);
#1808=VERTEX_POINT('',#8849);
#1809=VERTEX_POINT('',#8851);
#1810=VERTEX_POINT('',#8853);
#1811=VERTEX_POINT('',#8857);
#1812=VERTEX_POINT('',#8861);
#1813=VERTEX_POINT('',#8862);
#1814=VERTEX_POINT('',#8866);
#1815=VERTEX_POINT('',#8868);
#1816=VERTEX_POINT('',#8870);
#1817=VERTEX_POINT('',#8874);
#1818=VERTEX_POINT('',#8878);
#1819=VERTEX_POINT('',#8879);
#1820=VERTEX_POINT('',#8883);
#1821=VERTEX_POINT('',#8885);
#1822=VERTEX_POINT('',#8892);
#1823=VERTEX_POINT('',#8894);
#1824=VERTEX_POINT('',#8901);
#1825=VERTEX_POINT('',#8902);
#1826=VERTEX_POINT('',#8904);
#1827=VERTEX_POINT('',#8906);
#1828=VERTEX_POINT('',#8909);
#1829=VERTEX_POINT('',#8913);
#1830=VERTEX_POINT('',#8915);
#1831=VERTEX_POINT('',#8916);
#1832=VERTEX_POINT('',#8919);
#1833=VERTEX_POINT('',#8920);
#1834=VERTEX_POINT('',#8922);
#1835=VERTEX_POINT('',#8924);
#1836=VERTEX_POINT('',#8926);
#1837=VERTEX_POINT('',#8928);
#1838=VERTEX_POINT('',#8930);
#1839=VERTEX_POINT('',#8932);
#1840=VERTEX_POINT('',#8934);
#1841=VERTEX_POINT('',#8936);
#1842=VERTEX_POINT('',#8939);
#1843=VERTEX_POINT('',#8940);
#1844=VERTEX_POINT('',#8942);
#1845=VERTEX_POINT('',#8944);
#1846=VERTEX_POINT('',#8946);
#1847=VERTEX_POINT('',#8948);
#1848=VERTEX_POINT('',#8950);
#1849=VERTEX_POINT('',#8952);
#1850=VERTEX_POINT('',#8954);
#1851=VERTEX_POINT('',#8956);
#1852=VERTEX_POINT('',#8960);
#1853=VERTEX_POINT('',#8962);
#1854=VERTEX_POINT('',#8966);
#1855=VERTEX_POINT('',#8967);
#1856=VERTEX_POINT('',#8970);
#1857=VERTEX_POINT('',#8974);
#1858=VERTEX_POINT('',#8976);
#1859=VERTEX_POINT('',#8980);
#1860=VERTEX_POINT('',#8981);
#1861=VERTEX_POINT('',#8983);
#1862=VERTEX_POINT('',#8985);
#1863=VERTEX_POINT('',#8989);
#1864=VERTEX_POINT('',#8990);
#1865=VERTEX_POINT('',#8995);
#1866=VERTEX_POINT('',#8996);
#1867=VERTEX_POINT('',#9001);
#1868=VERTEX_POINT('',#9002);
#1869=VERTEX_POINT('',#9007);
#1870=VERTEX_POINT('',#9008);
#1871=VERTEX_POINT('',#9013);
#1872=VERTEX_POINT('',#9014);
#1873=VERTEX_POINT('',#9019);
#1874=VERTEX_POINT('',#9020);
#1875=VERTEX_POINT('',#9025);
#1876=VERTEX_POINT('',#9026);
#1877=VERTEX_POINT('',#9031);
#1878=VERTEX_POINT('',#9032);
#1879=VERTEX_POINT('',#9052);
#1880=VERTEX_POINT('',#9053);
#1881=VERTEX_POINT('',#9055);
#1882=VERTEX_POINT('',#9057);
#1883=VERTEX_POINT('',#9061);
#1884=VERTEX_POINT('',#9062);
#1885=VERTEX_POINT('',#9067);
#1886=VERTEX_POINT('',#9068);
#1887=VERTEX_POINT('',#9073);
#1888=VERTEX_POINT('',#9074);
#1889=VERTEX_POINT('',#9079);
#1890=VERTEX_POINT('',#9080);
#1891=VERTEX_POINT('',#9085);
#1892=VERTEX_POINT('',#9086);
#1893=VERTEX_POINT('',#9091);
#1894=VERTEX_POINT('',#9092);
#1895=VERTEX_POINT('',#9097);
#1896=VERTEX_POINT('',#9098);
#1897=VERTEX_POINT('',#9103);
#1898=VERTEX_POINT('',#9104);
#1899=VERTEX_POINT('',#9124);
#1900=VERTEX_POINT('',#9125);
#1901=VERTEX_POINT('',#9127);
#1902=VERTEX_POINT('',#9129);
#1903=VERTEX_POINT('',#9142);
#1904=VERTEX_POINT('',#9143);
#1905=VERTEX_POINT('',#9148);
#1906=VERTEX_POINT('',#9149);
#1907=VERTEX_POINT('',#9163);
#1908=VERTEX_POINT('',#9165);
#1909=VERTEX_POINT('',#9169);
#1910=VERTEX_POINT('',#9173);
#1911=VERTEX_POINT('',#9177);
#1912=VERTEX_POINT('',#9178);
#1913=VERTEX_POINT('',#9180);
#1914=VERTEX_POINT('',#9182);
#1915=VERTEX_POINT('',#9195);
#1916=VERTEX_POINT('',#9196);
#1917=VERTEX_POINT('',#9201);
#1918=VERTEX_POINT('',#9202);
#1919=VERTEX_POINT('',#9216);
#1920=VERTEX_POINT('',#9218);
#1921=VERTEX_POINT('',#9222);
#1922=VERTEX_POINT('',#9226);
#1923=VERTEX_POINT('',#9230);
#1924=VERTEX_POINT('',#9231);
#1925=VERTEX_POINT('',#9233);
#1926=VERTEX_POINT('',#9235);
#1927=VERTEX_POINT('',#9248);
#1928=VERTEX_POINT('',#9249);
#1929=VERTEX_POINT('',#9254);
#1930=VERTEX_POINT('',#9255);
#1931=VERTEX_POINT('',#9269);
#1932=VERTEX_POINT('',#9271);
#1933=VERTEX_POINT('',#9275);
#1934=VERTEX_POINT('',#9279);
#1935=VERTEX_POINT('',#9283);
#1936=VERTEX_POINT('',#9284);
#1937=VERTEX_POINT('',#9286);
#1938=VERTEX_POINT('',#9288);
#1939=VERTEX_POINT('',#9301);
#1940=VERTEX_POINT('',#9302);
#1941=VERTEX_POINT('',#9307);
#1942=VERTEX_POINT('',#9308);
#1943=VERTEX_POINT('',#9322);
#1944=VERTEX_POINT('',#9324);
#1945=VERTEX_POINT('',#9328);
#1946=VERTEX_POINT('',#9332);
#1947=VERTEX_POINT('',#9367);
#1948=VERTEX_POINT('',#9371);
#1949=VERTEX_POINT('',#9372);
#1950=VERTEX_POINT('',#9374);
#1951=VERTEX_POINT('',#9376);
#1952=VERTEX_POINT('',#9385);
#1953=VERTEX_POINT('',#9389);
#1954=VERTEX_POINT('',#9391);
#1955=VERTEX_POINT('',#9395);
#1956=VERTEX_POINT('',#9397);
#1957=VERTEX_POINT('',#9401);
#1958=VERTEX_POINT('',#9402);
#1959=VERTEX_POINT('',#9408);
#1960=VERTEX_POINT('',#9424);
#1961=EDGE_CURVE('',#1372,#1373,#1064,.T.);
#1962=EDGE_CURVE('',#1372,#1374,#726,.T.);
#1963=EDGE_CURVE('',#1374,#1375,#1065,.T.);
#1964=EDGE_CURVE('',#1373,#1375,#727,.T.);
#1965=EDGE_CURVE('',#1376,#1377,#1066,.T.);
#1966=EDGE_CURVE('',#1376,#1378,#728,.T.);
#1967=EDGE_CURVE('',#1378,#1379,#1067,.T.);
#1968=EDGE_CURVE('',#1377,#1379,#729,.T.);
#1969=EDGE_CURVE('',#1380,#1381,#730,.T.);
#1970=EDGE_CURVE('',#1380,#1382,#93,.T.);
#1971=EDGE_CURVE('',#1382,#1383,#731,.T.);
#1972=EDGE_CURVE('',#1381,#1383,#94,.T.);
#1973=EDGE_CURVE('',#1384,#1385,#732,.T.);
#1974=EDGE_CURVE('',#1384,#1386,#1068,.T.);
#1975=EDGE_CURVE('',#1386,#1387,#733,.T.);
#1976=EDGE_CURVE('',#1385,#1387,#1069,.T.);
#1977=EDGE_CURVE('',#1388,#1389,#1070,.T.);
#1978=EDGE_CURVE('',#1388,#1390,#734,.T.);
#1979=EDGE_CURVE('',#1390,#1391,#1071,.T.);
#1980=EDGE_CURVE('',#1389,#1391,#735,.T.);
#1981=EDGE_CURVE('',#1392,#1393,#1072,.T.);
#1982=EDGE_CURVE('',#1394,#1392,#95,.T.);
#1983=EDGE_CURVE('',#1395,#1394,#1073,.T.);
#1984=EDGE_CURVE('',#1393,#1395,#96,.T.);
#1985=EDGE_CURVE('',#1396,#1397,#1074,.T.);
#1986=EDGE_CURVE('',#1398,#1396,#97,.T.);
#1987=EDGE_CURVE('',#1398,#1399,#1075,.T.);
#1988=EDGE_CURVE('',#1400,#1399,#1076,.T.);
#1989=EDGE_CURVE('',#1400,#1401,#98,.T.);
#1990=EDGE_CURVE('',#1397,#1401,#1077,.T.);
#1991=EDGE_CURVE('',#1402,#1392,#1078,.T.);
#1992=EDGE_CURVE('',#1401,#1402,#1079,.T.);
#1993=EDGE_CURVE('',#1403,#1400,#1080,.T.);
#1994=EDGE_CURVE('',#1394,#1403,#1081,.T.);
#1995=EDGE_CURVE('',#1404,#1405,#1082,.T.);
#1996=EDGE_CURVE('',#1393,#1405,#1083,.T.);
#1997=EDGE_CURVE('',#1406,#1395,#1084,.T.);
#1998=EDGE_CURVE('',#1406,#1407,#1085,.T.);
#1999=EDGE_CURVE('',#1404,#1407,#99,.T.);
#2000=EDGE_CURVE('',#1396,#1408,#1086,.T.);
#2001=EDGE_CURVE('',#1408,#1409,#100,.T.);
#2002=EDGE_CURVE('',#1409,#1398,#1087,.T.);
#2003=EDGE_CURVE('',#1410,#1404,#1088,.T.);
#2004=EDGE_CURVE('',#1407,#1411,#1089,.T.);
#2005=EDGE_CURVE('',#1411,#1409,#1090,.T.);
#2006=EDGE_CURVE('',#1408,#1410,#1091,.T.);
#2007=EDGE_CURVE('',#1409,#1412,#101,.T.);
#2008=EDGE_CURVE('',#1412,#1382,#102,.T.);
#2009=EDGE_CURVE('',#1413,#1380,#103,.T.);
#2010=EDGE_CURVE('',#1413,#1398,#104,.T.);
#2011=EDGE_CURVE('',#1407,#1414,#105,.T.);
#2012=EDGE_CURVE('',#1414,#1412,#106,.T.);
#2013=EDGE_CURVE('',#1415,#1413,#107,.T.);
#2014=EDGE_CURVE('',#1415,#1400,#108,.T.);
#2015=EDGE_CURVE('',#1401,#1404,#109,.T.);
#2016=EDGE_CURVE('',#1396,#1408,#110,.T.);
#2017=EDGE_CURVE('',#1395,#1416,#111,.T.);
#2018=EDGE_CURVE('',#1416,#1414,#112,.T.);
#2019=EDGE_CURVE('',#1392,#1393,#113,.T.);
#2020=EDGE_CURVE('',#1417,#1418,#1092,.T.);
#2021=EDGE_CURVE('',#1419,#1417,#1093,.T.);
#2022=EDGE_CURVE('',#1420,#1419,#114,.T.);
#2023=EDGE_CURVE('',#1421,#1420,#1094,.T.);
#2024=EDGE_CURVE('',#1422,#1421,#1095,.T.);
#2025=EDGE_CURVE('',#1423,#1422,#1096,.T.);
#2026=EDGE_CURVE('',#1424,#1423,#1097,.T.);
#2027=EDGE_CURVE('',#1425,#1424,#115,.T.);
#2028=EDGE_CURVE('',#1426,#1425,#736,.T.);
#2029=EDGE_CURVE('',#1427,#1426,#1098,.T.);
#2030=EDGE_CURVE('',#1428,#1427,#1099,.T.);
#2031=EDGE_CURVE('',#1429,#1428,#1100,.T.);
#2032=EDGE_CURVE('',#1430,#1429,#1101,.T.);
#2033=EDGE_CURVE('',#1431,#1430,#1102,.T.);
#2034=EDGE_CURVE('',#1432,#1431,#1103,.T.);
#2035=EDGE_CURVE('',#1433,#1432,#737,.T.);
#2036=EDGE_CURVE('',#1434,#1433,#116,.T.);
#2037=EDGE_CURVE('',#1435,#1434,#738,.T.);
#2038=EDGE_CURVE('',#1436,#1435,#1104,.T.);
#2039=EDGE_CURVE('',#1437,#1436,#1105,.T.);
#2040=EDGE_CURVE('',#1438,#1437,#1106,.T.);
#2041=EDGE_CURVE('',#1439,#1438,#1107,.T.);
#2042=EDGE_CURVE('',#1440,#1439,#1108,.T.);
#2043=EDGE_CURVE('',#1441,#1440,#739,.T.);
#2044=EDGE_CURVE('',#1442,#1441,#117,.T.);
#2045=EDGE_CURVE('',#1443,#1442,#1109,.T.);
#2046=EDGE_CURVE('',#1444,#1443,#1110,.T.);
#2047=EDGE_CURVE('',#1418,#1444,#1111,.T.);
#2048=EDGE_CURVE('',#1445,#1446,#1112,.T.);
#2049=EDGE_CURVE('',#1447,#1445,#1113,.T.);
#2050=EDGE_CURVE('',#1448,#1447,#1114,.T.);
#2051=EDGE_CURVE('',#1449,#1448,#1115,.T.);
#2052=EDGE_CURVE('',#1450,#1449,#1116,.T.);
#2053=EDGE_CURVE('',#1451,#1450,#740,.T.);
#2054=EDGE_CURVE('',#1452,#1451,#118,.T.);
#2055=EDGE_CURVE('',#1453,#1452,#1117,.T.);
#2056=EDGE_CURVE('',#1454,#1453,#1118,.T.);
#2057=EDGE_CURVE('',#1455,#1454,#1119,.T.);
#2058=EDGE_CURVE('',#1456,#1455,#1120,.T.);
#2059=EDGE_CURVE('',#1457,#1456,#1121,.T.);
#2060=EDGE_CURVE('',#1446,#1457,#1122,.T.);
#2061=EDGE_CURVE('',#1458,#1459,#1123,.T.);
#2062=EDGE_CURVE('',#1458,#1460,#1124,.T.);
#2063=EDGE_CURVE('',#1461,#1460,#1125,.T.);
#2064=EDGE_CURVE('',#1462,#1461,#1126,.T.);
#2065=EDGE_CURVE('',#1463,#1462,#1127,.T.);
#2066=EDGE_CURVE('',#1464,#1463,#1128,.T.);
#2067=EDGE_CURVE('',#1465,#1464,#1129,.T.);
#2068=EDGE_CURVE('',#1459,#1465,#1130,.T.);
#2069=EDGE_CURVE('',#1466,#1467,#1131,.T.);
#2070=EDGE_CURVE('',#1468,#1466,#741,.T.);
#2071=EDGE_CURVE('',#1469,#1468,#1132,.T.);
#2072=EDGE_CURVE('',#1470,#1469,#1133,.T.);
#2073=EDGE_CURVE('',#1471,#1470,#1134,.T.);
#2074=EDGE_CURVE('',#1472,#1471,#1135,.T.);
#2075=EDGE_CURVE('',#1473,#1472,#742,.T.);
#2076=EDGE_CURVE('',#1474,#1473,#1136,.T.);
#2077=EDGE_CURVE('',#1475,#1474,#743,.T.);
#2078=EDGE_CURVE('',#1476,#1475,#1137,.T.);
#2079=EDGE_CURVE('',#1477,#1476,#1138,.T.);
#2080=EDGE_CURVE('',#1478,#1477,#1139,.T.);
#2081=EDGE_CURVE('',#1479,#1478,#1140,.T.);
#2082=EDGE_CURVE('',#1480,#1479,#1141,.T.);
#2083=EDGE_CURVE('',#1481,#1480,#1142,.T.);
#2084=EDGE_CURVE('',#1467,#1481,#744,.T.);
#2085=EDGE_CURVE('',#1482,#1483,#1143,.T.);
#2086=EDGE_CURVE('',#1484,#1482,#1144,.T.);
#2087=EDGE_CURVE('',#1485,#1484,#1145,.T.);
#2088=EDGE_CURVE('',#1486,#1485,#1146,.T.);
#2089=EDGE_CURVE('',#1487,#1486,#1147,.T.);
#2090=EDGE_CURVE('',#1488,#1487,#1148,.T.);
#2091=EDGE_CURVE('',#1489,#1488,#1149,.T.);
#2092=EDGE_CURVE('',#1483,#1489,#1150,.T.);
#2093=EDGE_CURVE('',#1490,#1491,#1151,.T.);
#2094=EDGE_CURVE('',#1490,#1492,#1152,.T.);
#2095=EDGE_CURVE('',#1493,#1492,#1153,.T.);
#2096=EDGE_CURVE('',#1491,#1493,#1154,.T.);
#2097=EDGE_CURVE('',#1494,#1495,#119,.T.);
#2098=EDGE_CURVE('',#1496,#1494,#745,.T.);
#2099=EDGE_CURVE('',#1497,#1496,#1155,.T.);
#2100=EDGE_CURVE('',#1498,#1497,#1156,.T.);
#2101=EDGE_CURVE('',#1499,#1498,#1157,.T.);
#2102=EDGE_CURVE('',#1500,#1499,#1158,.T.);
#2103=EDGE_CURVE('',#1501,#1500,#120,.T.);
#2104=EDGE_CURVE('',#1502,#1501,#746,.T.);
#2105=EDGE_CURVE('',#1503,#1502,#1159,.T.);
#2106=EDGE_CURVE('',#1504,#1503,#1160,.T.);
#2107=EDGE_CURVE('',#1505,#1504,#1161,.T.);
#2108=EDGE_CURVE('',#1506,#1505,#1162,.T.);
#2109=EDGE_CURVE('',#1507,#1506,#1163,.T.);
#2110=EDGE_CURVE('',#1508,#1507,#121,.T.);
#2111=EDGE_CURVE('',#1495,#1508,#747,.T.);
#2112=EDGE_CURVE('',#1509,#1510,#1164,.T.);
#2113=EDGE_CURVE('',#1511,#1509,#1165,.T.);
#2114=EDGE_CURVE('',#1512,#1511,#122,.T.);
#2115=EDGE_CURVE('',#1513,#1512,#1166,.T.);
#2116=EDGE_CURVE('',#1514,#1513,#1167,.T.);
#2117=EDGE_CURVE('',#1515,#1514,#1168,.T.);
#2118=EDGE_CURVE('',#1516,#1515,#1169,.T.);
#2119=EDGE_CURVE('',#1517,#1516,#123,.T.);
#2120=EDGE_CURVE('',#1518,#1517,#748,.T.);
#2121=EDGE_CURVE('',#1519,#1518,#1170,.T.);
#2122=EDGE_CURVE('',#1520,#1519,#1171,.T.);
#2123=EDGE_CURVE('',#1521,#1520,#1172,.T.);
#2124=EDGE_CURVE('',#1522,#1521,#1173,.T.);
#2125=EDGE_CURVE('',#1523,#1522,#1174,.T.);
#2126=EDGE_CURVE('',#1524,#1523,#1175,.T.);
#2127=EDGE_CURVE('',#1525,#1524,#749,.T.);
#2128=EDGE_CURVE('',#1526,#1525,#124,.T.);
#2129=EDGE_CURVE('',#1527,#1526,#750,.T.);
#2130=EDGE_CURVE('',#1528,#1527,#1176,.T.);
#2131=EDGE_CURVE('',#1529,#1528,#1177,.T.);
#2132=EDGE_CURVE('',#1530,#1529,#1178,.T.);
#2133=EDGE_CURVE('',#1531,#1530,#1179,.T.);
#2134=EDGE_CURVE('',#1532,#1531,#1180,.T.);
#2135=EDGE_CURVE('',#1533,#1532,#751,.T.);
#2136=EDGE_CURVE('',#1534,#1533,#125,.T.);
#2137=EDGE_CURVE('',#1535,#1534,#1181,.T.);
#2138=EDGE_CURVE('',#1536,#1535,#1182,.T.);
#2139=EDGE_CURVE('',#1510,#1536,#1183,.T.);
#2140=EDGE_CURVE('',#1537,#1538,#1184,.T.);
#2141=EDGE_CURVE('',#1539,#1537,#1185,.T.);
#2142=EDGE_CURVE('',#1540,#1539,#1186,.T.);
#2143=EDGE_CURVE('',#1541,#1540,#1187,.T.);
#2144=EDGE_CURVE('',#1542,#1541,#1188,.T.);
#2145=EDGE_CURVE('',#1543,#1542,#752,.T.);
#2146=EDGE_CURVE('',#1544,#1543,#126,.T.);
#2147=EDGE_CURVE('',#1545,#1544,#1189,.T.);
#2148=EDGE_CURVE('',#1546,#1545,#1190,.T.);
#2149=EDGE_CURVE('',#1547,#1546,#1191,.T.);
#2150=EDGE_CURVE('',#1548,#1547,#1192,.T.);
#2151=EDGE_CURVE('',#1549,#1548,#1193,.T.);
#2152=EDGE_CURVE('',#1538,#1549,#1194,.T.);
#2153=EDGE_CURVE('',#1550,#1551,#1195,.T.);
#2154=EDGE_CURVE('',#1550,#1552,#1196,.T.);
#2155=EDGE_CURVE('',#1553,#1552,#1197,.T.);
#2156=EDGE_CURVE('',#1554,#1553,#1198,.T.);
#2157=EDGE_CURVE('',#1555,#1554,#1199,.T.);
#2158=EDGE_CURVE('',#1556,#1555,#1200,.T.);
#2159=EDGE_CURVE('',#1557,#1556,#1201,.T.);
#2160=EDGE_CURVE('',#1551,#1557,#1202,.T.);
#2161=EDGE_CURVE('',#1558,#1559,#1203,.T.);
#2162=EDGE_CURVE('',#1560,#1558,#753,.T.);
#2163=EDGE_CURVE('',#1561,#1560,#1204,.T.);
#2164=EDGE_CURVE('',#1562,#1561,#1205,.T.);
#2165=EDGE_CURVE('',#1563,#1562,#1206,.T.);
#2166=EDGE_CURVE('',#1564,#1563,#1207,.T.);
#2167=EDGE_CURVE('',#1565,#1564,#754,.T.);
#2168=EDGE_CURVE('',#1566,#1565,#1208,.T.);
#2169=EDGE_CURVE('',#1567,#1566,#755,.T.);
#2170=EDGE_CURVE('',#1568,#1567,#1209,.T.);
#2171=EDGE_CURVE('',#1569,#1568,#1210,.T.);
#2172=EDGE_CURVE('',#1570,#1569,#1211,.T.);
#2173=EDGE_CURVE('',#1571,#1570,#1212,.T.);
#2174=EDGE_CURVE('',#1572,#1571,#1213,.T.);
#2175=EDGE_CURVE('',#1573,#1572,#1214,.T.);
#2176=EDGE_CURVE('',#1559,#1573,#756,.T.);
#2177=EDGE_CURVE('',#1574,#1575,#1215,.T.);
#2178=EDGE_CURVE('',#1576,#1574,#1216,.T.);
#2179=EDGE_CURVE('',#1577,#1576,#1217,.T.);
#2180=EDGE_CURVE('',#1578,#1577,#1218,.T.);
#2181=EDGE_CURVE('',#1579,#1578,#1219,.T.);
#2182=EDGE_CURVE('',#1580,#1579,#1220,.T.);
#2183=EDGE_CURVE('',#1581,#1580,#1221,.T.);
#2184=EDGE_CURVE('',#1575,#1581,#1222,.T.);
#2185=EDGE_CURVE('',#1582,#1583,#1223,.T.);
#2186=EDGE_CURVE('',#1582,#1584,#1224,.T.);
#2187=EDGE_CURVE('',#1585,#1584,#1225,.T.);
#2188=EDGE_CURVE('',#1583,#1585,#1226,.T.);
#2189=EDGE_CURVE('',#1586,#1587,#127,.T.);
#2190=EDGE_CURVE('',#1588,#1586,#757,.T.);
#2191=EDGE_CURVE('',#1589,#1588,#1227,.T.);
#2192=EDGE_CURVE('',#1590,#1589,#1228,.T.);
#2193=EDGE_CURVE('',#1591,#1590,#1229,.T.);
#2194=EDGE_CURVE('',#1592,#1591,#1230,.T.);
#2195=EDGE_CURVE('',#1593,#1592,#128,.T.);
#2196=EDGE_CURVE('',#1594,#1593,#758,.T.);
#2197=EDGE_CURVE('',#1595,#1594,#1231,.T.);
#2198=EDGE_CURVE('',#1596,#1595,#1232,.T.);
#2199=EDGE_CURVE('',#1597,#1596,#1233,.T.);
#2200=EDGE_CURVE('',#1598,#1597,#1234,.T.);
#2201=EDGE_CURVE('',#1599,#1598,#1235,.T.);
#2202=EDGE_CURVE('',#1600,#1599,#129,.T.);
#2203=EDGE_CURVE('',#1587,#1600,#759,.T.);
#2204=EDGE_CURVE('',#1601,#1602,#130,.T.);
#2205=EDGE_CURVE('',#1603,#1601,#760,.T.);
#2206=EDGE_CURVE('',#1604,#1603,#1236,.T.);
#2207=EDGE_CURVE('',#1605,#1604,#1237,.T.);
#2208=EDGE_CURVE('',#1606,#1605,#1238,.T.);
#2209=EDGE_CURVE('',#1607,#1606,#1239,.T.);
#2210=EDGE_CURVE('',#1608,#1607,#131,.T.);
#2211=EDGE_CURVE('',#1609,#1608,#761,.T.);
#2212=EDGE_CURVE('',#1610,#1609,#1240,.T.);
#2213=EDGE_CURVE('',#1611,#1610,#1241,.T.);
#2214=EDGE_CURVE('',#1612,#1611,#1242,.T.);
#2215=EDGE_CURVE('',#1613,#1612,#1243,.T.);
#2216=EDGE_CURVE('',#1614,#1613,#1244,.T.);
#2217=EDGE_CURVE('',#1615,#1614,#132,.T.);
#2218=EDGE_CURVE('',#1602,#1615,#762,.T.);
#2219=EDGE_CURVE('',#1616,#1617,#133,.T.);
#2220=EDGE_CURVE('',#1618,#1616,#763,.T.);
#2221=EDGE_CURVE('',#1619,#1618,#134,.T.);
#2222=EDGE_CURVE('',#1620,#1619,#764,.T.);
#2223=EDGE_CURVE('',#1621,#1620,#135,.T.);
#2224=EDGE_CURVE('',#1622,#1621,#765,.T.);
#2225=EDGE_CURVE('',#1623,#1622,#136,.T.);
#2226=EDGE_CURVE('',#1624,#1623,#766,.T.);
#2227=EDGE_CURVE('',#1625,#1624,#137,.T.);
#2228=EDGE_CURVE('',#1617,#1625,#767,.T.);
#2229=EDGE_CURVE('',#1626,#1627,#768,.T.);
#2230=EDGE_CURVE('',#1628,#1626,#1245,.T.);
#2231=EDGE_CURVE('',#1629,#1628,#1246,.T.);
#2232=EDGE_CURVE('',#1630,#1629,#769,.T.);
#2233=EDGE_CURVE('',#1631,#1630,#1247,.T.);
#2234=EDGE_CURVE('',#1632,#1631,#770,.T.);
#2235=EDGE_CURVE('',#1627,#1632,#1248,.T.);
#2236=EDGE_CURVE('',#1633,#1634,#138,.T.);
#2237=EDGE_CURVE('',#1635,#1633,#771,.T.);
#2238=EDGE_CURVE('',#1636,#1635,#1249,.T.);
#2239=EDGE_CURVE('',#1637,#1636,#1250,.T.);
#2240=EDGE_CURVE('',#1638,#1637,#1251,.T.);
#2241=EDGE_CURVE('',#1639,#1638,#1252,.T.);
#2242=EDGE_CURVE('',#1640,#1639,#139,.T.);
#2243=EDGE_CURVE('',#1641,#1640,#772,.T.);
#2244=EDGE_CURVE('',#1642,#1641,#1253,.T.);
#2245=EDGE_CURVE('',#1643,#1642,#1254,.T.);
#2246=EDGE_CURVE('',#1644,#1643,#1255,.T.);
#2247=EDGE_CURVE('',#1645,#1644,#1256,.T.);
#2248=EDGE_CURVE('',#1646,#1645,#1257,.T.);
#2249=EDGE_CURVE('',#1647,#1646,#140,.T.);
#2250=EDGE_CURVE('',#1634,#1647,#773,.T.);
#2251=EDGE_CURVE('',#1648,#1649,#141,.T.);
#2252=EDGE_CURVE('',#1650,#1648,#774,.T.);
#2253=EDGE_CURVE('',#1651,#1650,#142,.T.);
#2254=EDGE_CURVE('',#1652,#1651,#775,.T.);
#2255=EDGE_CURVE('',#1653,#1652,#143,.T.);
#2256=EDGE_CURVE('',#1654,#1653,#776,.T.);
#2257=EDGE_CURVE('',#1655,#1654,#144,.T.);
#2258=EDGE_CURVE('',#1656,#1655,#777,.T.);
#2259=EDGE_CURVE('',#1657,#1656,#145,.T.);
#2260=EDGE_CURVE('',#1649,#1657,#778,.T.);
#2261=EDGE_CURVE('',#1658,#1659,#779,.T.);
#2262=EDGE_CURVE('',#1660,#1658,#1258,.T.);
#2263=EDGE_CURVE('',#1661,#1660,#1259,.T.);
#2264=EDGE_CURVE('',#1662,#1661,#780,.T.);
#2265=EDGE_CURVE('',#1663,#1662,#1260,.T.);
#2266=EDGE_CURVE('',#1664,#1663,#781,.T.);
#2267=EDGE_CURVE('',#1659,#1664,#1261,.T.);
#2268=EDGE_CURVE('',#1381,#1383,#146,.T.);
#2269=EDGE_CURVE('',#1380,#1382,#147,.T.);
#2270=EDGE_CURVE('',#1665,#1666,#1262,.T.);
#2271=EDGE_CURVE('',#1666,#1667,#1263,.T.);
#2272=EDGE_CURVE('',#1667,#1668,#1264,.T.);
#2273=EDGE_CURVE('',#1668,#1669,#1265,.T.);
#2274=EDGE_CURVE('',#1669,#1670,#1266,.T.);
#2275=EDGE_CURVE('',#1670,#1671,#782,.T.);
#2276=EDGE_CURVE('',#1671,#1672,#148,.T.);
#2277=EDGE_CURVE('',#1672,#1673,#1267,.T.);
#2278=EDGE_CURVE('',#1673,#1674,#1268,.T.);
#2279=EDGE_CURVE('',#1674,#1675,#1269,.T.);
#2280=EDGE_CURVE('',#1675,#1676,#1270,.T.);
#2281=EDGE_CURVE('',#1676,#1677,#1271,.T.);
#2282=EDGE_CURVE('',#1677,#1678,#1272,.T.);
#2283=EDGE_CURVE('',#1678,#1679,#1273,.T.);
#2284=EDGE_CURVE('',#1679,#1680,#1274,.T.);
#2285=EDGE_CURVE('',#1680,#1681,#149,.T.);
#2286=EDGE_CURVE('',#1681,#1682,#783,.T.);
#2287=EDGE_CURVE('',#1682,#1665,#1275,.T.);
#2288=EDGE_CURVE('',#1683,#1684,#1276,.T.);
#2289=EDGE_CURVE('',#1684,#1685,#1277,.T.);
#2290=EDGE_CURVE('',#1685,#1686,#1278,.T.);
#2291=EDGE_CURVE('',#1686,#1683,#1279,.T.);
#2292=EDGE_CURVE('',#1687,#1688,#1280,.T.);
#2293=EDGE_CURVE('',#1688,#1689,#1281,.T.);
#2294=EDGE_CURVE('',#1689,#1690,#1282,.T.);
#2295=EDGE_CURVE('',#1690,#1691,#1283,.T.);
#2296=EDGE_CURVE('',#1691,#1692,#1284,.T.);
#2297=EDGE_CURVE('',#1692,#1693,#1285,.T.);
#2298=EDGE_CURVE('',#1693,#1694,#784,.T.);
#2299=EDGE_CURVE('',#1694,#1695,#1286,.T.);
#2300=EDGE_CURVE('',#1695,#1696,#1287,.T.);
#2301=EDGE_CURVE('',#1696,#1697,#1288,.T.);
#2302=EDGE_CURVE('',#1697,#1698,#1289,.T.);
#2303=EDGE_CURVE('',#1698,#1699,#1290,.T.);
#2304=EDGE_CURVE('',#1699,#1700,#1291,.T.);
#2305=EDGE_CURVE('',#1700,#1687,#785,.T.);
#2306=EDGE_CURVE('',#1701,#1702,#786,.T.);
#2307=EDGE_CURVE('',#1702,#1703,#150,.T.);
#2308=EDGE_CURVE('',#1703,#1704,#787,.T.);
#2309=EDGE_CURVE('',#1704,#1705,#1292,.T.);
#2310=EDGE_CURVE('',#1705,#1706,#151,.T.);
#2311=EDGE_CURVE('',#1706,#1707,#1293,.T.);
#2312=EDGE_CURVE('',#1707,#1708,#788,.T.);
#2313=EDGE_CURVE('',#1708,#1709,#152,.T.);
#2314=EDGE_CURVE('',#1709,#1710,#789,.T.);
#2315=EDGE_CURVE('',#1710,#1711,#153,.T.);
#2316=EDGE_CURVE('',#1711,#1712,#1294,.T.);
#2317=EDGE_CURVE('',#1712,#1713,#1295,.T.);
#2318=EDGE_CURVE('',#1713,#1701,#154,.T.);
#2319=EDGE_CURVE('',#1714,#1715,#790,.T.);
#2320=EDGE_CURVE('',#1715,#1716,#155,.T.);
#2321=EDGE_CURVE('',#1716,#1717,#1296,.T.);
#2322=EDGE_CURVE('',#1717,#1718,#1297,.T.);
#2323=EDGE_CURVE('',#1718,#1719,#1298,.T.);
#2324=EDGE_CURVE('',#1719,#1720,#1299,.T.);
#2325=EDGE_CURVE('',#1720,#1721,#156,.T.);
#2326=EDGE_CURVE('',#1721,#1722,#791,.T.);
#2327=EDGE_CURVE('',#1722,#1723,#1300,.T.);
#2328=EDGE_CURVE('',#1723,#1724,#1301,.T.);
#2329=EDGE_CURVE('',#1724,#1725,#1302,.T.);
#2330=EDGE_CURVE('',#1725,#1714,#1303,.T.);
#2331=EDGE_CURVE('',#1726,#1727,#1304,.T.);
#2332=EDGE_CURVE('',#1727,#1728,#1305,.T.);
#2333=EDGE_CURVE('',#1728,#1729,#1306,.T.);
#2334=EDGE_CURVE('',#1729,#1730,#157,.T.);
#2335=EDGE_CURVE('',#1730,#1731,#792,.T.);
#2336=EDGE_CURVE('',#1731,#1732,#1307,.T.);
#2337=EDGE_CURVE('',#1732,#1733,#1308,.T.);
#2338=EDGE_CURVE('',#1733,#1734,#1309,.T.);
#2339=EDGE_CURVE('',#1734,#1735,#1310,.T.);
#2340=EDGE_CURVE('',#1735,#1736,#793,.T.);
#2341=EDGE_CURVE('',#1736,#1737,#158,.T.);
#2342=EDGE_CURVE('',#1737,#1726,#1311,.T.);
#2343=EDGE_CURVE('',#1738,#1739,#1312,.T.);
#2344=EDGE_CURVE('',#1739,#1740,#1313,.T.);
#2345=EDGE_CURVE('',#1740,#1741,#1314,.T.);
#2346=EDGE_CURVE('',#1741,#1742,#1315,.T.);
#2347=EDGE_CURVE('',#1742,#1743,#794,.T.);
#2348=EDGE_CURVE('',#1743,#1744,#159,.T.);
#2349=EDGE_CURVE('',#1744,#1745,#1316,.T.);
#2350=EDGE_CURVE('',#1745,#1746,#1317,.T.);
#2351=EDGE_CURVE('',#1746,#1747,#1318,.T.);
#2352=EDGE_CURVE('',#1747,#1748,#1319,.T.);
#2353=EDGE_CURVE('',#1748,#1749,#1320,.T.);
#2354=EDGE_CURVE('',#1749,#1750,#1321,.T.);
#2355=EDGE_CURVE('',#1750,#1751,#1322,.T.);
#2356=EDGE_CURVE('',#1751,#1752,#160,.T.);
#2357=EDGE_CURVE('',#1752,#1753,#795,.T.);
#2358=EDGE_CURVE('',#1753,#1754,#161,.T.);
#2359=EDGE_CURVE('',#1754,#1755,#796,.T.);
#2360=EDGE_CURVE('',#1755,#1756,#162,.T.);
#2361=EDGE_CURVE('',#1756,#1757,#797,.T.);
#2362=EDGE_CURVE('',#1757,#1758,#1323,.T.);
#2363=EDGE_CURVE('',#1758,#1738,#1324,.T.);
#2364=EDGE_CURVE('',#1759,#1760,#1325,.T.);
#2365=EDGE_CURVE('',#1760,#1761,#1326,.T.);
#2366=EDGE_CURVE('',#1761,#1762,#1327,.T.);
#2367=EDGE_CURVE('',#1762,#1763,#1328,.T.);
#2368=EDGE_CURVE('',#1763,#1764,#1329,.T.);
#2369=EDGE_CURVE('',#1764,#1765,#1330,.T.);
#2370=EDGE_CURVE('',#1765,#1766,#1331,.T.);
#2371=EDGE_CURVE('',#1766,#1767,#798,.T.);
#2372=EDGE_CURVE('',#1767,#1768,#163,.T.);
#2373=EDGE_CURVE('',#1768,#1769,#1332,.T.);
#2374=EDGE_CURVE('',#1769,#1770,#1333,.T.);
#2375=EDGE_CURVE('',#1770,#1771,#1334,.T.);
#2376=EDGE_CURVE('',#1771,#1759,#1335,.T.);
#2377=EDGE_CURVE('',#1772,#1773,#164,.T.);
#2378=EDGE_CURVE('',#1773,#1774,#50,.T.);
#2379=EDGE_CURVE('',#1774,#1775,#165,.T.);
#2380=EDGE_CURVE('',#1775,#1776,#1336,.T.);
#2381=EDGE_CURVE('',#1776,#1777,#166,.T.);
#2382=EDGE_CURVE('',#1777,#1778,#1337,.T.);
#2383=EDGE_CURVE('',#1778,#1779,#167,.T.);
#2384=EDGE_CURVE('',#1779,#1772,#1338,.T.);
#2385=EDGE_CURVE('',#1780,#1781,#168,.T.);
#2386=EDGE_CURVE('',#1780,#1782,#51,.T.);
#2387=EDGE_CURVE('',#1781,#1782,#52,.T.);
#2388=EDGE_CURVE('',#1783,#1784,#1339,.T.);
#2389=EDGE_CURVE('',#1783,#1785,#1340,.T.);
#2390=EDGE_CURVE('',#1786,#1785,#1341,.T.);
#2391=EDGE_CURVE('',#1787,#1786,#1342,.T.);
#2392=EDGE_CURVE('',#1788,#1787,#1343,.T.);
#2393=EDGE_CURVE('',#1789,#1788,#1344,.T.);
#2394=EDGE_CURVE('',#1790,#1789,#1345,.T.);
#2395=EDGE_CURVE('',#1784,#1790,#1346,.T.);
#2396=EDGE_CURVE('',#1791,#1792,#1347,.T.);
#2397=EDGE_CURVE('',#1791,#1793,#1348,.T.);
#2398=EDGE_CURVE('',#1794,#1793,#1349,.T.);
#2399=EDGE_CURVE('',#1795,#1794,#1350,.T.);
#2400=EDGE_CURVE('',#1792,#1795,#1351,.T.);
#2401=EDGE_CURVE('',#1796,#1797,#1352,.T.);
#2402=EDGE_CURVE('',#1796,#1798,#1353,.T.);
#2403=EDGE_CURVE('',#1799,#1798,#1354,.T.);
#2404=EDGE_CURVE('',#1800,#1799,#1355,.T.);
#2405=EDGE_CURVE('',#1801,#1800,#1356,.T.);
#2406=EDGE_CURVE('',#1797,#1801,#1357,.T.);
#2407=EDGE_CURVE('',#1802,#1803,#1358,.T.);
#2408=EDGE_CURVE('',#1802,#1804,#1359,.T.);
#2409=EDGE_CURVE('',#1805,#1804,#1360,.T.);
#2410=EDGE_CURVE('',#1806,#1805,#1361,.T.);
#2411=EDGE_CURVE('',#1807,#1806,#1362,.T.);
#2412=EDGE_CURVE('',#1803,#1807,#1363,.T.);
#2413=EDGE_CURVE('',#1808,#1808,#169,.T.);
#2414=EDGE_CURVE('',#1808,#1809,#799,.T.);
#2415=EDGE_CURVE('',#1809,#1810,#170,.T.);
#2416=EDGE_CURVE('',#1810,#1809,#171,.T.);
#2417=EDGE_CURVE('',#1810,#1811,#800,.T.);
#2418=EDGE_CURVE('',#1811,#1811,#172,.T.);
#2419=EDGE_CURVE('',#1812,#1813,#173,.T.);
#2420=EDGE_CURVE('',#1813,#1812,#174,.T.);
#2421=EDGE_CURVE('',#1814,#1814,#175,.T.);
#2422=EDGE_CURVE('',#1814,#1815,#801,.T.);
#2423=EDGE_CURVE('',#1815,#1816,#176,.T.);
#2424=EDGE_CURVE('',#1816,#1815,#177,.T.);
#2425=EDGE_CURVE('',#1816,#1817,#802,.T.);
#2426=EDGE_CURVE('',#1817,#1817,#178,.T.);
#2427=EDGE_CURVE('',#1818,#1819,#179,.T.);
#2428=EDGE_CURVE('',#1819,#1818,#180,.T.);
#2429=EDGE_CURVE('',#1820,#1820,#181,.T.);
#2430=EDGE_CURVE('',#1820,#1821,#803,.T.);
#2431=EDGE_CURVE('',#1821,#1821,#182,.T.);
#2432=EDGE_CURVE('',#1821,#1813,#804,.T.);
#2433=EDGE_CURVE('',#1822,#1822,#183,.T.);
#2434=EDGE_CURVE('',#1822,#1823,#805,.T.);
#2435=EDGE_CURVE('',#1823,#1823,#184,.T.);
#2436=EDGE_CURVE('',#1823,#1819,#806,.T.);
#2437=EDGE_CURVE('',#1824,#1825,#185,.T.);
#2438=EDGE_CURVE('',#1825,#1826,#186,.T.);
#2439=EDGE_CURVE('',#1826,#1827,#187,.T.);
#2440=EDGE_CURVE('',#1827,#1826,#188,.T.);
#2441=EDGE_CURVE('',#1825,#1828,#189,.T.);
#2442=EDGE_CURVE('',#1828,#1824,#190,.T.);
#2443=EDGE_CURVE('',#1829,#1829,#191,.T.);
#2444=EDGE_CURVE('',#1830,#1831,#192,.T.);
#2445=EDGE_CURVE('',#1831,#1830,#193,.T.);
#2446=EDGE_CURVE('',#1832,#1833,#807,.T.);
#2447=EDGE_CURVE('',#1834,#1832,#194,.T.);
#2448=EDGE_CURVE('',#1835,#1834,#808,.T.);
#2449=EDGE_CURVE('',#1836,#1835,#195,.T.);
#2450=EDGE_CURVE('',#1837,#1836,#196,.T.);
#2451=EDGE_CURVE('',#1838,#1837,#197,.T.);
#2452=EDGE_CURVE('',#1839,#1838,#809,.T.);
#2453=EDGE_CURVE('',#1840,#1839,#198,.T.);
#2454=EDGE_CURVE('',#1841,#1840,#199,.T.);
#2455=EDGE_CURVE('',#1833,#1841,#200,.T.);
#2456=EDGE_CURVE('',#1842,#1843,#201,.T.);
#2457=EDGE_CURVE('',#1844,#1842,#810,.T.);
#2458=EDGE_CURVE('',#1845,#1844,#202,.T.);
#2459=EDGE_CURVE('',#1846,#1845,#203,.T.);
#2460=EDGE_CURVE('',#1847,#1846,#204,.T.);
#2461=EDGE_CURVE('',#1848,#1847,#811,.T.);
#2462=EDGE_CURVE('',#1849,#1848,#205,.T.);
#2463=EDGE_CURVE('',#1850,#1849,#206,.T.);
#2464=EDGE_CURVE('',#1851,#1850,#207,.T.);
#2465=EDGE_CURVE('',#1843,#1851,#812,.T.);
#2466=EDGE_CURVE('',#1828,#1852,#813,.T.);
#2467=EDGE_CURVE('',#1852,#1853,#208,.T.);
#2468=EDGE_CURVE('',#1853,#1852,#209,.T.);
#2469=EDGE_CURVE('',#1854,#1855,#210,.T.);
#2470=EDGE_CURVE('',#1855,#1831,#211,.T.);
#2471=EDGE_CURVE('',#1855,#1856,#212,.T.);
#2472=EDGE_CURVE('',#1856,#1854,#213,.T.);
#2473=EDGE_CURVE('',#1856,#1857,#814,.T.);
#2474=EDGE_CURVE('',#1857,#1858,#214,.T.);
#2475=EDGE_CURVE('',#1858,#1857,#215,.T.);
#2476=EDGE_CURVE('',#1859,#1860,#216,.T.);
#2477=EDGE_CURVE('',#1860,#1861,#217,.T.);
#2478=EDGE_CURVE('',#1861,#1862,#218,.T.);
#2479=EDGE_CURVE('',#1862,#1859,#219,.T.);
#2480=EDGE_CURVE('',#1863,#1864,#220,.T.);
#2481=EDGE_CURVE('',#1864,#1862,#815,.T.);
#2482=EDGE_CURVE('',#1861,#1863,#816,.T.);
#2483=EDGE_CURVE('',#1865,#1866,#221,.T.);
#2484=EDGE_CURVE('',#1866,#1864,#222,.T.);
#2485=EDGE_CURVE('',#1863,#1865,#223,.T.);
#2486=EDGE_CURVE('',#1867,#1868,#224,.T.);
#2487=EDGE_CURVE('',#1868,#1866,#225,.T.);
#2488=EDGE_CURVE('',#1865,#1867,#226,.T.);
#2489=EDGE_CURVE('',#1869,#1870,#227,.T.);
#2490=EDGE_CURVE('',#1870,#1868,#228,.T.);
#2491=EDGE_CURVE('',#1867,#1869,#229,.T.);
#2492=EDGE_CURVE('',#1871,#1872,#230,.T.);
#2493=EDGE_CURVE('',#1872,#1870,#817,.T.);
#2494=EDGE_CURVE('',#1869,#1871,#818,.T.);
#2495=EDGE_CURVE('',#1873,#1874,#231,.T.);
#2496=EDGE_CURVE('',#1874,#1872,#232,.T.);
#2497=EDGE_CURVE('',#1871,#1873,#233,.T.);
#2498=EDGE_CURVE('',#1875,#1876,#234,.T.);
#2499=EDGE_CURVE('',#1876,#1874,#819,.T.);
#2500=EDGE_CURVE('',#1873,#1875,#820,.T.);
#2501=EDGE_CURVE('',#1877,#1878,#235,.T.);
#2502=EDGE_CURVE('',#1878,#1876,#236,.T.);
#2503=EDGE_CURVE('',#1875,#1877,#237,.T.);
#2504=EDGE_CURVE('',#1859,#1878,#238,.T.);
#2505=EDGE_CURVE('',#1877,#1860,#239,.T.);
#2506=EDGE_CURVE('',#1867,#1845,#821,.T.);
#2507=EDGE_CURVE('',#1869,#1844,#822,.T.);
#2508=EDGE_CURVE('',#1865,#1846,#823,.T.);
#2509=EDGE_CURVE('',#1863,#1847,#824,.T.);
#2510=EDGE_CURVE('',#1861,#1848,#825,.T.);
#2511=EDGE_CURVE('',#1860,#1849,#826,.T.);
#2512=EDGE_CURVE('',#1879,#1880,#240,.T.);
#2513=EDGE_CURVE('',#1880,#1881,#241,.T.);
#2514=EDGE_CURVE('',#1881,#1882,#242,.T.);
#2515=EDGE_CURVE('',#1882,#1879,#243,.T.);
#2516=EDGE_CURVE('',#1883,#1884,#244,.T.);
#2517=EDGE_CURVE('',#1884,#1882,#827,.T.);
#2518=EDGE_CURVE('',#1881,#1883,#828,.T.);
#2519=EDGE_CURVE('',#1885,#1886,#245,.T.);
#2520=EDGE_CURVE('',#1886,#1884,#246,.T.);
#2521=EDGE_CURVE('',#1883,#1885,#247,.T.);
#2522=EDGE_CURVE('',#1887,#1888,#248,.T.);
#2523=EDGE_CURVE('',#1888,#1886,#829,.T.);
#2524=EDGE_CURVE('',#1885,#1887,#830,.T.);
#2525=EDGE_CURVE('',#1889,#1890,#249,.T.);
#2526=EDGE_CURVE('',#1890,#1888,#250,.T.);
#2527=EDGE_CURVE('',#1887,#1889,#251,.T.);
#2528=EDGE_CURVE('',#1891,#1892,#252,.T.);
#2529=EDGE_CURVE('',#1892,#1890,#253,.T.);
#2530=EDGE_CURVE('',#1889,#1891,#254,.T.);
#2531=EDGE_CURVE('',#1893,#1894,#255,.T.);
#2532=EDGE_CURVE('',#1894,#1892,#256,.T.);
#2533=EDGE_CURVE('',#1891,#1893,#257,.T.);
#2534=EDGE_CURVE('',#1895,#1896,#258,.T.);
#2535=EDGE_CURVE('',#1896,#1894,#831,.T.);
#2536=EDGE_CURVE('',#1893,#1895,#832,.T.);
#2537=EDGE_CURVE('',#1897,#1898,#259,.T.);
#2538=EDGE_CURVE('',#1898,#1896,#260,.T.);
#2539=EDGE_CURVE('',#1895,#1897,#261,.T.);
#2540=EDGE_CURVE('',#1879,#1898,#262,.T.);
#2541=EDGE_CURVE('',#1897,#1880,#263,.T.);
#2542=EDGE_CURVE('',#1887,#1833,#833,.T.);
#2543=EDGE_CURVE('',#1889,#1841,#834,.T.);
#2544=EDGE_CURVE('',#1885,#1832,#835,.T.);
#2545=EDGE_CURVE('',#1883,#1834,#836,.T.);
#2546=EDGE_CURVE('',#1881,#1835,#837,.T.);
#2547=EDGE_CURVE('',#1880,#1836,#838,.T.);
#2548=EDGE_CURVE('',#1899,#1900,#264,.T.);
#2549=EDGE_CURVE('',#1900,#1901,#839,.T.);
#2550=EDGE_CURVE('',#1901,#1902,#1364,.F.);
#2551=EDGE_CURVE('',#1902,#1899,#840,.T.);
#2552=EDGE_CURVE('',#1903,#1904,#265,.T.);
#2553=EDGE_CURVE('',#1904,#1900,#266,.T.);
#2554=EDGE_CURVE('',#1899,#1903,#267,.T.);
#2555=EDGE_CURVE('',#1905,#1906,#1365,.F.);
#2556=EDGE_CURVE('',#1906,#1904,#841,.T.);
#2557=EDGE_CURVE('',#1903,#1905,#842,.T.);
#2558=EDGE_CURVE('',#1907,#1903,#843,.T.);
#2559=EDGE_CURVE('',#1907,#1908,#844,.T.);
#2560=EDGE_CURVE('',#1905,#1908,#845,.T.);
#2561=EDGE_CURVE('',#1899,#1909,#846,.T.);
#2562=EDGE_CURVE('',#1909,#1907,#268,.F.);
#2563=EDGE_CURVE('',#1910,#1902,#847,.T.);
#2564=EDGE_CURVE('',#1909,#1910,#848,.T.);
#2565=EDGE_CURVE('',#1911,#1912,#269,.T.);
#2566=EDGE_CURVE('',#1912,#1913,#849,.T.);
#2567=EDGE_CURVE('',#1913,#1914,#1366,.F.);
#2568=EDGE_CURVE('',#1914,#1911,#850,.T.);
#2569=EDGE_CURVE('',#1915,#1916,#270,.T.);
#2570=EDGE_CURVE('',#1916,#1912,#271,.T.);
#2571=EDGE_CURVE('',#1911,#1915,#272,.T.);
#2572=EDGE_CURVE('',#1917,#1918,#1367,.F.);
#2573=EDGE_CURVE('',#1918,#1916,#851,.T.);
#2574=EDGE_CURVE('',#1915,#1917,#852,.T.);
#2575=EDGE_CURVE('',#1919,#1915,#853,.T.);
#2576=EDGE_CURVE('',#1919,#1920,#854,.T.);
#2577=EDGE_CURVE('',#1917,#1920,#855,.T.);
#2578=EDGE_CURVE('',#1911,#1921,#856,.T.);
#2579=EDGE_CURVE('',#1921,#1919,#273,.F.);
#2580=EDGE_CURVE('',#1922,#1914,#857,.T.);
#2581=EDGE_CURVE('',#1921,#1922,#858,.T.);
#2582=EDGE_CURVE('',#1923,#1924,#274,.T.);
#2583=EDGE_CURVE('',#1924,#1925,#859,.T.);
#2584=EDGE_CURVE('',#1925,#1926,#1368,.F.);
#2585=EDGE_CURVE('',#1926,#1923,#860,.T.);
#2586=EDGE_CURVE('',#1927,#1928,#275,.T.);
#2587=EDGE_CURVE('',#1928,#1924,#276,.T.);
#2588=EDGE_CURVE('',#1923,#1927,#277,.T.);
#2589=EDGE_CURVE('',#1929,#1930,#1369,.F.);
#2590=EDGE_CURVE('',#1930,#1928,#861,.T.);
#2591=EDGE_CURVE('',#1927,#1929,#862,.T.);
#2592=EDGE_CURVE('',#1931,#1927,#863,.T.);
#2593=EDGE_CURVE('',#1932,#1931,#864,.T.);
#2594=EDGE_CURVE('',#1929,#1932,#865,.T.);
#2595=EDGE_CURVE('',#1923,#1933,#866,.T.);
#2596=EDGE_CURVE('',#1933,#1931,#278,.F.);
#2597=EDGE_CURVE('',#1934,#1926,#867,.T.);
#2598=EDGE_CURVE('',#1933,#1934,#868,.T.);
#2599=EDGE_CURVE('',#1935,#1936,#279,.T.);
#2600=EDGE_CURVE('',#1936,#1937,#869,.T.);
#2601=EDGE_CURVE('',#1937,#1938,#1370,.F.);
#2602=EDGE_CURVE('',#1938,#1935,#870,.T.);
#2603=EDGE_CURVE('',#1939,#1940,#280,.T.);
#2604=EDGE_CURVE('',#1940,#1936,#281,.T.);
#2605=EDGE_CURVE('',#1935,#1939,#282,.T.);
#2606=EDGE_CURVE('',#1941,#1942,#1371,.F.);
#2607=EDGE_CURVE('',#1942,#1940,#871,.T.);
#2608=EDGE_CURVE('',#1939,#1941,#872,.T.);
#2609=EDGE_CURVE('',#1943,#1939,#873,.T.);
#2610=EDGE_CURVE('',#1943,#1944,#874,.T.);
#2611=EDGE_CURVE('',#1941,#1944,#875,.T.);
#2612=EDGE_CURVE('',#1935,#1945,#876,.T.);
#2613=EDGE_CURVE('',#1945,#1943,#283,.F.);
#2614=EDGE_CURVE('',#1946,#1938,#877,.T.);
#2615=EDGE_CURVE('',#1945,#1946,#878,.T.);
#2616=EDGE_CURVE('',#1913,#1918,#284,.T.);
#2617=EDGE_CURVE('',#1925,#1930,#285,.T.);
#2618=EDGE_CURVE('',#1937,#1942,#286,.T.);
#2619=EDGE_CURVE('',#1893,#1839,#879,.T.);
#2620=EDGE_CURVE('',#1895,#1838,#880,.T.);
#2621=EDGE_CURVE('',#1897,#1837,#881,.T.);
#2622=EDGE_CURVE('',#1871,#1842,#882,.T.);
#2623=EDGE_CURVE('',#1877,#1850,#883,.T.);
#2624=EDGE_CURVE('',#1875,#1851,#884,.T.);
#2625=EDGE_CURVE('',#1873,#1843,#885,.T.);
#2626=EDGE_CURVE('',#1891,#1840,#886,.T.);
#2627=EDGE_CURVE('',#1901,#1906,#287,.T.);
#2628=EDGE_CURVE('',#1908,#1934,#288,.T.);
#2629=EDGE_CURVE('',#1920,#1910,#289,.T.);
#2630=EDGE_CURVE('',#1944,#1922,#290,.T.);
#2631=EDGE_CURVE('',#1947,#1946,#291,.T.);
#2632=EDGE_CURVE('',#1932,#1947,#292,.T.);
#2633=EDGE_CURVE('',#1948,#1949,#293,.T.);
#2634=EDGE_CURVE('',#1950,#1948,#887,.T.);
#2635=EDGE_CURVE('',#1950,#1951,#294,.T.);
#2636=EDGE_CURVE('',#1951,#1949,#888,.T.);
#2637=EDGE_CURVE('',#1381,#1950,#295,.T.);
#2638=EDGE_CURVE('',#1383,#1951,#296,.T.);
#2639=EDGE_CURVE('',#1952,#1415,#297,.T.);
#2640=EDGE_CURVE('',#1952,#1394,#298,.T.);
#2641=EDGE_CURVE('',#1953,#1952,#889,.T.);
#2642=EDGE_CURVE('',#1953,#1954,#299,.T.);
#2643=EDGE_CURVE('',#1954,#1416,#890,.T.);
#2644=EDGE_CURVE('',#1955,#1953,#300,.T.);
#2645=EDGE_CURVE('',#1955,#1956,#301,.T.);
#2646=EDGE_CURVE('',#1956,#1954,#302,.T.);
#2647=EDGE_CURVE('',#1957,#1958,#303,.T.);
#2648=EDGE_CURVE('',#1957,#1956,#891,.T.);
#2649=EDGE_CURVE('',#1958,#1955,#892,.T.);
#2650=EDGE_CURVE('',#1955,#1956,#304,.T.);
#2651=EDGE_CURVE('',#1957,#1959,#305,.T.);
#2652=EDGE_CURVE('',#1959,#1958,#306,.T.);
#2653=EDGE_CURVE('',#1953,#1954,#307,.T.);
#2654=EDGE_CURVE('',#1952,#1416,#308,.T.);
#2655=EDGE_CURVE('',#1415,#1414,#309,.T.);
#2656=EDGE_CURVE('',#1413,#1412,#310,.T.);
#2657=EDGE_CURVE('',#1950,#1951,#311,.T.);
#2658=EDGE_CURVE('',#1948,#1960,#312,.T.);
#2659=EDGE_CURVE('',#1960,#1949,#313,.T.);
#2660=EDGE_CURVE('',#1960,#1947,#893,.T.);
#2661=EDGE_CURVE('',#1959,#1829,#894,.T.);
#2662=ORIENTED_EDGE('',*,*,#1961,.F.);
#2663=ORIENTED_EDGE('',*,*,#1962,.T.);
#2664=ORIENTED_EDGE('',*,*,#1963,.T.);
#2665=ORIENTED_EDGE('',*,*,#1964,.F.);
#2666=ORIENTED_EDGE('',*,*,#1965,.F.);
#2667=ORIENTED_EDGE('',*,*,#1966,.T.);
#2668=ORIENTED_EDGE('',*,*,#1967,.T.);
#2669=ORIENTED_EDGE('',*,*,#1968,.F.);
#2670=ORIENTED_EDGE('',*,*,#1969,.F.);
#2671=ORIENTED_EDGE('',*,*,#1970,.T.);
#2672=ORIENTED_EDGE('',*,*,#1971,.T.);
#2673=ORIENTED_EDGE('',*,*,#1972,.F.);
#2674=ORIENTED_EDGE('',*,*,#1973,.F.);
#2675=ORIENTED_EDGE('',*,*,#1974,.T.);
#2676=ORIENTED_EDGE('',*,*,#1975,.T.);
#2677=ORIENTED_EDGE('',*,*,#1976,.F.);
#2678=ORIENTED_EDGE('',*,*,#1962,.F.);
#2679=ORIENTED_EDGE('',*,*,#1961,.T.);
#2680=ORIENTED_EDGE('',*,*,#1964,.T.);
#2681=ORIENTED_EDGE('',*,*,#1963,.F.);
#2682=ORIENTED_EDGE('',*,*,#1974,.F.);
#2683=ORIENTED_EDGE('',*,*,#1973,.T.);
#2684=ORIENTED_EDGE('',*,*,#1976,.T.);
#2685=ORIENTED_EDGE('',*,*,#1975,.F.);
#2686=ORIENTED_EDGE('',*,*,#1977,.F.);
#2687=ORIENTED_EDGE('',*,*,#1978,.T.);
#2688=ORIENTED_EDGE('',*,*,#1979,.T.);
#2689=ORIENTED_EDGE('',*,*,#1980,.F.);
#2690=ORIENTED_EDGE('',*,*,#1966,.F.);
#2691=ORIENTED_EDGE('',*,*,#1965,.T.);
#2692=ORIENTED_EDGE('',*,*,#1968,.T.);
#2693=ORIENTED_EDGE('',*,*,#1967,.F.);
#2694=ORIENTED_EDGE('',*,*,#1981,.F.);
#2695=ORIENTED_EDGE('',*,*,#1982,.F.);
#2696=ORIENTED_EDGE('',*,*,#1983,.F.);
#2697=ORIENTED_EDGE('',*,*,#1984,.F.);
#2698=ORIENTED_EDGE('',*,*,#1985,.F.);
#2699=ORIENTED_EDGE('',*,*,#1986,.F.);
#2700=ORIENTED_EDGE('',*,*,#1987,.T.);
#2701=ORIENTED_EDGE('',*,*,#1988,.F.);
#2702=ORIENTED_EDGE('',*,*,#1989,.T.);
#2703=ORIENTED_EDGE('',*,*,#1990,.F.);
#2704=ORIENTED_EDGE('',*,*,#1991,.F.);
#2705=ORIENTED_EDGE('',*,*,#1992,.F.);
#2706=ORIENTED_EDGE('',*,*,#1989,.F.);
#2707=ORIENTED_EDGE('',*,*,#1993,.F.);
#2708=ORIENTED_EDGE('',*,*,#1994,.F.);
#2709=ORIENTED_EDGE('',*,*,#1982,.T.);
#2710=ORIENTED_EDGE('',*,*,#1995,.T.);
#2711=ORIENTED_EDGE('',*,*,#1996,.F.);
#2712=ORIENTED_EDGE('',*,*,#1984,.T.);
#2713=ORIENTED_EDGE('',*,*,#1997,.F.);
#2714=ORIENTED_EDGE('',*,*,#1998,.T.);
#2715=ORIENTED_EDGE('',*,*,#1999,.F.);
#2716=ORIENTED_EDGE('',*,*,#2000,.T.);
#2717=ORIENTED_EDGE('',*,*,#2001,.T.);
#2718=ORIENTED_EDGE('',*,*,#2002,.T.);
#2719=ORIENTED_EDGE('',*,*,#1986,.T.);
#2720=ORIENTED_EDGE('',*,*,#2003,.T.);
#2721=ORIENTED_EDGE('',*,*,#1999,.T.);
#2722=ORIENTED_EDGE('',*,*,#2004,.T.);
#2723=ORIENTED_EDGE('',*,*,#2005,.T.);
#2724=ORIENTED_EDGE('',*,*,#2001,.F.);
#2725=ORIENTED_EDGE('',*,*,#2006,.T.);
#2726=ORIENTED_EDGE('',*,*,#2002,.F.);
#2727=ORIENTED_EDGE('',*,*,#2007,.T.);
#2728=ORIENTED_EDGE('',*,*,#2008,.T.);
#2729=ORIENTED_EDGE('',*,*,#1970,.F.);
#2730=ORIENTED_EDGE('',*,*,#2009,.F.);
#2731=ORIENTED_EDGE('',*,*,#2010,.T.);
#2732=ORIENTED_EDGE('',*,*,#2005,.F.);
#2733=ORIENTED_EDGE('',*,*,#2004,.F.);
#2734=ORIENTED_EDGE('',*,*,#2011,.T.);
#2735=ORIENTED_EDGE('',*,*,#2012,.T.);
#2736=ORIENTED_EDGE('',*,*,#2007,.F.);
#2737=ORIENTED_EDGE('',*,*,#1987,.F.);
#2738=ORIENTED_EDGE('',*,*,#2010,.F.);
#2739=ORIENTED_EDGE('',*,*,#2013,.F.);
#2740=ORIENTED_EDGE('',*,*,#2014,.T.);
#2741=ORIENTED_EDGE('',*,*,#1988,.T.);
#2742=ORIENTED_EDGE('',*,*,#1985,.T.);
#2743=ORIENTED_EDGE('',*,*,#1990,.T.);
#2744=ORIENTED_EDGE('',*,*,#2015,.T.);
#2745=ORIENTED_EDGE('',*,*,#2003,.F.);
#2746=ORIENTED_EDGE('',*,*,#2006,.F.);
#2747=ORIENTED_EDGE('',*,*,#2016,.F.);
#2748=ORIENTED_EDGE('',*,*,#1998,.F.);
#2749=ORIENTED_EDGE('',*,*,#1997,.T.);
#2750=ORIENTED_EDGE('',*,*,#2017,.T.);
#2751=ORIENTED_EDGE('',*,*,#2018,.T.);
#2752=ORIENTED_EDGE('',*,*,#2011,.F.);
#2753=ORIENTED_EDGE('',*,*,#1992,.T.);
#2754=ORIENTED_EDGE('',*,*,#1991,.T.);
#2755=ORIENTED_EDGE('',*,*,#2019,.T.);
#2756=ORIENTED_EDGE('',*,*,#1996,.T.);
#2757=ORIENTED_EDGE('',*,*,#1995,.F.);
#2758=ORIENTED_EDGE('',*,*,#2015,.F.);
#2759=ORIENTED_EDGE('',*,*,#1981,.T.);
#2760=ORIENTED_EDGE('',*,*,#2019,.F.);
#2761=ORIENTED_EDGE('',*,*,#2020,.F.);
#2762=ORIENTED_EDGE('',*,*,#2021,.F.);
#2763=ORIENTED_EDGE('',*,*,#2022,.F.);
#2764=ORIENTED_EDGE('',*,*,#2023,.F.);
#2765=ORIENTED_EDGE('',*,*,#2024,.F.);
#2766=ORIENTED_EDGE('',*,*,#2025,.F.);
#2767=ORIENTED_EDGE('',*,*,#2026,.F.);
#2768=ORIENTED_EDGE('',*,*,#2027,.F.);
#2769=ORIENTED_EDGE('',*,*,#2028,.F.);
#2770=ORIENTED_EDGE('',*,*,#2029,.F.);
#2771=ORIENTED_EDGE('',*,*,#2030,.F.);
#2772=ORIENTED_EDGE('',*,*,#2031,.F.);
#2773=ORIENTED_EDGE('',*,*,#2032,.F.);
#2774=ORIENTED_EDGE('',*,*,#2033,.F.);
#2775=ORIENTED_EDGE('',*,*,#2034,.F.);
#2776=ORIENTED_EDGE('',*,*,#2035,.F.);
#2777=ORIENTED_EDGE('',*,*,#2036,.F.);
#2778=ORIENTED_EDGE('',*,*,#2037,.F.);
#2779=ORIENTED_EDGE('',*,*,#2038,.F.);
#2780=ORIENTED_EDGE('',*,*,#2039,.F.);
#2781=ORIENTED_EDGE('',*,*,#2040,.F.);
#2782=ORIENTED_EDGE('',*,*,#2041,.F.);
#2783=ORIENTED_EDGE('',*,*,#2042,.F.);
#2784=ORIENTED_EDGE('',*,*,#2043,.F.);
#2785=ORIENTED_EDGE('',*,*,#2044,.F.);
#2786=ORIENTED_EDGE('',*,*,#2045,.F.);
#2787=ORIENTED_EDGE('',*,*,#2046,.F.);
#2788=ORIENTED_EDGE('',*,*,#2047,.F.);
#2789=ORIENTED_EDGE('',*,*,#2048,.F.);
#2790=ORIENTED_EDGE('',*,*,#2049,.F.);
#2791=ORIENTED_EDGE('',*,*,#2050,.F.);
#2792=ORIENTED_EDGE('',*,*,#2051,.F.);
#2793=ORIENTED_EDGE('',*,*,#2052,.F.);
#2794=ORIENTED_EDGE('',*,*,#2053,.F.);
#2795=ORIENTED_EDGE('',*,*,#2054,.F.);
#2796=ORIENTED_EDGE('',*,*,#2055,.F.);
#2797=ORIENTED_EDGE('',*,*,#2056,.F.);
#2798=ORIENTED_EDGE('',*,*,#2057,.F.);
#2799=ORIENTED_EDGE('',*,*,#2058,.F.);
#2800=ORIENTED_EDGE('',*,*,#2059,.F.);
#2801=ORIENTED_EDGE('',*,*,#2060,.F.);
#2802=ORIENTED_EDGE('',*,*,#2061,.F.);
#2803=ORIENTED_EDGE('',*,*,#2062,.T.);
#2804=ORIENTED_EDGE('',*,*,#2063,.F.);
#2805=ORIENTED_EDGE('',*,*,#2064,.F.);
#2806=ORIENTED_EDGE('',*,*,#2065,.F.);
#2807=ORIENTED_EDGE('',*,*,#2066,.F.);
#2808=ORIENTED_EDGE('',*,*,#2067,.F.);
#2809=ORIENTED_EDGE('',*,*,#2068,.F.);
#2810=ORIENTED_EDGE('',*,*,#2069,.F.);
#2811=ORIENTED_EDGE('',*,*,#2070,.F.);
#2812=ORIENTED_EDGE('',*,*,#2071,.F.);
#2813=ORIENTED_EDGE('',*,*,#2072,.F.);
#2814=ORIENTED_EDGE('',*,*,#2073,.F.);
#2815=ORIENTED_EDGE('',*,*,#2074,.F.);
#2816=ORIENTED_EDGE('',*,*,#2075,.F.);
#2817=ORIENTED_EDGE('',*,*,#2076,.F.);
#2818=ORIENTED_EDGE('',*,*,#2077,.F.);
#2819=ORIENTED_EDGE('',*,*,#2078,.F.);
#2820=ORIENTED_EDGE('',*,*,#2079,.F.);
#2821=ORIENTED_EDGE('',*,*,#2080,.F.);
#2822=ORIENTED_EDGE('',*,*,#2081,.F.);
#2823=ORIENTED_EDGE('',*,*,#2082,.F.);
#2824=ORIENTED_EDGE('',*,*,#2083,.F.);
#2825=ORIENTED_EDGE('',*,*,#2084,.F.);
#2826=ORIENTED_EDGE('',*,*,#2085,.F.);
#2827=ORIENTED_EDGE('',*,*,#2086,.F.);
#2828=ORIENTED_EDGE('',*,*,#2087,.F.);
#2829=ORIENTED_EDGE('',*,*,#2088,.F.);
#2830=ORIENTED_EDGE('',*,*,#2089,.F.);
#2831=ORIENTED_EDGE('',*,*,#2090,.F.);
#2832=ORIENTED_EDGE('',*,*,#2091,.F.);
#2833=ORIENTED_EDGE('',*,*,#2092,.F.);
#2834=ORIENTED_EDGE('',*,*,#2093,.F.);
#2835=ORIENTED_EDGE('',*,*,#2094,.T.);
#2836=ORIENTED_EDGE('',*,*,#2095,.F.);
#2837=ORIENTED_EDGE('',*,*,#2096,.F.);
#2838=ORIENTED_EDGE('',*,*,#2097,.F.);
#2839=ORIENTED_EDGE('',*,*,#2098,.F.);
#2840=ORIENTED_EDGE('',*,*,#2099,.F.);
#2841=ORIENTED_EDGE('',*,*,#2100,.F.);
#2842=ORIENTED_EDGE('',*,*,#2101,.F.);
#2843=ORIENTED_EDGE('',*,*,#2102,.F.);
#2844=ORIENTED_EDGE('',*,*,#2103,.F.);
#2845=ORIENTED_EDGE('',*,*,#2104,.F.);
#2846=ORIENTED_EDGE('',*,*,#2105,.F.);
#2847=ORIENTED_EDGE('',*,*,#2106,.F.);
#2848=ORIENTED_EDGE('',*,*,#2107,.F.);
#2849=ORIENTED_EDGE('',*,*,#2108,.F.);
#2850=ORIENTED_EDGE('',*,*,#2109,.F.);
#2851=ORIENTED_EDGE('',*,*,#2110,.F.);
#2852=ORIENTED_EDGE('',*,*,#2111,.F.);
#2853=ORIENTED_EDGE('',*,*,#2112,.F.);
#2854=ORIENTED_EDGE('',*,*,#2113,.F.);
#2855=ORIENTED_EDGE('',*,*,#2114,.F.);
#2856=ORIENTED_EDGE('',*,*,#2115,.F.);
#2857=ORIENTED_EDGE('',*,*,#2116,.F.);
#2858=ORIENTED_EDGE('',*,*,#2117,.F.);
#2859=ORIENTED_EDGE('',*,*,#2118,.F.);
#2860=ORIENTED_EDGE('',*,*,#2119,.F.);
#2861=ORIENTED_EDGE('',*,*,#2120,.F.);
#2862=ORIENTED_EDGE('',*,*,#2121,.F.);
#2863=ORIENTED_EDGE('',*,*,#2122,.F.);
#2864=ORIENTED_EDGE('',*,*,#2123,.F.);
#2865=ORIENTED_EDGE('',*,*,#2124,.F.);
#2866=ORIENTED_EDGE('',*,*,#2125,.F.);
#2867=ORIENTED_EDGE('',*,*,#2126,.F.);
#2868=ORIENTED_EDGE('',*,*,#2127,.F.);
#2869=ORIENTED_EDGE('',*,*,#2128,.F.);
#2870=ORIENTED_EDGE('',*,*,#2129,.F.);
#2871=ORIENTED_EDGE('',*,*,#2130,.F.);
#2872=ORIENTED_EDGE('',*,*,#2131,.F.);
#2873=ORIENTED_EDGE('',*,*,#2132,.F.);
#2874=ORIENTED_EDGE('',*,*,#2133,.F.);
#2875=ORIENTED_EDGE('',*,*,#2134,.F.);
#2876=ORIENTED_EDGE('',*,*,#2135,.F.);
#2877=ORIENTED_EDGE('',*,*,#2136,.F.);
#2878=ORIENTED_EDGE('',*,*,#2137,.F.);
#2879=ORIENTED_EDGE('',*,*,#2138,.F.);
#2880=ORIENTED_EDGE('',*,*,#2139,.F.);
#2881=ORIENTED_EDGE('',*,*,#2140,.F.);
#2882=ORIENTED_EDGE('',*,*,#2141,.F.);
#2883=ORIENTED_EDGE('',*,*,#2142,.F.);
#2884=ORIENTED_EDGE('',*,*,#2143,.F.);
#2885=ORIENTED_EDGE('',*,*,#2144,.F.);
#2886=ORIENTED_EDGE('',*,*,#2145,.F.);
#2887=ORIENTED_EDGE('',*,*,#2146,.F.);
#2888=ORIENTED_EDGE('',*,*,#2147,.F.);
#2889=ORIENTED_EDGE('',*,*,#2148,.F.);
#2890=ORIENTED_EDGE('',*,*,#2149,.F.);
#2891=ORIENTED_EDGE('',*,*,#2150,.F.);
#2892=ORIENTED_EDGE('',*,*,#2151,.F.);
#2893=ORIENTED_EDGE('',*,*,#2152,.F.);
#2894=ORIENTED_EDGE('',*,*,#2153,.F.);
#2895=ORIENTED_EDGE('',*,*,#2154,.T.);
#2896=ORIENTED_EDGE('',*,*,#2155,.F.);
#2897=ORIENTED_EDGE('',*,*,#2156,.F.);
#2898=ORIENTED_EDGE('',*,*,#2157,.F.);
#2899=ORIENTED_EDGE('',*,*,#2158,.F.);
#2900=ORIENTED_EDGE('',*,*,#2159,.F.);
#2901=ORIENTED_EDGE('',*,*,#2160,.F.);
#2902=ORIENTED_EDGE('',*,*,#2161,.F.);
#2903=ORIENTED_EDGE('',*,*,#2162,.F.);
#2904=ORIENTED_EDGE('',*,*,#2163,.F.);
#2905=ORIENTED_EDGE('',*,*,#2164,.F.);
#2906=ORIENTED_EDGE('',*,*,#2165,.F.);
#2907=ORIENTED_EDGE('',*,*,#2166,.F.);
#2908=ORIENTED_EDGE('',*,*,#2167,.F.);
#2909=ORIENTED_EDGE('',*,*,#2168,.F.);
#2910=ORIENTED_EDGE('',*,*,#2169,.F.);
#2911=ORIENTED_EDGE('',*,*,#2170,.F.);
#2912=ORIENTED_EDGE('',*,*,#2171,.F.);
#2913=ORIENTED_EDGE('',*,*,#2172,.F.);
#2914=ORIENTED_EDGE('',*,*,#2173,.F.);
#2915=ORIENTED_EDGE('',*,*,#2174,.F.);
#2916=ORIENTED_EDGE('',*,*,#2175,.F.);
#2917=ORIENTED_EDGE('',*,*,#2176,.F.);
#2918=ORIENTED_EDGE('',*,*,#2177,.F.);
#2919=ORIENTED_EDGE('',*,*,#2178,.F.);
#2920=ORIENTED_EDGE('',*,*,#2179,.F.);
#2921=ORIENTED_EDGE('',*,*,#2180,.F.);
#2922=ORIENTED_EDGE('',*,*,#2181,.F.);
#2923=ORIENTED_EDGE('',*,*,#2182,.F.);
#2924=ORIENTED_EDGE('',*,*,#2183,.F.);
#2925=ORIENTED_EDGE('',*,*,#2184,.F.);
#2926=ORIENTED_EDGE('',*,*,#2185,.F.);
#2927=ORIENTED_EDGE('',*,*,#2186,.T.);
#2928=ORIENTED_EDGE('',*,*,#2187,.F.);
#2929=ORIENTED_EDGE('',*,*,#2188,.F.);
#2930=ORIENTED_EDGE('',*,*,#2189,.F.);
#2931=ORIENTED_EDGE('',*,*,#2190,.F.);
#2932=ORIENTED_EDGE('',*,*,#2191,.F.);
#2933=ORIENTED_EDGE('',*,*,#2192,.F.);
#2934=ORIENTED_EDGE('',*,*,#2193,.F.);
#2935=ORIENTED_EDGE('',*,*,#2194,.F.);
#2936=ORIENTED_EDGE('',*,*,#2195,.F.);
#2937=ORIENTED_EDGE('',*,*,#2196,.F.);
#2938=ORIENTED_EDGE('',*,*,#2197,.F.);
#2939=ORIENTED_EDGE('',*,*,#2198,.F.);
#2940=ORIENTED_EDGE('',*,*,#2199,.F.);
#2941=ORIENTED_EDGE('',*,*,#2200,.F.);
#2942=ORIENTED_EDGE('',*,*,#2201,.F.);
#2943=ORIENTED_EDGE('',*,*,#2202,.F.);
#2944=ORIENTED_EDGE('',*,*,#2203,.F.);
#2945=ORIENTED_EDGE('',*,*,#2204,.F.);
#2946=ORIENTED_EDGE('',*,*,#2205,.F.);
#2947=ORIENTED_EDGE('',*,*,#2206,.F.);
#2948=ORIENTED_EDGE('',*,*,#2207,.F.);
#2949=ORIENTED_EDGE('',*,*,#2208,.F.);
#2950=ORIENTED_EDGE('',*,*,#2209,.F.);
#2951=ORIENTED_EDGE('',*,*,#2210,.F.);
#2952=ORIENTED_EDGE('',*,*,#2211,.F.);
#2953=ORIENTED_EDGE('',*,*,#2212,.F.);
#2954=ORIENTED_EDGE('',*,*,#2213,.F.);
#2955=ORIENTED_EDGE('',*,*,#2214,.F.);
#2956=ORIENTED_EDGE('',*,*,#2215,.F.);
#2957=ORIENTED_EDGE('',*,*,#2216,.F.);
#2958=ORIENTED_EDGE('',*,*,#2217,.F.);
#2959=ORIENTED_EDGE('',*,*,#2218,.F.);
#2960=ORIENTED_EDGE('',*,*,#2219,.F.);
#2961=ORIENTED_EDGE('',*,*,#2220,.F.);
#2962=ORIENTED_EDGE('',*,*,#2221,.F.);
#2963=ORIENTED_EDGE('',*,*,#2222,.F.);
#2964=ORIENTED_EDGE('',*,*,#2223,.F.);
#2965=ORIENTED_EDGE('',*,*,#2224,.F.);
#2966=ORIENTED_EDGE('',*,*,#2225,.F.);
#2967=ORIENTED_EDGE('',*,*,#2226,.F.);
#2968=ORIENTED_EDGE('',*,*,#2227,.F.);
#2969=ORIENTED_EDGE('',*,*,#2228,.F.);
#2970=ORIENTED_EDGE('',*,*,#2229,.F.);
#2971=ORIENTED_EDGE('',*,*,#2230,.F.);
#2972=ORIENTED_EDGE('',*,*,#2231,.F.);
#2973=ORIENTED_EDGE('',*,*,#2232,.F.);
#2974=ORIENTED_EDGE('',*,*,#2233,.F.);
#2975=ORIENTED_EDGE('',*,*,#2234,.F.);
#2976=ORIENTED_EDGE('',*,*,#2235,.F.);
#2977=ORIENTED_EDGE('',*,*,#2236,.F.);
#2978=ORIENTED_EDGE('',*,*,#2237,.F.);
#2979=ORIENTED_EDGE('',*,*,#2238,.F.);
#2980=ORIENTED_EDGE('',*,*,#2239,.F.);
#2981=ORIENTED_EDGE('',*,*,#2240,.F.);
#2982=ORIENTED_EDGE('',*,*,#2241,.F.);
#2983=ORIENTED_EDGE('',*,*,#2242,.F.);
#2984=ORIENTED_EDGE('',*,*,#2243,.F.);
#2985=ORIENTED_EDGE('',*,*,#2244,.F.);
#2986=ORIENTED_EDGE('',*,*,#2245,.F.);
#2987=ORIENTED_EDGE('',*,*,#2246,.F.);
#2988=ORIENTED_EDGE('',*,*,#2247,.F.);
#2989=ORIENTED_EDGE('',*,*,#2248,.F.);
#2990=ORIENTED_EDGE('',*,*,#2249,.F.);
#2991=ORIENTED_EDGE('',*,*,#2250,.F.);
#2992=ORIENTED_EDGE('',*,*,#2251,.F.);
#2993=ORIENTED_EDGE('',*,*,#2252,.F.);
#2994=ORIENTED_EDGE('',*,*,#2253,.F.);
#2995=ORIENTED_EDGE('',*,*,#2254,.F.);
#2996=ORIENTED_EDGE('',*,*,#2255,.F.);
#2997=ORIENTED_EDGE('',*,*,#2256,.F.);
#2998=ORIENTED_EDGE('',*,*,#2257,.F.);
#2999=ORIENTED_EDGE('',*,*,#2258,.F.);
#3000=ORIENTED_EDGE('',*,*,#2259,.F.);
#3001=ORIENTED_EDGE('',*,*,#2260,.F.);
#3002=ORIENTED_EDGE('',*,*,#2261,.F.);
#3003=ORIENTED_EDGE('',*,*,#2262,.F.);
#3004=ORIENTED_EDGE('',*,*,#2263,.F.);
#3005=ORIENTED_EDGE('',*,*,#2264,.F.);
#3006=ORIENTED_EDGE('',*,*,#2265,.F.);
#3007=ORIENTED_EDGE('',*,*,#2266,.F.);
#3008=ORIENTED_EDGE('',*,*,#2267,.F.);
#3009=ORIENTED_EDGE('',*,*,#1969,.T.);
#3010=ORIENTED_EDGE('',*,*,#2268,.T.);
#3011=ORIENTED_EDGE('',*,*,#1971,.F.);
#3012=ORIENTED_EDGE('',*,*,#2269,.F.);
#3013=ORIENTED_EDGE('',*,*,#2020,.T.);
#3014=ORIENTED_EDGE('',*,*,#2047,.T.);
#3015=ORIENTED_EDGE('',*,*,#2046,.T.);
#3016=ORIENTED_EDGE('',*,*,#2045,.T.);
#3017=ORIENTED_EDGE('',*,*,#2044,.T.);
#3018=ORIENTED_EDGE('',*,*,#2043,.T.);
#3019=ORIENTED_EDGE('',*,*,#2042,.T.);
#3020=ORIENTED_EDGE('',*,*,#2041,.T.);
#3021=ORIENTED_EDGE('',*,*,#2040,.T.);
#3022=ORIENTED_EDGE('',*,*,#2039,.T.);
#3023=ORIENTED_EDGE('',*,*,#2038,.T.);
#3024=ORIENTED_EDGE('',*,*,#2037,.T.);
#3025=ORIENTED_EDGE('',*,*,#2036,.T.);
#3026=ORIENTED_EDGE('',*,*,#2035,.T.);
#3027=ORIENTED_EDGE('',*,*,#2034,.T.);
#3028=ORIENTED_EDGE('',*,*,#2033,.T.);
#3029=ORIENTED_EDGE('',*,*,#2032,.T.);
#3030=ORIENTED_EDGE('',*,*,#2031,.T.);
#3031=ORIENTED_EDGE('',*,*,#2030,.T.);
#3032=ORIENTED_EDGE('',*,*,#2029,.T.);
#3033=ORIENTED_EDGE('',*,*,#2028,.T.);
#3034=ORIENTED_EDGE('',*,*,#2027,.T.);
#3035=ORIENTED_EDGE('',*,*,#2026,.T.);
#3036=ORIENTED_EDGE('',*,*,#2025,.T.);
#3037=ORIENTED_EDGE('',*,*,#2024,.T.);
#3038=ORIENTED_EDGE('',*,*,#2023,.T.);
#3039=ORIENTED_EDGE('',*,*,#2022,.T.);
#3040=ORIENTED_EDGE('',*,*,#2021,.T.);
#3041=ORIENTED_EDGE('',*,*,#2048,.T.);
#3042=ORIENTED_EDGE('',*,*,#2060,.T.);
#3043=ORIENTED_EDGE('',*,*,#2059,.T.);
#3044=ORIENTED_EDGE('',*,*,#2058,.T.);
#3045=ORIENTED_EDGE('',*,*,#2057,.T.);
#3046=ORIENTED_EDGE('',*,*,#2056,.T.);
#3047=ORIENTED_EDGE('',*,*,#2055,.T.);
#3048=ORIENTED_EDGE('',*,*,#2054,.T.);
#3049=ORIENTED_EDGE('',*,*,#2053,.T.);
#3050=ORIENTED_EDGE('',*,*,#2052,.T.);
#3051=ORIENTED_EDGE('',*,*,#2051,.T.);
#3052=ORIENTED_EDGE('',*,*,#2050,.T.);
#3053=ORIENTED_EDGE('',*,*,#2049,.T.);
#3054=ORIENTED_EDGE('',*,*,#2069,.T.);
#3055=ORIENTED_EDGE('',*,*,#2084,.T.);
#3056=ORIENTED_EDGE('',*,*,#2083,.T.);
#3057=ORIENTED_EDGE('',*,*,#2082,.T.);
#3058=ORIENTED_EDGE('',*,*,#2081,.T.);
#3059=ORIENTED_EDGE('',*,*,#2080,.T.);
#3060=ORIENTED_EDGE('',*,*,#2079,.T.);
#3061=ORIENTED_EDGE('',*,*,#2078,.T.);
#3062=ORIENTED_EDGE('',*,*,#2077,.T.);
#3063=ORIENTED_EDGE('',*,*,#2076,.T.);
#3064=ORIENTED_EDGE('',*,*,#2075,.T.);
#3065=ORIENTED_EDGE('',*,*,#2074,.T.);
#3066=ORIENTED_EDGE('',*,*,#2073,.T.);
#3067=ORIENTED_EDGE('',*,*,#2072,.T.);
#3068=ORIENTED_EDGE('',*,*,#2071,.T.);
#3069=ORIENTED_EDGE('',*,*,#2070,.T.);
#3070=ORIENTED_EDGE('',*,*,#2085,.T.);
#3071=ORIENTED_EDGE('',*,*,#2092,.T.);
#3072=ORIENTED_EDGE('',*,*,#2091,.T.);
#3073=ORIENTED_EDGE('',*,*,#2090,.T.);
#3074=ORIENTED_EDGE('',*,*,#2089,.T.);
#3075=ORIENTED_EDGE('',*,*,#2088,.T.);
#3076=ORIENTED_EDGE('',*,*,#2087,.T.);
#3077=ORIENTED_EDGE('',*,*,#2086,.T.);
#3078=ORIENTED_EDGE('',*,*,#2097,.T.);
#3079=ORIENTED_EDGE('',*,*,#2111,.T.);
#3080=ORIENTED_EDGE('',*,*,#2110,.T.);
#3081=ORIENTED_EDGE('',*,*,#2109,.T.);
#3082=ORIENTED_EDGE('',*,*,#2108,.T.);
#3083=ORIENTED_EDGE('',*,*,#2107,.T.);
#3084=ORIENTED_EDGE('',*,*,#2106,.T.);
#3085=ORIENTED_EDGE('',*,*,#2105,.T.);
#3086=ORIENTED_EDGE('',*,*,#2104,.T.);
#3087=ORIENTED_EDGE('',*,*,#2103,.T.);
#3088=ORIENTED_EDGE('',*,*,#2102,.T.);
#3089=ORIENTED_EDGE('',*,*,#2101,.T.);
#3090=ORIENTED_EDGE('',*,*,#2100,.T.);
#3091=ORIENTED_EDGE('',*,*,#2099,.T.);
#3092=ORIENTED_EDGE('',*,*,#2098,.T.);
#3093=ORIENTED_EDGE('',*,*,#2112,.T.);
#3094=ORIENTED_EDGE('',*,*,#2139,.T.);
#3095=ORIENTED_EDGE('',*,*,#2138,.T.);
#3096=ORIENTED_EDGE('',*,*,#2137,.T.);
#3097=ORIENTED_EDGE('',*,*,#2136,.T.);
#3098=ORIENTED_EDGE('',*,*,#2135,.T.);
#3099=ORIENTED_EDGE('',*,*,#2134,.T.);
#3100=ORIENTED_EDGE('',*,*,#2133,.T.);
#3101=ORIENTED_EDGE('',*,*,#2132,.T.);
#3102=ORIENTED_EDGE('',*,*,#2131,.T.);
#3103=ORIENTED_EDGE('',*,*,#2130,.T.);
#3104=ORIENTED_EDGE('',*,*,#2129,.T.);
#3105=ORIENTED_EDGE('',*,*,#2128,.T.);
#3106=ORIENTED_EDGE('',*,*,#2127,.T.);
#3107=ORIENTED_EDGE('',*,*,#2126,.T.);
#3108=ORIENTED_EDGE('',*,*,#2125,.T.);
#3109=ORIENTED_EDGE('',*,*,#2124,.T.);
#3110=ORIENTED_EDGE('',*,*,#2123,.T.);
#3111=ORIENTED_EDGE('',*,*,#2122,.T.);
#3112=ORIENTED_EDGE('',*,*,#2121,.T.);
#3113=ORIENTED_EDGE('',*,*,#2120,.T.);
#3114=ORIENTED_EDGE('',*,*,#2119,.T.);
#3115=ORIENTED_EDGE('',*,*,#2118,.T.);
#3116=ORIENTED_EDGE('',*,*,#2117,.T.);
#3117=ORIENTED_EDGE('',*,*,#2116,.T.);
#3118=ORIENTED_EDGE('',*,*,#2115,.T.);
#3119=ORIENTED_EDGE('',*,*,#2114,.T.);
#3120=ORIENTED_EDGE('',*,*,#2113,.T.);
#3121=ORIENTED_EDGE('',*,*,#2140,.T.);
#3122=ORIENTED_EDGE('',*,*,#2152,.T.);
#3123=ORIENTED_EDGE('',*,*,#2151,.T.);
#3124=ORIENTED_EDGE('',*,*,#2150,.T.);
#3125=ORIENTED_EDGE('',*,*,#2149,.T.);
#3126=ORIENTED_EDGE('',*,*,#2148,.T.);
#3127=ORIENTED_EDGE('',*,*,#2147,.T.);
#3128=ORIENTED_EDGE('',*,*,#2146,.T.);
#3129=ORIENTED_EDGE('',*,*,#2145,.T.);
#3130=ORIENTED_EDGE('',*,*,#2144,.T.);
#3131=ORIENTED_EDGE('',*,*,#2143,.T.);
#3132=ORIENTED_EDGE('',*,*,#2142,.T.);
#3133=ORIENTED_EDGE('',*,*,#2141,.T.);
#3134=ORIENTED_EDGE('',*,*,#2161,.T.);
#3135=ORIENTED_EDGE('',*,*,#2176,.T.);
#3136=ORIENTED_EDGE('',*,*,#2175,.T.);
#3137=ORIENTED_EDGE('',*,*,#2174,.T.);
#3138=ORIENTED_EDGE('',*,*,#2173,.T.);
#3139=ORIENTED_EDGE('',*,*,#2172,.T.);
#3140=ORIENTED_EDGE('',*,*,#2171,.T.);
#3141=ORIENTED_EDGE('',*,*,#2170,.T.);
#3142=ORIENTED_EDGE('',*,*,#2169,.T.);
#3143=ORIENTED_EDGE('',*,*,#2168,.T.);
#3144=ORIENTED_EDGE('',*,*,#2167,.T.);
#3145=ORIENTED_EDGE('',*,*,#2166,.T.);
#3146=ORIENTED_EDGE('',*,*,#2165,.T.);
#3147=ORIENTED_EDGE('',*,*,#2164,.T.);
#3148=ORIENTED_EDGE('',*,*,#2163,.T.);
#3149=ORIENTED_EDGE('',*,*,#2162,.T.);
#3150=ORIENTED_EDGE('',*,*,#2177,.T.);
#3151=ORIENTED_EDGE('',*,*,#2184,.T.);
#3152=ORIENTED_EDGE('',*,*,#2183,.T.);
#3153=ORIENTED_EDGE('',*,*,#2182,.T.);
#3154=ORIENTED_EDGE('',*,*,#2181,.T.);
#3155=ORIENTED_EDGE('',*,*,#2180,.T.);
#3156=ORIENTED_EDGE('',*,*,#2179,.T.);
#3157=ORIENTED_EDGE('',*,*,#2178,.T.);
#3158=ORIENTED_EDGE('',*,*,#2189,.T.);
#3159=ORIENTED_EDGE('',*,*,#2203,.T.);
#3160=ORIENTED_EDGE('',*,*,#2202,.T.);
#3161=ORIENTED_EDGE('',*,*,#2201,.T.);
#3162=ORIENTED_EDGE('',*,*,#2200,.T.);
#3163=ORIENTED_EDGE('',*,*,#2199,.T.);
#3164=ORIENTED_EDGE('',*,*,#2198,.T.);
#3165=ORIENTED_EDGE('',*,*,#2197,.T.);
#3166=ORIENTED_EDGE('',*,*,#2196,.T.);
#3167=ORIENTED_EDGE('',*,*,#2195,.T.);
#3168=ORIENTED_EDGE('',*,*,#2194,.T.);
#3169=ORIENTED_EDGE('',*,*,#2193,.T.);
#3170=ORIENTED_EDGE('',*,*,#2192,.T.);
#3171=ORIENTED_EDGE('',*,*,#2191,.T.);
#3172=ORIENTED_EDGE('',*,*,#2190,.T.);
#3173=ORIENTED_EDGE('',*,*,#2204,.T.);
#3174=ORIENTED_EDGE('',*,*,#2218,.T.);
#3175=ORIENTED_EDGE('',*,*,#2217,.T.);
#3176=ORIENTED_EDGE('',*,*,#2216,.T.);
#3177=ORIENTED_EDGE('',*,*,#2215,.T.);
#3178=ORIENTED_EDGE('',*,*,#2214,.T.);
#3179=ORIENTED_EDGE('',*,*,#2213,.T.);
#3180=ORIENTED_EDGE('',*,*,#2212,.T.);
#3181=ORIENTED_EDGE('',*,*,#2211,.T.);
#3182=ORIENTED_EDGE('',*,*,#2210,.T.);
#3183=ORIENTED_EDGE('',*,*,#2209,.T.);
#3184=ORIENTED_EDGE('',*,*,#2208,.T.);
#3185=ORIENTED_EDGE('',*,*,#2207,.T.);
#3186=ORIENTED_EDGE('',*,*,#2206,.T.);
#3187=ORIENTED_EDGE('',*,*,#2205,.T.);
#3188=ORIENTED_EDGE('',*,*,#2219,.T.);
#3189=ORIENTED_EDGE('',*,*,#2228,.T.);
#3190=ORIENTED_EDGE('',*,*,#2227,.T.);
#3191=ORIENTED_EDGE('',*,*,#2226,.T.);
#3192=ORIENTED_EDGE('',*,*,#2225,.T.);
#3193=ORIENTED_EDGE('',*,*,#2224,.T.);
#3194=ORIENTED_EDGE('',*,*,#2223,.T.);
#3195=ORIENTED_EDGE('',*,*,#2222,.T.);
#3196=ORIENTED_EDGE('',*,*,#2221,.T.);
#3197=ORIENTED_EDGE('',*,*,#2220,.T.);
#3198=ORIENTED_EDGE('',*,*,#2229,.T.);
#3199=ORIENTED_EDGE('',*,*,#2235,.T.);
#3200=ORIENTED_EDGE('',*,*,#2234,.T.);
#3201=ORIENTED_EDGE('',*,*,#2233,.T.);
#3202=ORIENTED_EDGE('',*,*,#2232,.T.);
#3203=ORIENTED_EDGE('',*,*,#2231,.T.);
#3204=ORIENTED_EDGE('',*,*,#2230,.T.);
#3205=ORIENTED_EDGE('',*,*,#2236,.T.);
#3206=ORIENTED_EDGE('',*,*,#2250,.T.);
#3207=ORIENTED_EDGE('',*,*,#2249,.T.);
#3208=ORIENTED_EDGE('',*,*,#2248,.T.);
#3209=ORIENTED_EDGE('',*,*,#2247,.T.);
#3210=ORIENTED_EDGE('',*,*,#2246,.T.);
#3211=ORIENTED_EDGE('',*,*,#2245,.T.);
#3212=ORIENTED_EDGE('',*,*,#2244,.T.);
#3213=ORIENTED_EDGE('',*,*,#2243,.T.);
#3214=ORIENTED_EDGE('',*,*,#2242,.T.);
#3215=ORIENTED_EDGE('',*,*,#2241,.T.);
#3216=ORIENTED_EDGE('',*,*,#2240,.T.);
#3217=ORIENTED_EDGE('',*,*,#2239,.T.);
#3218=ORIENTED_EDGE('',*,*,#2238,.T.);
#3219=ORIENTED_EDGE('',*,*,#2237,.T.);
#3220=ORIENTED_EDGE('',*,*,#2251,.T.);
#3221=ORIENTED_EDGE('',*,*,#2260,.T.);
#3222=ORIENTED_EDGE('',*,*,#2259,.T.);
#3223=ORIENTED_EDGE('',*,*,#2258,.T.);
#3224=ORIENTED_EDGE('',*,*,#2257,.T.);
#3225=ORIENTED_EDGE('',*,*,#2256,.T.);
#3226=ORIENTED_EDGE('',*,*,#2255,.T.);
#3227=ORIENTED_EDGE('',*,*,#2254,.T.);
#3228=ORIENTED_EDGE('',*,*,#2253,.T.);
#3229=ORIENTED_EDGE('',*,*,#2252,.T.);
#3230=ORIENTED_EDGE('',*,*,#2261,.T.);
#3231=ORIENTED_EDGE('',*,*,#2267,.T.);
#3232=ORIENTED_EDGE('',*,*,#2266,.T.);
#3233=ORIENTED_EDGE('',*,*,#2265,.T.);
#3234=ORIENTED_EDGE('',*,*,#2264,.T.);
#3235=ORIENTED_EDGE('',*,*,#2263,.T.);
#3236=ORIENTED_EDGE('',*,*,#2262,.T.);
#3237=ORIENTED_EDGE('',*,*,#2270,.T.);
#3238=ORIENTED_EDGE('',*,*,#2271,.T.);
#3239=ORIENTED_EDGE('',*,*,#2272,.T.);
#3240=ORIENTED_EDGE('',*,*,#2273,.T.);
#3241=ORIENTED_EDGE('',*,*,#2274,.T.);
#3242=ORIENTED_EDGE('',*,*,#2275,.T.);
#3243=ORIENTED_EDGE('',*,*,#2276,.T.);
#3244=ORIENTED_EDGE('',*,*,#2277,.T.);
#3245=ORIENTED_EDGE('',*,*,#2278,.T.);
#3246=ORIENTED_EDGE('',*,*,#2279,.T.);
#3247=ORIENTED_EDGE('',*,*,#2280,.T.);
#3248=ORIENTED_EDGE('',*,*,#2281,.T.);
#3249=ORIENTED_EDGE('',*,*,#2282,.T.);
#3250=ORIENTED_EDGE('',*,*,#2283,.T.);
#3251=ORIENTED_EDGE('',*,*,#2284,.T.);
#3252=ORIENTED_EDGE('',*,*,#2285,.T.);
#3253=ORIENTED_EDGE('',*,*,#2286,.T.);
#3254=ORIENTED_EDGE('',*,*,#2287,.T.);
#3255=ORIENTED_EDGE('',*,*,#2288,.T.);
#3256=ORIENTED_EDGE('',*,*,#2289,.T.);
#3257=ORIENTED_EDGE('',*,*,#2290,.T.);
#3258=ORIENTED_EDGE('',*,*,#2291,.T.);
#3259=ORIENTED_EDGE('',*,*,#2292,.T.);
#3260=ORIENTED_EDGE('',*,*,#2293,.T.);
#3261=ORIENTED_EDGE('',*,*,#2294,.T.);
#3262=ORIENTED_EDGE('',*,*,#2295,.T.);
#3263=ORIENTED_EDGE('',*,*,#2296,.T.);
#3264=ORIENTED_EDGE('',*,*,#2297,.T.);
#3265=ORIENTED_EDGE('',*,*,#2298,.T.);
#3266=ORIENTED_EDGE('',*,*,#2299,.T.);
#3267=ORIENTED_EDGE('',*,*,#2300,.T.);
#3268=ORIENTED_EDGE('',*,*,#2301,.T.);
#3269=ORIENTED_EDGE('',*,*,#2302,.T.);
#3270=ORIENTED_EDGE('',*,*,#2303,.T.);
#3271=ORIENTED_EDGE('',*,*,#2304,.T.);
#3272=ORIENTED_EDGE('',*,*,#2305,.T.);
#3273=ORIENTED_EDGE('',*,*,#2306,.T.);
#3274=ORIENTED_EDGE('',*,*,#2307,.T.);
#3275=ORIENTED_EDGE('',*,*,#2308,.T.);
#3276=ORIENTED_EDGE('',*,*,#2309,.T.);
#3277=ORIENTED_EDGE('',*,*,#2310,.T.);
#3278=ORIENTED_EDGE('',*,*,#2311,.T.);
#3279=ORIENTED_EDGE('',*,*,#2312,.T.);
#3280=ORIENTED_EDGE('',*,*,#2313,.T.);
#3281=ORIENTED_EDGE('',*,*,#2314,.T.);
#3282=ORIENTED_EDGE('',*,*,#2315,.T.);
#3283=ORIENTED_EDGE('',*,*,#2316,.T.);
#3284=ORIENTED_EDGE('',*,*,#2317,.T.);
#3285=ORIENTED_EDGE('',*,*,#2318,.T.);
#3286=ORIENTED_EDGE('',*,*,#2319,.T.);
#3287=ORIENTED_EDGE('',*,*,#2320,.T.);
#3288=ORIENTED_EDGE('',*,*,#2321,.T.);
#3289=ORIENTED_EDGE('',*,*,#2322,.T.);
#3290=ORIENTED_EDGE('',*,*,#2323,.T.);
#3291=ORIENTED_EDGE('',*,*,#2324,.T.);
#3292=ORIENTED_EDGE('',*,*,#2325,.T.);
#3293=ORIENTED_EDGE('',*,*,#2326,.T.);
#3294=ORIENTED_EDGE('',*,*,#2327,.T.);
#3295=ORIENTED_EDGE('',*,*,#2328,.T.);
#3296=ORIENTED_EDGE('',*,*,#2329,.T.);
#3297=ORIENTED_EDGE('',*,*,#2330,.T.);
#3298=ORIENTED_EDGE('',*,*,#2331,.T.);
#3299=ORIENTED_EDGE('',*,*,#2332,.T.);
#3300=ORIENTED_EDGE('',*,*,#2333,.T.);
#3301=ORIENTED_EDGE('',*,*,#2334,.T.);
#3302=ORIENTED_EDGE('',*,*,#2335,.T.);
#3303=ORIENTED_EDGE('',*,*,#2336,.T.);
#3304=ORIENTED_EDGE('',*,*,#2337,.T.);
#3305=ORIENTED_EDGE('',*,*,#2338,.T.);
#3306=ORIENTED_EDGE('',*,*,#2339,.T.);
#3307=ORIENTED_EDGE('',*,*,#2340,.T.);
#3308=ORIENTED_EDGE('',*,*,#2341,.T.);
#3309=ORIENTED_EDGE('',*,*,#2342,.T.);
#3310=ORIENTED_EDGE('',*,*,#2343,.T.);
#3311=ORIENTED_EDGE('',*,*,#2344,.T.);
#3312=ORIENTED_EDGE('',*,*,#2345,.T.);
#3313=ORIENTED_EDGE('',*,*,#2346,.T.);
#3314=ORIENTED_EDGE('',*,*,#2347,.T.);
#3315=ORIENTED_EDGE('',*,*,#2348,.T.);
#3316=ORIENTED_EDGE('',*,*,#2349,.T.);
#3317=ORIENTED_EDGE('',*,*,#2350,.T.);
#3318=ORIENTED_EDGE('',*,*,#2351,.T.);
#3319=ORIENTED_EDGE('',*,*,#2352,.T.);
#3320=ORIENTED_EDGE('',*,*,#2353,.T.);
#3321=ORIENTED_EDGE('',*,*,#2354,.T.);
#3322=ORIENTED_EDGE('',*,*,#2355,.T.);
#3323=ORIENTED_EDGE('',*,*,#2356,.T.);
#3324=ORIENTED_EDGE('',*,*,#2357,.T.);
#3325=ORIENTED_EDGE('',*,*,#2358,.T.);
#3326=ORIENTED_EDGE('',*,*,#2359,.T.);
#3327=ORIENTED_EDGE('',*,*,#2360,.T.);
#3328=ORIENTED_EDGE('',*,*,#2361,.T.);
#3329=ORIENTED_EDGE('',*,*,#2362,.T.);
#3330=ORIENTED_EDGE('',*,*,#2363,.T.);
#3331=ORIENTED_EDGE('',*,*,#2364,.T.);
#3332=ORIENTED_EDGE('',*,*,#2365,.T.);
#3333=ORIENTED_EDGE('',*,*,#2366,.T.);
#3334=ORIENTED_EDGE('',*,*,#2367,.T.);
#3335=ORIENTED_EDGE('',*,*,#2368,.T.);
#3336=ORIENTED_EDGE('',*,*,#2369,.T.);
#3337=ORIENTED_EDGE('',*,*,#2370,.T.);
#3338=ORIENTED_EDGE('',*,*,#2371,.T.);
#3339=ORIENTED_EDGE('',*,*,#2372,.T.);
#3340=ORIENTED_EDGE('',*,*,#2373,.T.);
#3341=ORIENTED_EDGE('',*,*,#2374,.T.);
#3342=ORIENTED_EDGE('',*,*,#2375,.T.);
#3343=ORIENTED_EDGE('',*,*,#2376,.T.);
#3344=ORIENTED_EDGE('',*,*,#2377,.T.);
#3345=ORIENTED_EDGE('',*,*,#2378,.T.);
#3346=ORIENTED_EDGE('',*,*,#2379,.T.);
#3347=ORIENTED_EDGE('',*,*,#2380,.T.);
#3348=ORIENTED_EDGE('',*,*,#2381,.T.);
#3349=ORIENTED_EDGE('',*,*,#2382,.T.);
#3350=ORIENTED_EDGE('',*,*,#2383,.T.);
#3351=ORIENTED_EDGE('',*,*,#2384,.T.);
#3352=ORIENTED_EDGE('',*,*,#2185,.T.);
#3353=ORIENTED_EDGE('',*,*,#2188,.T.);
#3354=ORIENTED_EDGE('',*,*,#2187,.T.);
#3355=ORIENTED_EDGE('',*,*,#2186,.F.);
#3356=ORIENTED_EDGE('',*,*,#2153,.T.);
#3357=ORIENTED_EDGE('',*,*,#2160,.T.);
#3358=ORIENTED_EDGE('',*,*,#2159,.T.);
#3359=ORIENTED_EDGE('',*,*,#2158,.T.);
#3360=ORIENTED_EDGE('',*,*,#2157,.T.);
#3361=ORIENTED_EDGE('',*,*,#2156,.T.);
#3362=ORIENTED_EDGE('',*,*,#2155,.T.);
#3363=ORIENTED_EDGE('',*,*,#2154,.F.);
#3364=ORIENTED_EDGE('',*,*,#2093,.T.);
#3365=ORIENTED_EDGE('',*,*,#2096,.T.);
#3366=ORIENTED_EDGE('',*,*,#2095,.T.);
#3367=ORIENTED_EDGE('',*,*,#2094,.F.);
#3368=ORIENTED_EDGE('',*,*,#2377,.F.);
#3369=ORIENTED_EDGE('',*,*,#2384,.F.);
#3370=ORIENTED_EDGE('',*,*,#2383,.F.);
#3371=ORIENTED_EDGE('',*,*,#2382,.F.);
#3372=ORIENTED_EDGE('',*,*,#2381,.F.);
#3373=ORIENTED_EDGE('',*,*,#2380,.F.);
#3374=ORIENTED_EDGE('',*,*,#2379,.F.);
#3375=ORIENTED_EDGE('',*,*,#2378,.F.);
#3376=ORIENTED_EDGE('',*,*,#2385,.F.);
#3377=ORIENTED_EDGE('',*,*,#2386,.T.);
#3378=ORIENTED_EDGE('',*,*,#2387,.F.);
#3379=ORIENTED_EDGE('',*,*,#2364,.F.);
#3380=ORIENTED_EDGE('',*,*,#2376,.F.);
#3381=ORIENTED_EDGE('',*,*,#2375,.F.);
#3382=ORIENTED_EDGE('',*,*,#2374,.F.);
#3383=ORIENTED_EDGE('',*,*,#2373,.F.);
#3384=ORIENTED_EDGE('',*,*,#2372,.F.);
#3385=ORIENTED_EDGE('',*,*,#2371,.F.);
#3386=ORIENTED_EDGE('',*,*,#2370,.F.);
#3387=ORIENTED_EDGE('',*,*,#2369,.F.);
#3388=ORIENTED_EDGE('',*,*,#2368,.F.);
#3389=ORIENTED_EDGE('',*,*,#2367,.F.);
#3390=ORIENTED_EDGE('',*,*,#2366,.F.);
#3391=ORIENTED_EDGE('',*,*,#2365,.F.);
#3392=ORIENTED_EDGE('',*,*,#2388,.F.);
#3393=ORIENTED_EDGE('',*,*,#2389,.T.);
#3394=ORIENTED_EDGE('',*,*,#2390,.F.);
#3395=ORIENTED_EDGE('',*,*,#2391,.F.);
#3396=ORIENTED_EDGE('',*,*,#2392,.F.);
#3397=ORIENTED_EDGE('',*,*,#2393,.F.);
#3398=ORIENTED_EDGE('',*,*,#2394,.F.);
#3399=ORIENTED_EDGE('',*,*,#2395,.F.);
#3400=ORIENTED_EDGE('',*,*,#2343,.F.);
#3401=ORIENTED_EDGE('',*,*,#2363,.F.);
#3402=ORIENTED_EDGE('',*,*,#2362,.F.);
#3403=ORIENTED_EDGE('',*,*,#2361,.F.);
#3404=ORIENTED_EDGE('',*,*,#2360,.F.);
#3405=ORIENTED_EDGE('',*,*,#2359,.F.);
#3406=ORIENTED_EDGE('',*,*,#2358,.F.);
#3407=ORIENTED_EDGE('',*,*,#2357,.F.);
#3408=ORIENTED_EDGE('',*,*,#2356,.F.);
#3409=ORIENTED_EDGE('',*,*,#2355,.F.);
#3410=ORIENTED_EDGE('',*,*,#2354,.F.);
#3411=ORIENTED_EDGE('',*,*,#2353,.F.);
#3412=ORIENTED_EDGE('',*,*,#2352,.F.);
#3413=ORIENTED_EDGE('',*,*,#2351,.F.);
#3414=ORIENTED_EDGE('',*,*,#2350,.F.);
#3415=ORIENTED_EDGE('',*,*,#2349,.F.);
#3416=ORIENTED_EDGE('',*,*,#2348,.F.);
#3417=ORIENTED_EDGE('',*,*,#2347,.F.);
#3418=ORIENTED_EDGE('',*,*,#2346,.F.);
#3419=ORIENTED_EDGE('',*,*,#2345,.F.);
#3420=ORIENTED_EDGE('',*,*,#2344,.F.);
#3421=ORIENTED_EDGE('',*,*,#2331,.F.);
#3422=ORIENTED_EDGE('',*,*,#2342,.F.);
#3423=ORIENTED_EDGE('',*,*,#2341,.F.);
#3424=ORIENTED_EDGE('',*,*,#2340,.F.);
#3425=ORIENTED_EDGE('',*,*,#2339,.F.);
#3426=ORIENTED_EDGE('',*,*,#2338,.F.);
#3427=ORIENTED_EDGE('',*,*,#2337,.F.);
#3428=ORIENTED_EDGE('',*,*,#2336,.F.);
#3429=ORIENTED_EDGE('',*,*,#2335,.F.);
#3430=ORIENTED_EDGE('',*,*,#2334,.F.);
#3431=ORIENTED_EDGE('',*,*,#2333,.F.);
#3432=ORIENTED_EDGE('',*,*,#2332,.F.);
#3433=ORIENTED_EDGE('',*,*,#2319,.F.);
#3434=ORIENTED_EDGE('',*,*,#2330,.F.);
#3435=ORIENTED_EDGE('',*,*,#2329,.F.);
#3436=ORIENTED_EDGE('',*,*,#2328,.F.);
#3437=ORIENTED_EDGE('',*,*,#2327,.F.);
#3438=ORIENTED_EDGE('',*,*,#2326,.F.);
#3439=ORIENTED_EDGE('',*,*,#2325,.F.);
#3440=ORIENTED_EDGE('',*,*,#2324,.F.);
#3441=ORIENTED_EDGE('',*,*,#2323,.F.);
#3442=ORIENTED_EDGE('',*,*,#2322,.F.);
#3443=ORIENTED_EDGE('',*,*,#2321,.F.);
#3444=ORIENTED_EDGE('',*,*,#2320,.F.);
#3445=ORIENTED_EDGE('',*,*,#2306,.F.);
#3446=ORIENTED_EDGE('',*,*,#2318,.F.);
#3447=ORIENTED_EDGE('',*,*,#2317,.F.);
#3448=ORIENTED_EDGE('',*,*,#2316,.F.);
#3449=ORIENTED_EDGE('',*,*,#2315,.F.);
#3450=ORIENTED_EDGE('',*,*,#2314,.F.);
#3451=ORIENTED_EDGE('',*,*,#2313,.F.);
#3452=ORIENTED_EDGE('',*,*,#2312,.F.);
#3453=ORIENTED_EDGE('',*,*,#2311,.F.);
#3454=ORIENTED_EDGE('',*,*,#2310,.F.);
#3455=ORIENTED_EDGE('',*,*,#2309,.F.);
#3456=ORIENTED_EDGE('',*,*,#2308,.F.);
#3457=ORIENTED_EDGE('',*,*,#2307,.F.);
#3458=ORIENTED_EDGE('',*,*,#2292,.F.);
#3459=ORIENTED_EDGE('',*,*,#2305,.F.);
#3460=ORIENTED_EDGE('',*,*,#2304,.F.);
#3461=ORIENTED_EDGE('',*,*,#2303,.F.);
#3462=ORIENTED_EDGE('',*,*,#2302,.F.);
#3463=ORIENTED_EDGE('',*,*,#2301,.F.);
#3464=ORIENTED_EDGE('',*,*,#2300,.F.);
#3465=ORIENTED_EDGE('',*,*,#2299,.F.);
#3466=ORIENTED_EDGE('',*,*,#2298,.F.);
#3467=ORIENTED_EDGE('',*,*,#2297,.F.);
#3468=ORIENTED_EDGE('',*,*,#2296,.F.);
#3469=ORIENTED_EDGE('',*,*,#2295,.F.);
#3470=ORIENTED_EDGE('',*,*,#2294,.F.);
#3471=ORIENTED_EDGE('',*,*,#2293,.F.);
#3472=ORIENTED_EDGE('',*,*,#2396,.F.);
#3473=ORIENTED_EDGE('',*,*,#2397,.T.);
#3474=ORIENTED_EDGE('',*,*,#2398,.F.);
#3475=ORIENTED_EDGE('',*,*,#2399,.F.);
#3476=ORIENTED_EDGE('',*,*,#2400,.F.);
#3477=ORIENTED_EDGE('',*,*,#2401,.F.);
#3478=ORIENTED_EDGE('',*,*,#2402,.T.);
#3479=ORIENTED_EDGE('',*,*,#2403,.F.);
#3480=ORIENTED_EDGE('',*,*,#2404,.F.);
#3481=ORIENTED_EDGE('',*,*,#2405,.F.);
#3482=ORIENTED_EDGE('',*,*,#2406,.F.);
#3483=ORIENTED_EDGE('',*,*,#2288,.F.);
#3484=ORIENTED_EDGE('',*,*,#2291,.F.);
#3485=ORIENTED_EDGE('',*,*,#2290,.F.);
#3486=ORIENTED_EDGE('',*,*,#2289,.F.);
#3487=ORIENTED_EDGE('',*,*,#2407,.F.);
#3488=ORIENTED_EDGE('',*,*,#2408,.T.);
#3489=ORIENTED_EDGE('',*,*,#2409,.F.);
#3490=ORIENTED_EDGE('',*,*,#2410,.F.);
#3491=ORIENTED_EDGE('',*,*,#2411,.F.);
#3492=ORIENTED_EDGE('',*,*,#2412,.F.);
#3493=ORIENTED_EDGE('',*,*,#2270,.F.);
#3494=ORIENTED_EDGE('',*,*,#2287,.F.);
#3495=ORIENTED_EDGE('',*,*,#2286,.F.);
#3496=ORIENTED_EDGE('',*,*,#2285,.F.);
#3497=ORIENTED_EDGE('',*,*,#2284,.F.);
#3498=ORIENTED_EDGE('',*,*,#2283,.F.);
#3499=ORIENTED_EDGE('',*,*,#2282,.F.);
#3500=ORIENTED_EDGE('',*,*,#2281,.F.);
#3501=ORIENTED_EDGE('',*,*,#2280,.F.);
#3502=ORIENTED_EDGE('',*,*,#2279,.F.);
#3503=ORIENTED_EDGE('',*,*,#2278,.F.);
#3504=ORIENTED_EDGE('',*,*,#2277,.F.);
#3505=ORIENTED_EDGE('',*,*,#2276,.F.);
#3506=ORIENTED_EDGE('',*,*,#2275,.F.);
#3507=ORIENTED_EDGE('',*,*,#2274,.F.);
#3508=ORIENTED_EDGE('',*,*,#2273,.F.);
#3509=ORIENTED_EDGE('',*,*,#2272,.F.);
#3510=ORIENTED_EDGE('',*,*,#2271,.F.);
#3511=ORIENTED_EDGE('',*,*,#2061,.T.);
#3512=ORIENTED_EDGE('',*,*,#2068,.T.);
#3513=ORIENTED_EDGE('',*,*,#2067,.T.);
#3514=ORIENTED_EDGE('',*,*,#2066,.T.);
#3515=ORIENTED_EDGE('',*,*,#2065,.T.);
#3516=ORIENTED_EDGE('',*,*,#2064,.T.);
#3517=ORIENTED_EDGE('',*,*,#2063,.T.);
#3518=ORIENTED_EDGE('',*,*,#2062,.F.);
#3519=ORIENTED_EDGE('',*,*,#2407,.T.);
#3520=ORIENTED_EDGE('',*,*,#2412,.T.);
#3521=ORIENTED_EDGE('',*,*,#2411,.T.);
#3522=ORIENTED_EDGE('',*,*,#2410,.T.);
#3523=ORIENTED_EDGE('',*,*,#2409,.T.);
#3524=ORIENTED_EDGE('',*,*,#2408,.F.);
#3525=ORIENTED_EDGE('',*,*,#2401,.T.);
#3526=ORIENTED_EDGE('',*,*,#2406,.T.);
#3527=ORIENTED_EDGE('',*,*,#2405,.T.);
#3528=ORIENTED_EDGE('',*,*,#2404,.T.);
#3529=ORIENTED_EDGE('',*,*,#2403,.T.);
#3530=ORIENTED_EDGE('',*,*,#2402,.F.);
#3531=ORIENTED_EDGE('',*,*,#2396,.T.);
#3532=ORIENTED_EDGE('',*,*,#2400,.T.);
#3533=ORIENTED_EDGE('',*,*,#2399,.T.);
#3534=ORIENTED_EDGE('',*,*,#2398,.T.);
#3535=ORIENTED_EDGE('',*,*,#2397,.F.);
#3536=ORIENTED_EDGE('',*,*,#2388,.T.);
#3537=ORIENTED_EDGE('',*,*,#2395,.T.);
#3538=ORIENTED_EDGE('',*,*,#2394,.T.);
#3539=ORIENTED_EDGE('',*,*,#2393,.T.);
#3540=ORIENTED_EDGE('',*,*,#2392,.T.);
#3541=ORIENTED_EDGE('',*,*,#2391,.T.);
#3542=ORIENTED_EDGE('',*,*,#2390,.T.);
#3543=ORIENTED_EDGE('',*,*,#2389,.F.);
#3544=ORIENTED_EDGE('',*,*,#2413,.T.);
#3545=ORIENTED_EDGE('',*,*,#2414,.T.);
#3546=ORIENTED_EDGE('',*,*,#2415,.T.);
#3547=ORIENTED_EDGE('',*,*,#2416,.T.);
#3548=ORIENTED_EDGE('',*,*,#2414,.F.);
#3549=ORIENTED_EDGE('',*,*,#2415,.F.);
#3550=ORIENTED_EDGE('',*,*,#2416,.F.);
#3551=ORIENTED_EDGE('',*,*,#2417,.T.);
#3552=ORIENTED_EDGE('',*,*,#2418,.F.);
#3553=ORIENTED_EDGE('',*,*,#2417,.F.);
#3554=ORIENTED_EDGE('',*,*,#2413,.F.);
#3555=ORIENTED_EDGE('',*,*,#2419,.F.);
#3556=ORIENTED_EDGE('',*,*,#2420,.F.);
#3557=ORIENTED_EDGE('',*,*,#2421,.T.);
#3558=ORIENTED_EDGE('',*,*,#2422,.T.);
#3559=ORIENTED_EDGE('',*,*,#2423,.T.);
#3560=ORIENTED_EDGE('',*,*,#2424,.T.);
#3561=ORIENTED_EDGE('',*,*,#2422,.F.);
#3562=ORIENTED_EDGE('',*,*,#2423,.F.);
#3563=ORIENTED_EDGE('',*,*,#2424,.F.);
#3564=ORIENTED_EDGE('',*,*,#2425,.T.);
#3565=ORIENTED_EDGE('',*,*,#2426,.F.);
#3566=ORIENTED_EDGE('',*,*,#2425,.F.);
#3567=ORIENTED_EDGE('',*,*,#2421,.F.);
#3568=ORIENTED_EDGE('',*,*,#2427,.F.);
#3569=ORIENTED_EDGE('',*,*,#2428,.F.);
#3570=ORIENTED_EDGE('',*,*,#2429,.T.);
#3571=ORIENTED_EDGE('',*,*,#2430,.T.);
#3572=ORIENTED_EDGE('',*,*,#2431,.T.);
#3573=ORIENTED_EDGE('',*,*,#2430,.F.);
#3574=ORIENTED_EDGE('',*,*,#2429,.F.);
#3575=ORIENTED_EDGE('',*,*,#2431,.F.);
#3576=ORIENTED_EDGE('',*,*,#2432,.T.);
#3577=ORIENTED_EDGE('',*,*,#2420,.T.);
#3578=ORIENTED_EDGE('',*,*,#2419,.T.);
#3579=ORIENTED_EDGE('',*,*,#2432,.F.);
#3580=ORIENTED_EDGE('',*,*,#2433,.T.);
#3581=ORIENTED_EDGE('',*,*,#2434,.T.);
#3582=ORIENTED_EDGE('',*,*,#2435,.T.);
#3583=ORIENTED_EDGE('',*,*,#2434,.F.);
#3584=ORIENTED_EDGE('',*,*,#2433,.F.);
#3585=ORIENTED_EDGE('',*,*,#2435,.F.);
#3586=ORIENTED_EDGE('',*,*,#2436,.T.);
#3587=ORIENTED_EDGE('',*,*,#2428,.T.);
#3588=ORIENTED_EDGE('',*,*,#2427,.T.);
#3589=ORIENTED_EDGE('',*,*,#2436,.F.);
#3590=ORIENTED_EDGE('',*,*,#2437,.T.);
#3591=ORIENTED_EDGE('',*,*,#2438,.T.);
#3592=ORIENTED_EDGE('',*,*,#2439,.T.);
#3593=ORIENTED_EDGE('',*,*,#2440,.T.);
#3594=ORIENTED_EDGE('',*,*,#2438,.F.);
#3595=ORIENTED_EDGE('',*,*,#2441,.T.);
#3596=ORIENTED_EDGE('',*,*,#2442,.T.);
#3597=ORIENTED_EDGE('',*,*,#2443,.F.);
#3598=ORIENTED_EDGE('',*,*,#2444,.F.);
#3599=ORIENTED_EDGE('',*,*,#2445,.F.);
#3600=ORIENTED_EDGE('',*,*,#2446,.F.);
#3601=ORIENTED_EDGE('',*,*,#2447,.F.);
#3602=ORIENTED_EDGE('',*,*,#2448,.F.);
#3603=ORIENTED_EDGE('',*,*,#2449,.F.);
#3604=ORIENTED_EDGE('',*,*,#2450,.F.);
#3605=ORIENTED_EDGE('',*,*,#2451,.F.);
#3606=ORIENTED_EDGE('',*,*,#2452,.F.);
#3607=ORIENTED_EDGE('',*,*,#2453,.F.);
#3608=ORIENTED_EDGE('',*,*,#2454,.F.);
#3609=ORIENTED_EDGE('',*,*,#2455,.F.);
#3610=ORIENTED_EDGE('',*,*,#2456,.F.);
#3611=ORIENTED_EDGE('',*,*,#2457,.F.);
#3612=ORIENTED_EDGE('',*,*,#2458,.F.);
#3613=ORIENTED_EDGE('',*,*,#2459,.F.);
#3614=ORIENTED_EDGE('',*,*,#2460,.F.);
#3615=ORIENTED_EDGE('',*,*,#2461,.F.);
#3616=ORIENTED_EDGE('',*,*,#2462,.F.);
#3617=ORIENTED_EDGE('',*,*,#2463,.F.);
#3618=ORIENTED_EDGE('',*,*,#2464,.F.);
#3619=ORIENTED_EDGE('',*,*,#2465,.F.);
#3620=ORIENTED_EDGE('',*,*,#2440,.F.);
#3621=ORIENTED_EDGE('',*,*,#2439,.F.);
#3622=ORIENTED_EDGE('',*,*,#2437,.F.);
#3623=ORIENTED_EDGE('',*,*,#2442,.F.);
#3624=ORIENTED_EDGE('',*,*,#2466,.T.);
#3625=ORIENTED_EDGE('',*,*,#2467,.T.);
#3626=ORIENTED_EDGE('',*,*,#2468,.T.);
#3627=ORIENTED_EDGE('',*,*,#2466,.F.);
#3628=ORIENTED_EDGE('',*,*,#2441,.F.);
#3629=ORIENTED_EDGE('',*,*,#2469,.T.);
#3630=ORIENTED_EDGE('',*,*,#2470,.T.);
#3631=ORIENTED_EDGE('',*,*,#2445,.T.);
#3632=ORIENTED_EDGE('',*,*,#2444,.T.);
#3633=ORIENTED_EDGE('',*,*,#2470,.F.);
#3634=ORIENTED_EDGE('',*,*,#2471,.T.);
#3635=ORIENTED_EDGE('',*,*,#2472,.T.);
#3636=ORIENTED_EDGE('',*,*,#2469,.F.);
#3637=ORIENTED_EDGE('',*,*,#2472,.F.);
#3638=ORIENTED_EDGE('',*,*,#2473,.T.);
#3639=ORIENTED_EDGE('',*,*,#2474,.T.);
#3640=ORIENTED_EDGE('',*,*,#2475,.T.);
#3641=ORIENTED_EDGE('',*,*,#2473,.F.);
#3642=ORIENTED_EDGE('',*,*,#2471,.F.);
#3643=ORIENTED_EDGE('',*,*,#2476,.T.);
#3644=ORIENTED_EDGE('',*,*,#2477,.T.);
#3645=ORIENTED_EDGE('',*,*,#2478,.T.);
#3646=ORIENTED_EDGE('',*,*,#2479,.T.);
#3647=ORIENTED_EDGE('',*,*,#2480,.T.);
#3648=ORIENTED_EDGE('',*,*,#2481,.T.);
#3649=ORIENTED_EDGE('',*,*,#2478,.F.);
#3650=ORIENTED_EDGE('',*,*,#2482,.T.);
#3651=ORIENTED_EDGE('',*,*,#2483,.T.);
#3652=ORIENTED_EDGE('',*,*,#2484,.T.);
#3653=ORIENTED_EDGE('',*,*,#2480,.F.);
#3654=ORIENTED_EDGE('',*,*,#2485,.T.);
#3655=ORIENTED_EDGE('',*,*,#2486,.T.);
#3656=ORIENTED_EDGE('',*,*,#2487,.T.);
#3657=ORIENTED_EDGE('',*,*,#2483,.F.);
#3658=ORIENTED_EDGE('',*,*,#2488,.T.);
#3659=ORIENTED_EDGE('',*,*,#2489,.T.);
#3660=ORIENTED_EDGE('',*,*,#2490,.T.);
#3661=ORIENTED_EDGE('',*,*,#2486,.F.);
#3662=ORIENTED_EDGE('',*,*,#2491,.T.);
#3663=ORIENTED_EDGE('',*,*,#2492,.T.);
#3664=ORIENTED_EDGE('',*,*,#2493,.T.);
#3665=ORIENTED_EDGE('',*,*,#2489,.F.);
#3666=ORIENTED_EDGE('',*,*,#2494,.T.);
#3667=ORIENTED_EDGE('',*,*,#2495,.T.);
#3668=ORIENTED_EDGE('',*,*,#2496,.T.);
#3669=ORIENTED_EDGE('',*,*,#2492,.F.);
#3670=ORIENTED_EDGE('',*,*,#2497,.T.);
#3671=ORIENTED_EDGE('',*,*,#2498,.T.);
#3672=ORIENTED_EDGE('',*,*,#2499,.T.);
#3673=ORIENTED_EDGE('',*,*,#2495,.F.);
#3674=ORIENTED_EDGE('',*,*,#2500,.T.);
#3675=ORIENTED_EDGE('',*,*,#2501,.T.);
#3676=ORIENTED_EDGE('',*,*,#2502,.T.);
#3677=ORIENTED_EDGE('',*,*,#2498,.F.);
#3678=ORIENTED_EDGE('',*,*,#2503,.T.);
#3679=ORIENTED_EDGE('',*,*,#2476,.F.);
#3680=ORIENTED_EDGE('',*,*,#2504,.T.);
#3681=ORIENTED_EDGE('',*,*,#2501,.F.);
#3682=ORIENTED_EDGE('',*,*,#2505,.T.);
#3683=ORIENTED_EDGE('',*,*,#2491,.F.);
#3684=ORIENTED_EDGE('',*,*,#2506,.T.);
#3685=ORIENTED_EDGE('',*,*,#2458,.T.);
#3686=ORIENTED_EDGE('',*,*,#2507,.F.);
#3687=ORIENTED_EDGE('',*,*,#2488,.F.);
#3688=ORIENTED_EDGE('',*,*,#2508,.T.);
#3689=ORIENTED_EDGE('',*,*,#2459,.T.);
#3690=ORIENTED_EDGE('',*,*,#2506,.F.);
#3691=ORIENTED_EDGE('',*,*,#2485,.F.);
#3692=ORIENTED_EDGE('',*,*,#2509,.T.);
#3693=ORIENTED_EDGE('',*,*,#2460,.T.);
#3694=ORIENTED_EDGE('',*,*,#2508,.F.);
#3695=ORIENTED_EDGE('',*,*,#2482,.F.);
#3696=ORIENTED_EDGE('',*,*,#2510,.T.);
#3697=ORIENTED_EDGE('',*,*,#2461,.T.);
#3698=ORIENTED_EDGE('',*,*,#2509,.F.);
#3699=ORIENTED_EDGE('',*,*,#2477,.F.);
#3700=ORIENTED_EDGE('',*,*,#2511,.T.);
#3701=ORIENTED_EDGE('',*,*,#2462,.T.);
#3702=ORIENTED_EDGE('',*,*,#2510,.F.);
#3703=ORIENTED_EDGE('',*,*,#2479,.F.);
#3704=ORIENTED_EDGE('',*,*,#2481,.F.);
#3705=ORIENTED_EDGE('',*,*,#2484,.F.);
#3706=ORIENTED_EDGE('',*,*,#2487,.F.);
#3707=ORIENTED_EDGE('',*,*,#2490,.F.);
#3708=ORIENTED_EDGE('',*,*,#2493,.F.);
#3709=ORIENTED_EDGE('',*,*,#2496,.F.);
#3710=ORIENTED_EDGE('',*,*,#2499,.F.);
#3711=ORIENTED_EDGE('',*,*,#2502,.F.);
#3712=ORIENTED_EDGE('',*,*,#2504,.F.);
#3713=ORIENTED_EDGE('',*,*,#2512,.T.);
#3714=ORIENTED_EDGE('',*,*,#2513,.T.);
#3715=ORIENTED_EDGE('',*,*,#2514,.T.);
#3716=ORIENTED_EDGE('',*,*,#2515,.T.);
#3717=ORIENTED_EDGE('',*,*,#2516,.T.);
#3718=ORIENTED_EDGE('',*,*,#2517,.T.);
#3719=ORIENTED_EDGE('',*,*,#2514,.F.);
#3720=ORIENTED_EDGE('',*,*,#2518,.T.);
#3721=ORIENTED_EDGE('',*,*,#2519,.T.);
#3722=ORIENTED_EDGE('',*,*,#2520,.T.);
#3723=ORIENTED_EDGE('',*,*,#2516,.F.);
#3724=ORIENTED_EDGE('',*,*,#2521,.T.);
#3725=ORIENTED_EDGE('',*,*,#2522,.T.);
#3726=ORIENTED_EDGE('',*,*,#2523,.T.);
#3727=ORIENTED_EDGE('',*,*,#2519,.F.);
#3728=ORIENTED_EDGE('',*,*,#2524,.T.);
#3729=ORIENTED_EDGE('',*,*,#2525,.T.);
#3730=ORIENTED_EDGE('',*,*,#2526,.T.);
#3731=ORIENTED_EDGE('',*,*,#2522,.F.);
#3732=ORIENTED_EDGE('',*,*,#2527,.T.);
#3733=ORIENTED_EDGE('',*,*,#2528,.T.);
#3734=ORIENTED_EDGE('',*,*,#2529,.T.);
#3735=ORIENTED_EDGE('',*,*,#2525,.F.);
#3736=ORIENTED_EDGE('',*,*,#2530,.T.);
#3737=ORIENTED_EDGE('',*,*,#2531,.T.);
#3738=ORIENTED_EDGE('',*,*,#2532,.T.);
#3739=ORIENTED_EDGE('',*,*,#2528,.F.);
#3740=ORIENTED_EDGE('',*,*,#2533,.T.);
#3741=ORIENTED_EDGE('',*,*,#2534,.T.);
#3742=ORIENTED_EDGE('',*,*,#2535,.T.);
#3743=ORIENTED_EDGE('',*,*,#2531,.F.);
#3744=ORIENTED_EDGE('',*,*,#2536,.T.);
#3745=ORIENTED_EDGE('',*,*,#2537,.T.);
#3746=ORIENTED_EDGE('',*,*,#2538,.T.);
#3747=ORIENTED_EDGE('',*,*,#2534,.F.);
#3748=ORIENTED_EDGE('',*,*,#2539,.T.);
#3749=ORIENTED_EDGE('',*,*,#2512,.F.);
#3750=ORIENTED_EDGE('',*,*,#2540,.T.);
#3751=ORIENTED_EDGE('',*,*,#2537,.F.);
#3752=ORIENTED_EDGE('',*,*,#2541,.T.);
#3753=ORIENTED_EDGE('',*,*,#2527,.F.);
#3754=ORIENTED_EDGE('',*,*,#2542,.T.);
#3755=ORIENTED_EDGE('',*,*,#2455,.T.);
#3756=ORIENTED_EDGE('',*,*,#2543,.F.);
#3757=ORIENTED_EDGE('',*,*,#2524,.F.);
#3758=ORIENTED_EDGE('',*,*,#2544,.T.);
#3759=ORIENTED_EDGE('',*,*,#2446,.T.);
#3760=ORIENTED_EDGE('',*,*,#2542,.F.);
#3761=ORIENTED_EDGE('',*,*,#2521,.F.);
#3762=ORIENTED_EDGE('',*,*,#2545,.T.);
#3763=ORIENTED_EDGE('',*,*,#2447,.T.);
#3764=ORIENTED_EDGE('',*,*,#2544,.F.);
#3765=ORIENTED_EDGE('',*,*,#2518,.F.);
#3766=ORIENTED_EDGE('',*,*,#2546,.T.);
#3767=ORIENTED_EDGE('',*,*,#2448,.T.);
#3768=ORIENTED_EDGE('',*,*,#2545,.F.);
#3769=ORIENTED_EDGE('',*,*,#2513,.F.);
#3770=ORIENTED_EDGE('',*,*,#2547,.T.);
#3771=ORIENTED_EDGE('',*,*,#2449,.T.);
#3772=ORIENTED_EDGE('',*,*,#2546,.F.);
#3773=ORIENTED_EDGE('',*,*,#2515,.F.);
#3774=ORIENTED_EDGE('',*,*,#2517,.F.);
#3775=ORIENTED_EDGE('',*,*,#2520,.F.);
#3776=ORIENTED_EDGE('',*,*,#2523,.F.);
#3777=ORIENTED_EDGE('',*,*,#2526,.F.);
#3778=ORIENTED_EDGE('',*,*,#2529,.F.);
#3779=ORIENTED_EDGE('',*,*,#2532,.F.);
#3780=ORIENTED_EDGE('',*,*,#2535,.F.);
#3781=ORIENTED_EDGE('',*,*,#2538,.F.);
#3782=ORIENTED_EDGE('',*,*,#2540,.F.);
#3783=ORIENTED_EDGE('',*,*,#2548,.T.);
#3784=ORIENTED_EDGE('',*,*,#2549,.T.);
#3785=ORIENTED_EDGE('',*,*,#2550,.T.);
#3786=ORIENTED_EDGE('',*,*,#2551,.T.);
#3787=ORIENTED_EDGE('',*,*,#2552,.T.);
#3788=ORIENTED_EDGE('',*,*,#2553,.T.);
#3789=ORIENTED_EDGE('',*,*,#2548,.F.);
#3790=ORIENTED_EDGE('',*,*,#2554,.T.);
#3791=ORIENTED_EDGE('',*,*,#2555,.T.);
#3792=ORIENTED_EDGE('',*,*,#2556,.T.);
#3793=ORIENTED_EDGE('',*,*,#2552,.F.);
#3794=ORIENTED_EDGE('',*,*,#2557,.T.);
#3795=ORIENTED_EDGE('',*,*,#2557,.F.);
#3796=ORIENTED_EDGE('',*,*,#2558,.F.);
#3797=ORIENTED_EDGE('',*,*,#2559,.T.);
#3798=ORIENTED_EDGE('',*,*,#2560,.F.);
#3799=ORIENTED_EDGE('',*,*,#2554,.F.);
#3800=ORIENTED_EDGE('',*,*,#2561,.T.);
#3801=ORIENTED_EDGE('',*,*,#2562,.T.);
#3802=ORIENTED_EDGE('',*,*,#2558,.T.);
#3803=ORIENTED_EDGE('',*,*,#2551,.F.);
#3804=ORIENTED_EDGE('',*,*,#2563,.F.);
#3805=ORIENTED_EDGE('',*,*,#2564,.F.);
#3806=ORIENTED_EDGE('',*,*,#2561,.F.);
#3807=ORIENTED_EDGE('',*,*,#2565,.T.);
#3808=ORIENTED_EDGE('',*,*,#2566,.T.);
#3809=ORIENTED_EDGE('',*,*,#2567,.T.);
#3810=ORIENTED_EDGE('',*,*,#2568,.T.);
#3811=ORIENTED_EDGE('',*,*,#2569,.T.);
#3812=ORIENTED_EDGE('',*,*,#2570,.T.);
#3813=ORIENTED_EDGE('',*,*,#2565,.F.);
#3814=ORIENTED_EDGE('',*,*,#2571,.T.);
#3815=ORIENTED_EDGE('',*,*,#2572,.T.);
#3816=ORIENTED_EDGE('',*,*,#2573,.T.);
#3817=ORIENTED_EDGE('',*,*,#2569,.F.);
#3818=ORIENTED_EDGE('',*,*,#2574,.T.);
#3819=ORIENTED_EDGE('',*,*,#2574,.F.);
#3820=ORIENTED_EDGE('',*,*,#2575,.F.);
#3821=ORIENTED_EDGE('',*,*,#2576,.T.);
#3822=ORIENTED_EDGE('',*,*,#2577,.F.);
#3823=ORIENTED_EDGE('',*,*,#2571,.F.);
#3824=ORIENTED_EDGE('',*,*,#2578,.T.);
#3825=ORIENTED_EDGE('',*,*,#2579,.T.);
#3826=ORIENTED_EDGE('',*,*,#2575,.T.);
#3827=ORIENTED_EDGE('',*,*,#2568,.F.);
#3828=ORIENTED_EDGE('',*,*,#2580,.F.);
#3829=ORIENTED_EDGE('',*,*,#2581,.F.);
#3830=ORIENTED_EDGE('',*,*,#2578,.F.);
#3831=ORIENTED_EDGE('',*,*,#2582,.T.);
#3832=ORIENTED_EDGE('',*,*,#2583,.T.);
#3833=ORIENTED_EDGE('',*,*,#2584,.T.);
#3834=ORIENTED_EDGE('',*,*,#2585,.T.);
#3835=ORIENTED_EDGE('',*,*,#2586,.T.);
#3836=ORIENTED_EDGE('',*,*,#2587,.T.);
#3837=ORIENTED_EDGE('',*,*,#2582,.F.);
#3838=ORIENTED_EDGE('',*,*,#2588,.T.);
#3839=ORIENTED_EDGE('',*,*,#2589,.T.);
#3840=ORIENTED_EDGE('',*,*,#2590,.T.);
#3841=ORIENTED_EDGE('',*,*,#2586,.F.);
#3842=ORIENTED_EDGE('',*,*,#2591,.T.);
#3843=ORIENTED_EDGE('',*,*,#2591,.F.);
#3844=ORIENTED_EDGE('',*,*,#2592,.F.);
#3845=ORIENTED_EDGE('',*,*,#2593,.F.);
#3846=ORIENTED_EDGE('',*,*,#2594,.F.);
#3847=ORIENTED_EDGE('',*,*,#2588,.F.);
#3848=ORIENTED_EDGE('',*,*,#2595,.T.);
#3849=ORIENTED_EDGE('',*,*,#2596,.T.);
#3850=ORIENTED_EDGE('',*,*,#2592,.T.);
#3851=ORIENTED_EDGE('',*,*,#2585,.F.);
#3852=ORIENTED_EDGE('',*,*,#2597,.F.);
#3853=ORIENTED_EDGE('',*,*,#2598,.F.);
#3854=ORIENTED_EDGE('',*,*,#2595,.F.);
#3855=ORIENTED_EDGE('',*,*,#2599,.T.);
#3856=ORIENTED_EDGE('',*,*,#2600,.T.);
#3857=ORIENTED_EDGE('',*,*,#2601,.T.);
#3858=ORIENTED_EDGE('',*,*,#2602,.T.);
#3859=ORIENTED_EDGE('',*,*,#2603,.T.);
#3860=ORIENTED_EDGE('',*,*,#2604,.T.);
#3861=ORIENTED_EDGE('',*,*,#2599,.F.);
#3862=ORIENTED_EDGE('',*,*,#2605,.T.);
#3863=ORIENTED_EDGE('',*,*,#2606,.T.);
#3864=ORIENTED_EDGE('',*,*,#2607,.T.);
#3865=ORIENTED_EDGE('',*,*,#2603,.F.);
#3866=ORIENTED_EDGE('',*,*,#2608,.T.);
#3867=ORIENTED_EDGE('',*,*,#2608,.F.);
#3868=ORIENTED_EDGE('',*,*,#2609,.F.);
#3869=ORIENTED_EDGE('',*,*,#2610,.T.);
#3870=ORIENTED_EDGE('',*,*,#2611,.F.);
#3871=ORIENTED_EDGE('',*,*,#2605,.F.);
#3872=ORIENTED_EDGE('',*,*,#2612,.T.);
#3873=ORIENTED_EDGE('',*,*,#2613,.T.);
#3874=ORIENTED_EDGE('',*,*,#2609,.T.);
#3875=ORIENTED_EDGE('',*,*,#2602,.F.);
#3876=ORIENTED_EDGE('',*,*,#2614,.F.);
#3877=ORIENTED_EDGE('',*,*,#2615,.F.);
#3878=ORIENTED_EDGE('',*,*,#2612,.F.);
#3879=ORIENTED_EDGE('',*,*,#2573,.F.);
#3880=ORIENTED_EDGE('',*,*,#2616,.F.);
#3881=ORIENTED_EDGE('',*,*,#2566,.F.);
#3882=ORIENTED_EDGE('',*,*,#2570,.F.);
#3883=ORIENTED_EDGE('',*,*,#2590,.F.);
#3884=ORIENTED_EDGE('',*,*,#2617,.F.);
#3885=ORIENTED_EDGE('',*,*,#2583,.F.);
#3886=ORIENTED_EDGE('',*,*,#2587,.F.);
#3887=ORIENTED_EDGE('',*,*,#2607,.F.);
#3888=ORIENTED_EDGE('',*,*,#2618,.F.);
#3889=ORIENTED_EDGE('',*,*,#2600,.F.);
#3890=ORIENTED_EDGE('',*,*,#2604,.F.);
#3891=ORIENTED_EDGE('',*,*,#2468,.F.);
#3892=ORIENTED_EDGE('',*,*,#2467,.F.);
#3893=ORIENTED_EDGE('',*,*,#2418,.T.);
#3894=ORIENTED_EDGE('',*,*,#2475,.F.);
#3895=ORIENTED_EDGE('',*,*,#2474,.F.);
#3896=ORIENTED_EDGE('',*,*,#2426,.T.);
#3897=ORIENTED_EDGE('',*,*,#2536,.F.);
#3898=ORIENTED_EDGE('',*,*,#2619,.T.);
#3899=ORIENTED_EDGE('',*,*,#2452,.T.);
#3900=ORIENTED_EDGE('',*,*,#2620,.F.);
#3901=ORIENTED_EDGE('',*,*,#2539,.F.);
#3902=ORIENTED_EDGE('',*,*,#2620,.T.);
#3903=ORIENTED_EDGE('',*,*,#2451,.T.);
#3904=ORIENTED_EDGE('',*,*,#2621,.F.);
#3905=ORIENTED_EDGE('',*,*,#2541,.F.);
#3906=ORIENTED_EDGE('',*,*,#2621,.T.);
#3907=ORIENTED_EDGE('',*,*,#2450,.T.);
#3908=ORIENTED_EDGE('',*,*,#2547,.F.);
#3909=ORIENTED_EDGE('',*,*,#2494,.F.);
#3910=ORIENTED_EDGE('',*,*,#2507,.T.);
#3911=ORIENTED_EDGE('',*,*,#2457,.T.);
#3912=ORIENTED_EDGE('',*,*,#2622,.F.);
#3913=ORIENTED_EDGE('',*,*,#2505,.F.);
#3914=ORIENTED_EDGE('',*,*,#2623,.T.);
#3915=ORIENTED_EDGE('',*,*,#2463,.T.);
#3916=ORIENTED_EDGE('',*,*,#2511,.F.);
#3917=ORIENTED_EDGE('',*,*,#2503,.F.);
#3918=ORIENTED_EDGE('',*,*,#2624,.T.);
#3919=ORIENTED_EDGE('',*,*,#2464,.T.);
#3920=ORIENTED_EDGE('',*,*,#2623,.F.);
#3921=ORIENTED_EDGE('',*,*,#2500,.F.);
#3922=ORIENTED_EDGE('',*,*,#2625,.T.);
#3923=ORIENTED_EDGE('',*,*,#2465,.T.);
#3924=ORIENTED_EDGE('',*,*,#2624,.F.);
#3925=ORIENTED_EDGE('',*,*,#2497,.F.);
#3926=ORIENTED_EDGE('',*,*,#2622,.T.);
#3927=ORIENTED_EDGE('',*,*,#2456,.T.);
#3928=ORIENTED_EDGE('',*,*,#2625,.F.);
#3929=ORIENTED_EDGE('',*,*,#2533,.F.);
#3930=ORIENTED_EDGE('',*,*,#2626,.T.);
#3931=ORIENTED_EDGE('',*,*,#2453,.T.);
#3932=ORIENTED_EDGE('',*,*,#2619,.F.);
#3933=ORIENTED_EDGE('',*,*,#2530,.F.);
#3934=ORIENTED_EDGE('',*,*,#2543,.T.);
#3935=ORIENTED_EDGE('',*,*,#2454,.T.);
#3936=ORIENTED_EDGE('',*,*,#2626,.F.);
#3937=ORIENTED_EDGE('',*,*,#2556,.F.);
#3938=ORIENTED_EDGE('',*,*,#2627,.F.);
#3939=ORIENTED_EDGE('',*,*,#2549,.F.);
#3940=ORIENTED_EDGE('',*,*,#2553,.F.);
#3941=ORIENTED_EDGE('',*,*,#2598,.T.);
#3942=ORIENTED_EDGE('',*,*,#2628,.F.);
#3943=ORIENTED_EDGE('',*,*,#2559,.F.);
#3944=ORIENTED_EDGE('',*,*,#2562,.F.);
#3945=ORIENTED_EDGE('',*,*,#2564,.T.);
#3946=ORIENTED_EDGE('',*,*,#2629,.F.);
#3947=ORIENTED_EDGE('',*,*,#2576,.F.);
#3948=ORIENTED_EDGE('',*,*,#2579,.F.);
#3949=ORIENTED_EDGE('',*,*,#2581,.T.);
#3950=ORIENTED_EDGE('',*,*,#2630,.F.);
#3951=ORIENTED_EDGE('',*,*,#2610,.F.);
#3952=ORIENTED_EDGE('',*,*,#2613,.F.);
#3953=ORIENTED_EDGE('',*,*,#2615,.T.);
#3954=ORIENTED_EDGE('',*,*,#2631,.F.);
#3955=ORIENTED_EDGE('',*,*,#2632,.F.);
#3956=ORIENTED_EDGE('',*,*,#2593,.T.);
#3957=ORIENTED_EDGE('',*,*,#2596,.F.);
#3958=ORIENTED_EDGE('',*,*,#2633,.F.);
#3959=ORIENTED_EDGE('',*,*,#2634,.F.);
#3960=ORIENTED_EDGE('',*,*,#2635,.T.);
#3961=ORIENTED_EDGE('',*,*,#2636,.T.);
#3962=ORIENTED_EDGE('',*,*,#2637,.F.);
#3963=ORIENTED_EDGE('',*,*,#1972,.T.);
#3964=ORIENTED_EDGE('',*,*,#2638,.T.);
#3965=ORIENTED_EDGE('',*,*,#2635,.F.);
#3966=ORIENTED_EDGE('',*,*,#1978,.F.);
#3967=ORIENTED_EDGE('',*,*,#1977,.T.);
#3968=ORIENTED_EDGE('',*,*,#1980,.T.);
#3969=ORIENTED_EDGE('',*,*,#1979,.F.);
#3970=ORIENTED_EDGE('',*,*,#2000,.F.);
#3971=ORIENTED_EDGE('',*,*,#2016,.T.);
#3972=ORIENTED_EDGE('',*,*,#1993,.T.);
#3973=ORIENTED_EDGE('',*,*,#2014,.F.);
#3974=ORIENTED_EDGE('',*,*,#2639,.F.);
#3975=ORIENTED_EDGE('',*,*,#2640,.T.);
#3976=ORIENTED_EDGE('',*,*,#1994,.T.);
#3977=ORIENTED_EDGE('',*,*,#1983,.T.);
#3978=ORIENTED_EDGE('',*,*,#2640,.F.);
#3979=ORIENTED_EDGE('',*,*,#2641,.F.);
#3980=ORIENTED_EDGE('',*,*,#2642,.T.);
#3981=ORIENTED_EDGE('',*,*,#2643,.T.);
#3982=ORIENTED_EDGE('',*,*,#2017,.F.);
#3983=ORIENTED_EDGE('',*,*,#2644,.F.);
#3984=ORIENTED_EDGE('',*,*,#2645,.T.);
#3985=ORIENTED_EDGE('',*,*,#2646,.T.);
#3986=ORIENTED_EDGE('',*,*,#2642,.F.);
#3987=ORIENTED_EDGE('',*,*,#2647,.F.);
#3988=ORIENTED_EDGE('',*,*,#2648,.T.);
#3989=ORIENTED_EDGE('',*,*,#2645,.F.);
#3990=ORIENTED_EDGE('',*,*,#2649,.F.);
#3991=ORIENTED_EDGE('',*,*,#2649,.T.);
#3992=ORIENTED_EDGE('',*,*,#2650,.T.);
#3993=ORIENTED_EDGE('',*,*,#2648,.F.);
#3994=ORIENTED_EDGE('',*,*,#2651,.T.);
#3995=ORIENTED_EDGE('',*,*,#2652,.T.);
#3996=ORIENTED_EDGE('',*,*,#2644,.T.);
#3997=ORIENTED_EDGE('',*,*,#2653,.T.);
#3998=ORIENTED_EDGE('',*,*,#2646,.F.);
#3999=ORIENTED_EDGE('',*,*,#2650,.F.);
#4000=ORIENTED_EDGE('',*,*,#2641,.T.);
#4001=ORIENTED_EDGE('',*,*,#2654,.T.);
#4002=ORIENTED_EDGE('',*,*,#2643,.F.);
#4003=ORIENTED_EDGE('',*,*,#2653,.F.);
#4004=ORIENTED_EDGE('',*,*,#2639,.T.);
#4005=ORIENTED_EDGE('',*,*,#2655,.T.);
#4006=ORIENTED_EDGE('',*,*,#2018,.F.);
#4007=ORIENTED_EDGE('',*,*,#2654,.F.);
#4008=ORIENTED_EDGE('',*,*,#2013,.T.);
#4009=ORIENTED_EDGE('',*,*,#2656,.T.);
#4010=ORIENTED_EDGE('',*,*,#2012,.F.);
#4011=ORIENTED_EDGE('',*,*,#2655,.F.);
#4012=ORIENTED_EDGE('',*,*,#2009,.T.);
#4013=ORIENTED_EDGE('',*,*,#2269,.T.);
#4014=ORIENTED_EDGE('',*,*,#2008,.F.);
#4015=ORIENTED_EDGE('',*,*,#2656,.F.);
#4016=ORIENTED_EDGE('',*,*,#2385,.T.);
#4017=ORIENTED_EDGE('',*,*,#2387,.T.);
#4018=ORIENTED_EDGE('',*,*,#2386,.F.);
#4019=ORIENTED_EDGE('',*,*,#2637,.T.);
#4020=ORIENTED_EDGE('',*,*,#2657,.T.);
#4021=ORIENTED_EDGE('',*,*,#2638,.F.);
#4022=ORIENTED_EDGE('',*,*,#2268,.F.);
#4023=ORIENTED_EDGE('',*,*,#2634,.T.);
#4024=ORIENTED_EDGE('',*,*,#2658,.T.);
#4025=ORIENTED_EDGE('',*,*,#2659,.T.);
#4026=ORIENTED_EDGE('',*,*,#2636,.F.);
#4027=ORIENTED_EDGE('',*,*,#2657,.F.);
#4028=ORIENTED_EDGE('',*,*,#2659,.F.);
#4029=ORIENTED_EDGE('',*,*,#2660,.T.);
#4030=ORIENTED_EDGE('',*,*,#2631,.T.);
#4031=ORIENTED_EDGE('',*,*,#2614,.T.);
#4032=ORIENTED_EDGE('',*,*,#2601,.F.);
#4033=ORIENTED_EDGE('',*,*,#2618,.T.);
#4034=ORIENTED_EDGE('',*,*,#2606,.F.);
#4035=ORIENTED_EDGE('',*,*,#2611,.T.);
#4036=ORIENTED_EDGE('',*,*,#2630,.T.);
#4037=ORIENTED_EDGE('',*,*,#2580,.T.);
#4038=ORIENTED_EDGE('',*,*,#2567,.F.);
#4039=ORIENTED_EDGE('',*,*,#2616,.T.);
#4040=ORIENTED_EDGE('',*,*,#2572,.F.);
#4041=ORIENTED_EDGE('',*,*,#2577,.T.);
#4042=ORIENTED_EDGE('',*,*,#2629,.T.);
#4043=ORIENTED_EDGE('',*,*,#2563,.T.);
#4044=ORIENTED_EDGE('',*,*,#2550,.F.);
#4045=ORIENTED_EDGE('',*,*,#2627,.T.);
#4046=ORIENTED_EDGE('',*,*,#2555,.F.);
#4047=ORIENTED_EDGE('',*,*,#2560,.T.);
#4048=ORIENTED_EDGE('',*,*,#2628,.T.);
#4049=ORIENTED_EDGE('',*,*,#2597,.T.);
#4050=ORIENTED_EDGE('',*,*,#2584,.F.);
#4051=ORIENTED_EDGE('',*,*,#2617,.T.);
#4052=ORIENTED_EDGE('',*,*,#2589,.F.);
#4053=ORIENTED_EDGE('',*,*,#2594,.T.);
#4054=ORIENTED_EDGE('',*,*,#2632,.T.);
#4055=ORIENTED_EDGE('',*,*,#2660,.F.);
#4056=ORIENTED_EDGE('',*,*,#2658,.F.);
#4057=ORIENTED_EDGE('',*,*,#2633,.T.);
#4058=ORIENTED_EDGE('',*,*,#2647,.T.);
#4059=ORIENTED_EDGE('',*,*,#2652,.F.);
#4060=ORIENTED_EDGE('',*,*,#2661,.T.);
#4061=ORIENTED_EDGE('',*,*,#2443,.T.);
#4062=ORIENTED_EDGE('',*,*,#2661,.F.);
#4063=ORIENTED_EDGE('',*,*,#2651,.F.);
#4064=CYLINDRICAL_SURFACE('',#4489,5.);
#4065=CYLINDRICAL_SURFACE('',#4490,4.99998);
#4066=CYLINDRICAL_SURFACE('',#4493,5.);
#4067=CYLINDRICAL_SURFACE('',#4494,4.99998);
#4068=CYLINDRICAL_SURFACE('',#4495,5.);
#4069=CYLINDRICAL_SURFACE('',#4526,4.99998);
#4070=CYLINDRICAL_SURFACE('',#4527,5.00002);
#4071=CYLINDRICAL_SURFACE('',#4532,5.00002);
#4072=CYLINDRICAL_SURFACE('',#4534,5.00002);
#4073=CYLINDRICAL_SURFACE('',#4535,5.00002);
#4074=CYLINDRICAL_SURFACE('',#4536,5.00002);
#4075=CYLINDRICAL_SURFACE('',#4540,5.00002);
#4076=CYLINDRICAL_SURFACE('',#4545,5.00002);
#4077=CYLINDRICAL_SURFACE('',#4547,5.00002);
#4078=CYLINDRICAL_SURFACE('',#4548,5.00002);
#4079=CYLINDRICAL_SURFACE('',#4549,5.00002);
#4080=CYLINDRICAL_SURFACE('',#4553,5.00002);
#4081=CYLINDRICAL_SURFACE('',#4557,5.00002);
#4082=CYLINDRICAL_SURFACE('',#4563,5.00002);
#4083=CYLINDRICAL_SURFACE('',#4564,5.00002);
#4084=CYLINDRICAL_SURFACE('',#4568,5.00002);
#4085=CYLINDRICAL_SURFACE('',#4574,5.00002);
#4086=CYLINDRICAL_SURFACE('',#4575,5.);
#4087=CYLINDRICAL_SURFACE('',#4599,5.);
#4088=CYLINDRICAL_SURFACE('',#4600,5.);
#4089=CYLINDRICAL_SURFACE('',#4601,5.);
#4090=CYLINDRICAL_SURFACE('',#4602,5.00002);
#4091=CYLINDRICAL_SURFACE('',#4606,5.00002);
#4092=CYLINDRICAL_SURFACE('',#4607,5.00002);
#4093=CYLINDRICAL_SURFACE('',#4608,5.00002);
#4094=CYLINDRICAL_SURFACE('',#4609,5.00002);
#4095=CYLINDRICAL_SURFACE('',#4610,5.00002);
#4096=CYLINDRICAL_SURFACE('',#4611,5.00002);
#4097=CYLINDRICAL_SURFACE('',#4612,5.00002);
#4098=CYLINDRICAL_SURFACE('',#4613,5.00002);
#4099=CYLINDRICAL_SURFACE('',#4614,5.);
#4100=CYLINDRICAL_SURFACE('',#4615,5.);
#4101=CYLINDRICAL_SURFACE('',#4616,5.);
#4102=CYLINDRICAL_SURFACE('',#4617,5.);
#4103=CYLINDRICAL_SURFACE('',#4618,5.);
#4104=CYLINDRICAL_SURFACE('',#4623,0.285);
#4105=CYLINDRICAL_SURFACE('',#4632,0.285);
#4106=CYLINDRICAL_SURFACE('',#4641,0.25);
#4107=CYLINDRICAL_SURFACE('',#4646,0.25);
#4108=CYLINDRICAL_SURFACE('',#4672,0.365);
#4109=CYLINDRICAL_SURFACE('',#4680,0.365);
#4110=CYLINDRICAL_SURFACE('',#4688,0.018);
#4111=CYLINDRICAL_SURFACE('',#4702,0.018);
#4112=CYLINDRICAL_SURFACE('',#4708,0.018);
#4113=CYLINDRICAL_SURFACE('',#4717,0.1);
#4114=CYLINDRICAL_SURFACE('',#4718,4.075);
#4115=CYLINDRICAL_SURFACE('',#4719,0.1);
#4116=CYLINDRICAL_SURFACE('',#4721,0.1);
#4117=CYLINDRICAL_SURFACE('',#4728,0.018);
#4118=CYLINDRICAL_SURFACE('',#4734,0.018);
#4119=CYLINDRICAL_SURFACE('',#4748,0.018);
#4120=CYLINDRICAL_SURFACE('',#4757,0.1);
#4121=CYLINDRICAL_SURFACE('',#4759,0.983333333333333);
#4122=CYLINDRICAL_SURFACE('',#4761,0.1);
#4123=CYLINDRICAL_SURFACE('',#4763,0.015);
#4124=CYLINDRICAL_SURFACE('',#4769,0.015);
#4125=CYLINDRICAL_SURFACE('',#4771,0.06);
#4126=CYLINDRICAL_SURFACE('',#4774,0.015);
#4127=CYLINDRICAL_SURFACE('',#4780,0.015);
#4128=CYLINDRICAL_SURFACE('',#4782,0.06);
#4129=CYLINDRICAL_SURFACE('',#4785,0.015);
#4130=CYLINDRICAL_SURFACE('',#4791,0.015);
#4131=CYLINDRICAL_SURFACE('',#4793,0.06);
#4132=CYLINDRICAL_SURFACE('',#4796,0.015);
#4133=CYLINDRICAL_SURFACE('',#4802,0.015);
#4134=CYLINDRICAL_SURFACE('',#4804,0.06);
#4135=CYLINDRICAL_SURFACE('',#4816,0.1);
#4136=CYLINDRICAL_SURFACE('',#4817,4.075);
#4137=CYLINDRICAL_SURFACE('',#4819,4.075);
#4138=CYLINDRICAL_SURFACE('',#4820,0.1);
#4139=CYLINDRICAL_SURFACE('',#4822,0.983333333333333);
#4140=CYLINDRICAL_SURFACE('',#4823,0.1);
#4141=CYLINDRICAL_SURFACE('',#4824,4.075);
#4142=CYLINDRICAL_SURFACE('',#4839,4.99998);
#4143=CYLINDRICAL_SURFACE('',#4844,4.99998);
#4144=CYLINDRICAL_SURFACE('',#4858,5.);
#4145=CYLINDRICAL_SURFACE('',#4865,5.);
#4146=CYLINDRICAL_SURFACE('',#4871,4.175);
#4147=CYLINDRICAL_SURFACE('',#4872,4.175);
#4148=STYLED_ITEM('',(#9451),#4309);
#4149=STYLED_ITEM('',(#9452),#4310);
#4150=STYLED_ITEM('',(#9451),#4311);
#4151=STYLED_ITEM('',(#9452),#4312);
#4152=STYLED_ITEM('',(#9451),#4313);
#4153=STYLED_ITEM('',(#9451),#4314);
#4154=STYLED_ITEM('',(#9451),#4315);
#4155=STYLED_ITEM('',(#9451),#4316);
#4156=STYLED_ITEM('',(#9451),#4317);
#4157=STYLED_ITEM('',(#9451),#4318);
#4158=STYLED_ITEM('',(#9452),#4319);
#4159=STYLED_ITEM('',(#9452),#4320);
#4160=STYLED_ITEM('',(#9452),#4321);
#4161=STYLED_ITEM('',(#9452),#4322);
#4162=STYLED_ITEM('',(#9452),#4323);
#4163=STYLED_ITEM('',(#9452),#4324);
#4164=STYLED_ITEM('',(#9452),#4325);
#4165=STYLED_ITEM('',(#9452),#4326);
#4166=STYLED_ITEM('',(#9452),#4327);
#4167=STYLED_ITEM('',(#9452),#4328);
#4168=STYLED_ITEM('',(#9452),#4329);
#4169=STYLED_ITEM('',(#9452),#4330);
#4170=STYLED_ITEM('',(#9452),#4331);
#4171=STYLED_ITEM('',(#9452),#4332);
#4172=STYLED_ITEM('',(#9452),#4333);
#4173=STYLED_ITEM('',(#9452),#4334);
#4174=STYLED_ITEM('',(#9452),#4335);
#4175=STYLED_ITEM('',(#9452),#4336);
#4176=STYLED_ITEM('',(#9452),#4337);
#4177=STYLED_ITEM('',(#9452),#4338);
#4178=STYLED_ITEM('',(#9452),#4339);
#4179=STYLED_ITEM('',(#9452),#4340);
#4180=STYLED_ITEM('',(#9452),#4341);
#4181=STYLED_ITEM('',(#9451),#4342);
#4182=STYLED_ITEM('',(#9451),#4343);
#4183=STYLED_ITEM('',(#9451),#4344);
#4184=STYLED_ITEM('',(#9451),#4345);
#4185=STYLED_ITEM('',(#9452),#4346);
#4186=STYLED_ITEM('',(#9452),#4347);
#4187=STYLED_ITEM('',(#9452),#4348);
#4188=STYLED_ITEM('',(#9452),#4349);
#4189=STYLED_ITEM('',(#9452),#4350);
#4190=STYLED_ITEM('',(#9452),#4351);
#4191=STYLED_ITEM('',(#9452),#4352);
#4192=STYLED_ITEM('',(#9452),#4353);
#4193=STYLED_ITEM('',(#9452),#4354);
#4194=STYLED_ITEM('',(#9451),#4355);
#4195=STYLED_ITEM('',(#9451),#4356);
#4196=STYLED_ITEM('',(#9451),#4357);
#4197=STYLED_ITEM('',(#9451),#4358);
#4198=STYLED_ITEM('',(#9451),#4359);
#4199=STYLED_ITEM('',(#9453),#4360);
#4200=STYLED_ITEM('',(#9453),#4361);
#4201=STYLED_ITEM('',(#9453),#4362);
#4202=STYLED_ITEM('',(#9453),#4363);
#4203=STYLED_ITEM('',(#9453),#4364);
#4204=STYLED_ITEM('',(#9453),#4365);
#4205=STYLED_ITEM('',(#9453),#4366);
#4206=STYLED_ITEM('',(#9453),#4367);
#4207=STYLED_ITEM('',(#9453),#4368);
#4208=STYLED_ITEM('',(#9453),#4369);
#4209=STYLED_ITEM('',(#9453),#4370);
#4210=STYLED_ITEM('',(#9453),#4371);
#4211=STYLED_ITEM('',(#9454),#4372);
#4212=STYLED_ITEM('',(#9454),#4373);
#4213=STYLED_ITEM('',(#9454),#4374);
#4214=STYLED_ITEM('',(#9454),#4375);
#4215=STYLED_ITEM('',(#9454),#4376);
#4216=STYLED_ITEM('',(#9454),#4377);
#4217=STYLED_ITEM('',(#9454),#4378);
#4218=STYLED_ITEM('',(#9454),#4379);
#4219=STYLED_ITEM('',(#9454),#4380);
#4220=STYLED_ITEM('',(#9454),#4381);
#4221=STYLED_ITEM('',(#9454),#4382);
#4222=STYLED_ITEM('',(#9454),#4383);
#4223=STYLED_ITEM('',(#9454),#4384);
#4224=STYLED_ITEM('',(#9454),#4385);
#4225=STYLED_ITEM('',(#9454),#4386);
#4226=STYLED_ITEM('',(#9454),#4387);
#4227=STYLED_ITEM('',(#9454),#4388);
#4228=STYLED_ITEM('',(#9454),#4389);
#4229=STYLED_ITEM('',(#9454),#4390);
#4230=STYLED_ITEM('',(#9454),#4391);
#4231=STYLED_ITEM('',(#9454),#4392);
#4232=STYLED_ITEM('',(#9454),#4393);
#4233=STYLED_ITEM('',(#9454),#4394);
#4234=STYLED_ITEM('',(#9454),#4395);
#4235=STYLED_ITEM('',(#9454),#4396);
#4236=STYLED_ITEM('',(#9454),#4397);
#4237=STYLED_ITEM('',(#9454),#4398);
#4238=STYLED_ITEM('',(#9454),#4399);
#4239=STYLED_ITEM('',(#9454),#4400);
#4240=STYLED_ITEM('',(#9454),#4401);
#4241=STYLED_ITEM('',(#9454),#4402);
#4242=STYLED_ITEM('',(#9454),#4403);
#4243=STYLED_ITEM('',(#9454),#4404);
#4244=STYLED_ITEM('',(#9454),#4405);
#4245=STYLED_ITEM('',(#9454),#4406);
#4246=STYLED_ITEM('',(#9454),#4407);
#4247=STYLED_ITEM('',(#9454),#4408);
#4248=STYLED_ITEM('',(#9455),#4409);
#4249=STYLED_ITEM('',(#9455),#4410);
#4250=STYLED_ITEM('',(#9455),#4411);
#4251=STYLED_ITEM('',(#9455),#4412);
#4252=STYLED_ITEM('',(#9455),#4413);
#4253=STYLED_ITEM('',(#9455),#4414);
#4254=STYLED_ITEM('',(#9455),#4415);
#4255=STYLED_ITEM('',(#9455),#4416);
#4256=STYLED_ITEM('',(#9455),#4417);
#4257=STYLED_ITEM('',(#9455),#4418);
#4258=STYLED_ITEM('',(#9455),#4419);
#4259=STYLED_ITEM('',(#9455),#4420);
#4260=STYLED_ITEM('',(#9455),#4421);
#4261=STYLED_ITEM('',(#9455),#4422);
#4262=STYLED_ITEM('',(#9455),#4423);
#4263=STYLED_ITEM('',(#9455),#4424);
#4264=STYLED_ITEM('',(#9455),#4425);
#4265=STYLED_ITEM('',(#9455),#4426);
#4266=STYLED_ITEM('',(#9455),#4427);
#4267=STYLED_ITEM('',(#9455),#4428);
#4268=STYLED_ITEM('',(#9455),#4429);
#4269=STYLED_ITEM('',(#9455),#4430);
#4270=STYLED_ITEM('',(#9455),#4431);
#4271=STYLED_ITEM('',(#9455),#4432);
#4272=STYLED_ITEM('',(#9455),#4433);
#4273=STYLED_ITEM('',(#9455),#4434);
#4274=STYLED_ITEM('',(#9455),#4435);
#4275=STYLED_ITEM('',(#9454),#4436);
#4276=STYLED_ITEM('',(#9454),#4437);
#4277=STYLED_ITEM('',(#9454),#4438);
#4278=STYLED_ITEM('',(#9454),#4439);
#4279=STYLED_ITEM('',(#9454),#4440);
#4280=STYLED_ITEM('',(#9454),#4441);
#4281=STYLED_ITEM('',(#9454),#4442);
#4282=STYLED_ITEM('',(#9454),#4443);
#4283=STYLED_ITEM('',(#9454),#4444);
#4284=STYLED_ITEM('',(#9454),#4445);
#4285=STYLED_ITEM('',(#9454),#4446);
#4286=STYLED_ITEM('',(#9454),#4447);
#4287=STYLED_ITEM('',(#9455),#4448);
#4288=STYLED_ITEM('',(#9455),#4449);
#4289=STYLED_ITEM('',(#9452),#4450);
#4290=STYLED_ITEM('',(#9452),#4451);
#4291=STYLED_ITEM('',(#9452),#4452);
#4292=STYLED_ITEM('',(#9452),#4453);
#4293=STYLED_ITEM('',(#9452),#4454);
#4294=STYLED_ITEM('',(#9452),#4455);
#4295=STYLED_ITEM('',(#9452),#4456);
#4296=STYLED_ITEM('',(#9452),#4457);
#4297=STYLED_ITEM('',(#9451),#4458);
#4298=STYLED_ITEM('',(#9451),#4459);
#4299=STYLED_ITEM('',(#9451),#4460);
#4300=STYLED_ITEM('',(#9451),#4461);
#4301=STYLED_ITEM('',(#9451),#4462);
#4302=STYLED_ITEM('',(#9451),#4463);
#4303=STYLED_ITEM('',(#9451),#4464);
#4304=STYLED_ITEM('',(#9451),#4465);
#4305=STYLED_ITEM('',(#9451),#4466);
#4306=STYLED_ITEM('',(#9451),#4467);
#4307=STYLED_ITEM('',(#9451),#4468);
#4308=STYLED_ITEM('',(#9450),#13);
#4309=ADVANCED_FACE('',(#360,#314),#4064,.T.);
#4310=ADVANCED_FACE('',(#361,#315,#316),#4065,.T.);
#4311=ADVANCED_FACE('',(#362,#317),#4066,.T.);
#4312=ADVANCED_FACE('',(#363),#4067,.T.);
#4313=ADVANCED_FACE('',(#364),#4068,.T.);
#4314=ADVANCED_FACE('',(#365),#53,.F.);
#4315=ADVANCED_FACE('',(#366),#54,.T.);
#4316=ADVANCED_FACE('',(#367),#55,.T.);
#4317=ADVANCED_FACE('',(#368),#56,.T.);
#4318=ADVANCED_FACE('',(#369),#57,.F.);
#4319=ADVANCED_FACE('',(#370),#58,.T.);
#4320=ADVANCED_FACE('',(#371),#59,.F.);
#4321=ADVANCED_FACE('',(#372),#60,.F.);
#4322=ADVANCED_FACE('',(#373),#61,.F.);
#4323=ADVANCED_FACE('',(#374),#62,.T.);
#4324=ADVANCED_FACE('',(#375),#63,.T.);
#4325=ADVANCED_FACE('',(#376),#4069,.T.);
#4326=ADVANCED_FACE('',(#377),#4070,.T.);
#4327=ADVANCED_FACE('',(#378,#318),#4071,.T.);
#4328=ADVANCED_FACE('',(#379),#4072,.T.);
#4329=ADVANCED_FACE('',(#380,#319),#4073,.T.);
#4330=ADVANCED_FACE('',(#381),#4074,.T.);
#4331=ADVANCED_FACE('',(#382),#4075,.T.);
#4332=ADVANCED_FACE('',(#383,#320),#4076,.T.);
#4333=ADVANCED_FACE('',(#384),#4077,.T.);
#4334=ADVANCED_FACE('',(#385,#321),#4078,.T.);
#4335=ADVANCED_FACE('',(#386),#4079,.T.);
#4336=ADVANCED_FACE('',(#387),#4080,.T.);
#4337=ADVANCED_FACE('',(#388),#4081,.T.);
#4338=ADVANCED_FACE('',(#389),#4082,.T.);
#4339=ADVANCED_FACE('',(#390),#4083,.T.);
#4340=ADVANCED_FACE('',(#391),#4084,.T.);
#4341=ADVANCED_FACE('',(#392),#4085,.T.);
#4342=ADVANCED_FACE('',(#393,#322,#323,#324,#325,#326,#327,#328,#329,#330,
#331,#332,#333,#334,#335,#336,#337,#338,#339,#340,#341,#342,#343,#344,#345,
#346),#4086,.T.);
#4343=ADVANCED_FACE('',(#394),#4087,.T.);
#4344=ADVANCED_FACE('',(#395),#4088,.T.);
#4345=ADVANCED_FACE('',(#396),#4089,.T.);
#4346=ADVANCED_FACE('',(#397,#347),#4090,.T.);
#4347=ADVANCED_FACE('',(#398,#348),#4091,.T.);
#4348=ADVANCED_FACE('',(#399),#4092,.T.);
#4349=ADVANCED_FACE('',(#400),#4093,.T.);
#4350=ADVANCED_FACE('',(#401),#4094,.T.);
#4351=ADVANCED_FACE('',(#402),#4095,.T.);
#4352=ADVANCED_FACE('',(#403,#349,#350),#4096,.T.);
#4353=ADVANCED_FACE('',(#404,#351),#4097,.T.);
#4354=ADVANCED_FACE('',(#405),#4098,.T.);
#4355=ADVANCED_FACE('',(#406),#4099,.T.);
#4356=ADVANCED_FACE('',(#407),#4100,.T.);
#4357=ADVANCED_FACE('',(#408),#4101,.T.);
#4358=ADVANCED_FACE('',(#409),#4102,.T.);
#4359=ADVANCED_FACE('',(#410),#4103,.T.);
#4360=ADVANCED_FACE('',(#411),#46,.T.);
#4361=ADVANCED_FACE('',(#412),#4104,.T.);
#4362=ADVANCED_FACE('',(#413,#352),#14,.T.);
#4363=ADVANCED_FACE('',(#414),#47,.T.);
#4364=ADVANCED_FACE('',(#415),#4105,.T.);
#4365=ADVANCED_FACE('',(#416,#353),#15,.T.);
#4366=ADVANCED_FACE('',(#417),#48,.T.);
#4367=ADVANCED_FACE('',(#418),#16,.F.);
#4368=ADVANCED_FACE('',(#419),#4106,.T.);
#4369=ADVANCED_FACE('',(#420),#49,.T.);
#4370=ADVANCED_FACE('',(#421),#17,.F.);
#4371=ADVANCED_FACE('',(#422),#4107,.T.);
#4372=ADVANCED_FACE('',(#423),#64,.T.);
#4373=ADVANCED_FACE('',(#424,#354,#355,#356,#357),#18,.F.);
#4374=ADVANCED_FACE('',(#425),#4108,.F.);
#4375=ADVANCED_FACE('',(#426),#65,.T.);
#4376=ADVANCED_FACE('',(#427),#4109,.F.);
#4377=ADVANCED_FACE('',(#428),#66,.T.);
#4378=ADVANCED_FACE('',(#429),#4110,.T.);
#4379=ADVANCED_FACE('',(#430),#67,.T.);
#4380=ADVANCED_FACE('',(#431),#68,.T.);
#4381=ADVANCED_FACE('',(#432),#69,.T.);
#4382=ADVANCED_FACE('',(#433),#4111,.T.);
#4383=ADVANCED_FACE('',(#434),#70,.T.);
#4384=ADVANCED_FACE('',(#435),#4112,.T.);
#4385=ADVANCED_FACE('',(#436),#71,.T.);
#4386=ADVANCED_FACE('',(#437),#72,.T.);
#4387=ADVANCED_FACE('',(#438),#4113,.T.);
#4388=ADVANCED_FACE('',(#439),#4114,.T.);
#4389=ADVANCED_FACE('',(#440),#4115,.T.);
#4390=ADVANCED_FACE('',(#441),#19,.F.);
#4391=ADVANCED_FACE('',(#442),#4116,.T.);
#4392=ADVANCED_FACE('',(#443),#20,.F.);
#4393=ADVANCED_FACE('',(#444),#73,.T.);
#4394=ADVANCED_FACE('',(#445),#4117,.T.);
#4395=ADVANCED_FACE('',(#446),#74,.T.);
#4396=ADVANCED_FACE('',(#447),#4118,.T.);
#4397=ADVANCED_FACE('',(#448),#75,.T.);
#4398=ADVANCED_FACE('',(#449),#76,.T.);
#4399=ADVANCED_FACE('',(#450),#77,.T.);
#4400=ADVANCED_FACE('',(#451),#4119,.T.);
#4401=ADVANCED_FACE('',(#452),#78,.T.);
#4402=ADVANCED_FACE('',(#453),#79,.T.);
#4403=ADVANCED_FACE('',(#454),#4120,.T.);
#4404=ADVANCED_FACE('',(#455),#21,.F.);
#4405=ADVANCED_FACE('',(#456),#4121,.F.);
#4406=ADVANCED_FACE('',(#457),#22,.F.);
#4407=ADVANCED_FACE('',(#458),#4122,.T.);
#4408=ADVANCED_FACE('',(#459),#23,.F.);
#4409=ADVANCED_FACE('',(#460),#4123,.T.);
#4410=ADVANCED_FACE('',(#461),#80,.T.);
#4411=ADVANCED_FACE('',(#462),#4124,.T.);
#4412=ADVANCED_FACE('',(#463),#24,.F.);
#4413=ADVANCED_FACE('',(#464),#4125,.T.);
#4414=ADVANCED_FACE('',(#465),#25,.F.);
#4415=ADVANCED_FACE('',(#466),#4126,.T.);
#4416=ADVANCED_FACE('',(#467),#81,.T.);
#4417=ADVANCED_FACE('',(#468),#4127,.T.);
#4418=ADVANCED_FACE('',(#469),#26,.F.);
#4419=ADVANCED_FACE('',(#470),#4128,.T.);
#4420=ADVANCED_FACE('',(#471),#27,.F.);
#4421=ADVANCED_FACE('',(#472),#4129,.T.);
#4422=ADVANCED_FACE('',(#473),#82,.T.);
#4423=ADVANCED_FACE('',(#474),#4130,.T.);
#4424=ADVANCED_FACE('',(#475),#28,.F.);
#4425=ADVANCED_FACE('',(#476),#4131,.T.);
#4426=ADVANCED_FACE('',(#477),#29,.F.);
#4427=ADVANCED_FACE('',(#478),#4132,.T.);
#4428=ADVANCED_FACE('',(#479),#83,.T.);
#4429=ADVANCED_FACE('',(#480),#4133,.T.);
#4430=ADVANCED_FACE('',(#481),#30,.F.);
#4431=ADVANCED_FACE('',(#482),#4134,.T.);
#4432=ADVANCED_FACE('',(#483),#31,.F.);
#4433=ADVANCED_FACE('',(#484),#32,.T.);
#4434=ADVANCED_FACE('',(#485),#33,.T.);
#4435=ADVANCED_FACE('',(#486),#34,.T.);
#4436=ADVANCED_FACE('',(#487,#358),#35,.F.);
#4437=ADVANCED_FACE('',(#488,#359),#36,.F.);
#4438=ADVANCED_FACE('',(#489),#37,.F.);
#4439=ADVANCED_FACE('',(#490),#4135,.T.);
#4440=ADVANCED_FACE('',(#491),#4136,.T.);
#4441=ADVANCED_FACE('',(#492),#38,.F.);
#4442=ADVANCED_FACE('',(#493),#4137,.T.);
#4443=ADVANCED_FACE('',(#494),#4138,.T.);
#4444=ADVANCED_FACE('',(#495),#39,.F.);
#4445=ADVANCED_FACE('',(#496),#4139,.F.);
#4446=ADVANCED_FACE('',(#497),#4140,.T.);
#4447=ADVANCED_FACE('',(#498),#4141,.T.);
#4448=ADVANCED_FACE('',(#499),#40,.T.);
#4449=ADVANCED_FACE('',(#500),#41,.F.);
#4450=ADVANCED_FACE('',(#501),#42,.F.);
#4451=ADVANCED_FACE('',(#502),#84,.T.);
#4452=ADVANCED_FACE('',(#503),#4142,.T.);
#4453=ADVANCED_FACE('',(#504),#85,.T.);
#4454=ADVANCED_FACE('',(#505),#86,.T.);
#4455=ADVANCED_FACE('',(#506),#4143,.T.);
#4456=ADVANCED_FACE('',(#507),#87,.T.);
#4457=ADVANCED_FACE('',(#508),#43,.F.);
#4458=ADVANCED_FACE('',(#509),#44,.T.);
#4459=ADVANCED_FACE('',(#510),#88,.T.);
#4460=ADVANCED_FACE('',(#511),#4144,.T.);
#4461=ADVANCED_FACE('',(#512),#89,.T.);
#4462=ADVANCED_FACE('',(#513),#90,.F.);
#4463=ADVANCED_FACE('',(#514),#91,.T.);
#4464=ADVANCED_FACE('',(#515),#4145,.T.);
#4465=ADVANCED_FACE('',(#516),#92,.T.);
#4466=ADVANCED_FACE('',(#517),#45,.T.);
#4467=ADVANCED_FACE('',(#518),#4146,.F.);
#4468=ADVANCED_FACE('',(#519),#4147,.F.);
#4469=CLOSED_SHELL('',(#4309,#4310,#4311,#4312,#4313,#4314,#4315,#4316,
#4317,#4318,#4319,#4320,#4321,#4322,#4323,#4324,#4325,#4326,#4327,#4328,
#4329,#4330,#4331,#4332,#4333,#4334,#4335,#4336,#4337,#4338,#4339,#4340,
#4341,#4342,#4343,#4344,#4345,#4346,#4347,#4348,#4349,#4350,#4351,#4352,
#4353,#4354,#4355,#4356,#4357,#4358,#4359,#4360,#4361,#4362,#4363,#4364,
#4365,#4366,#4367,#4368,#4369,#4370,#4371,#4372,#4373,#4374,#4375,#4376,
#4377,#4378,#4379,#4380,#4381,#4382,#4383,#4384,#4385,#4386,#4387,#4388,
#4389,#4390,#4391,#4392,#4393,#4394,#4395,#4396,#4397,#4398,#4399,#4400,
#4401,#4402,#4403,#4404,#4405,#4406,#4407,#4408,#4409,#4410,#4411,#4412,
#4413,#4414,#4415,#4416,#4417,#4418,#4419,#4420,#4421,#4422,#4423,#4424,
#4425,#4426,#4427,#4428,#4429,#4430,#4431,#4432,#4433,#4434,#4435,#4436,
#4437,#4438,#4439,#4440,#4441,#4442,#4443,#4444,#4445,#4446,#4447,#4448,
#4449,#4450,#4451,#4452,#4453,#4454,#4455,#4456,#4457,#4458,#4459,#4460,
#4461,#4462,#4463,#4464,#4465,#4466,#4467,#4468));
#4470=DERIVED_UNIT_ELEMENT(#4472,1.);
#4471=DERIVED_UNIT_ELEMENT(#9436,3.);
#4472=(
MASS_UNIT()
NAMED_UNIT(*)
SI_UNIT($,.GRAM.)
);
#4473=DERIVED_UNIT((#4470,#4471));
#4474=MEASURE_REPRESENTATION_ITEM('density measure',
POSITIVE_RATIO_MEASURE(1.),#4473);
#4475=PROPERTY_DEFINITION_REPRESENTATION(#4480,#4477);
#4476=PROPERTY_DEFINITION_REPRESENTATION(#4481,#4478);
#4477=REPRESENTATION('material name',(#4479),#9433);
#4478=REPRESENTATION('density',(#4474),#9433);
#4479=DESCRIPTIVE_REPRESENTATION_ITEM('Gen\X\E9rico','Gen\X\E9rico');
#4480=PROPERTY_DEFINITION('material property','material name',#9443);
#4481=PROPERTY_DEFINITION('material property','density of part',#9443);
#4482=DATE_TIME_ROLE('creation_date');
#4483=APPLIED_DATE_AND_TIME_ASSIGNMENT(#4484,#4482,(#9443));
#4484=DATE_AND_TIME(#4485,#4486);
#4485=CALENDAR_DATE(2022,12,3);
#4486=LOCAL_TIME(18,18,16.,#4487);
#4487=COORDINATED_UNIVERSAL_TIME_OFFSET(0,0,.BEHIND.);
#4488=AXIS2_PLACEMENT_3D('placement',#5812,#4873,#4874);
#4489=AXIS2_PLACEMENT_3D('',#5813,#4875,#4876);
#4490=AXIS2_PLACEMENT_3D('',#5898,#4881,#4882);
#4491=AXIS2_PLACEMENT_3D('',#5903,#4884,#4885);
#4492=AXIS2_PLACEMENT_3D('',#5906,#4887,#4888);
#4493=AXIS2_PLACEMENT_3D('',#5949,#4891,#4892);
#4494=AXIS2_PLACEMENT_3D('',#5992,#4895,#4896);
#4495=AXIS2_PLACEMENT_3D('',#5993,#4897,#4898);
#4496=AXIS2_PLACEMENT_3D('',#6011,#4899,#4900);
#4497=AXIS2_PLACEMENT_3D('',#6027,#4901,#4902);
#4498=AXIS2_PLACEMENT_3D('',#6028,#4903,#4904);
#4499=AXIS2_PLACEMENT_3D('',#6038,#4905,#4906);
#4500=AXIS2_PLACEMENT_3D('',#6056,#4907,#4908);
#4501=AXIS2_PLACEMENT_3D('',#6065,#4909,#4910);
#4502=AXIS2_PLACEMENT_3D('',#6092,#4911,#4912);
#4503=AXIS2_PLACEMENT_3D('',#6121,#4913,#4914);
#4504=AXIS2_PLACEMENT_3D('',#6122,#4915,#4916);
#4505=AXIS2_PLACEMENT_3D('',#6145,#4917,#4918);
#4506=AXIS2_PLACEMENT_3D('',#6168,#4919,#4920);
#4507=AXIS2_PLACEMENT_3D('',#6199,#4921,#4922);
#4508=AXIS2_PLACEMENT_3D('',#6201,#4923,#4924);
#4509=AXIS2_PLACEMENT_3D('',#6202,#4925,#4926);
#4510=AXIS2_PLACEMENT_3D('',#6204,#4927,#4928);
#4511=AXIS2_PLACEMENT_3D('',#6205,#4929,#4930);
#4512=AXIS2_PLACEMENT_3D('',#6206,#4931,#4932);
#4513=AXIS2_PLACEMENT_3D('',#6208,#4933,#4934);
#4514=AXIS2_PLACEMENT_3D('',#6209,#4935,#4936);
#4515=AXIS2_PLACEMENT_3D('',#6210,#4937,#4938);
#4516=AXIS2_PLACEMENT_3D('',#6212,#4939,#4940);
#4517=AXIS2_PLACEMENT_3D('',#6213,#4941,#4942);
#4518=AXIS2_PLACEMENT_3D('',#6214,#4943,#4944);
#4519=AXIS2_PLACEMENT_3D('',#6215,#4945,#4946);
#4520=AXIS2_PLACEMENT_3D('',#6216,#4947,#4948);
#4521=AXIS2_PLACEMENT_3D('',#6217,#4949,#4950);
#4522=AXIS2_PLACEMENT_3D('',#6219,#4951,#4952);
#4523=AXIS2_PLACEMENT_3D('',#6220,#4953,#4954);
#4524=AXIS2_PLACEMENT_3D('',#6221,#4955,#4956);
#4525=AXIS2_PLACEMENT_3D('',#6222,#4957,#4958);
#4526=AXIS2_PLACEMENT_3D('',#6223,#4959,#4960);
#4527=AXIS2_PLACEMENT_3D('',#6224,#4961,#4962);
#4528=AXIS2_PLACEMENT_3D('',#6249,#4963,#4964);
#4529=AXIS2_PLACEMENT_3D('',#6283,#4965,#4966);
#4530=AXIS2_PLACEMENT_3D('',#6337,#4969,#4970);
#4531=AXIS2_PLACEMENT_3D('',#6383,#4973,#4974);
#4532=AXIS2_PLACEMENT_3D('',#6410,#4975,#4976);
#4533=AXIS2_PLACEMENT_3D('',#6461,#4978,#4979);
#4534=AXIS2_PLACEMENT_3D('',#6594,#4980,#4981);
#4535=AXIS2_PLACEMENT_3D('',#6675,#4986,#4987);
#4536=AXIS2_PLACEMENT_3D('',#6832,#4988,#4989);
#4537=AXIS2_PLACEMENT_3D('',#6835,#4990,#4991);
#4538=AXIS2_PLACEMENT_3D('',#6871,#4993,#4994);
#4539=AXIS2_PLACEMENT_3D('',#6915,#4996,#4997);
#4540=AXIS2_PLACEMENT_3D('',#6917,#4999,#5000);
#4541=AXIS2_PLACEMENT_3D('',#6942,#5001,#5002);
#4542=AXIS2_PLACEMENT_3D('',#6976,#5003,#5004);
#4543=AXIS2_PLACEMENT_3D('',#7030,#5007,#5008);
#4544=AXIS2_PLACEMENT_3D('',#7076,#5011,#5012);
#4545=AXIS2_PLACEMENT_3D('',#7103,#5013,#5014);
#4546=AXIS2_PLACEMENT_3D('',#7154,#5016,#5017);
#4547=AXIS2_PLACEMENT_3D('',#7287,#5018,#5019);
#4548=AXIS2_PLACEMENT_3D('',#7368,#5024,#5025);
#4549=AXIS2_PLACEMENT_3D('',#7525,#5026,#5027);
#4550=AXIS2_PLACEMENT_3D('',#7528,#5028,#5029);
#4551=AXIS2_PLACEMENT_3D('',#7564,#5031,#5032);
#4552=AXIS2_PLACEMENT_3D('',#7608,#5034,#5035);
#4553=AXIS2_PLACEMENT_3D('',#7610,#5037,#5038);
#4554=AXIS2_PLACEMENT_3D('',#7613,#5039,#5040);
#4555=AXIS2_PLACEMENT_3D('',#7649,#5042,#5043);
#4556=AXIS2_PLACEMENT_3D('',#7693,#5045,#5046);
#4557=AXIS2_PLACEMENT_3D('',#7695,#5048,#5049);
#4558=AXIS2_PLACEMENT_3D('',#7698,#5050,#5051);
#4559=AXIS2_PLACEMENT_3D('',#7702,#5053,#5054);
#4560=AXIS2_PLACEMENT_3D('',#7706,#5056,#5057);
#4561=AXIS2_PLACEMENT_3D('',#7710,#5059,#5060);
#4562=AXIS2_PLACEMENT_3D('',#7714,#5062,#5063);
#4563=AXIS2_PLACEMENT_3D('',#7716,#5065,#5066);
#4564=AXIS2_PLACEMENT_3D('',#7746,#5070,#5071);
#4565=AXIS2_PLACEMENT_3D('',#7749,#5072,#5073);
#4566=AXIS2_PLACEMENT_3D('',#7785,#5075,#5076);
#4567=AXIS2_PLACEMENT_3D('',#7829,#5078,#5079);
#4568=AXIS2_PLACEMENT_3D('',#7831,#5081,#5082);
#4569=AXIS2_PLACEMENT_3D('',#7834,#5083,#5084);
#4570=AXIS2_PLACEMENT_3D('',#7838,#5086,#5087);
#4571=AXIS2_PLACEMENT_3D('',#7842,#5089,#5090);
#4572=AXIS2_PLACEMENT_3D('',#7846,#5092,#5093);
#4573=AXIS2_PLACEMENT_3D('',#7850,#5095,#5096);
#4574=AXIS2_PLACEMENT_3D('',#7852,#5098,#5099);
#4575=AXIS2_PLACEMENT_3D('',#7882,#5103,#5104);
#4576=AXIS2_PLACEMENT_3D('',#7883,#5105,#5106);
#4577=AXIS2_PLACEMENT_3D('',#7884,#5107,#5108);
#4578=AXIS2_PLACEMENT_3D('',#7941,#5110,#5111);
#4579=AXIS2_PLACEMENT_3D('',#8007,#5112,#5113);
#4580=AXIS2_PLACEMENT_3D('',#8171,#5118,#5119);
#4581=AXIS2_PLACEMENT_3D('',#8180,#5121,#5122);
#4582=AXIS2_PLACEMENT_3D('',#8189,#5124,#5125);
#4583=AXIS2_PLACEMENT_3D('',#8193,#5127,#5128);
#4584=AXIS2_PLACEMENT_3D('',#8204,#5129,#5130);
#4585=AXIS2_PLACEMENT_3D('',#8209,#5132,#5133);
#4586=AXIS2_PLACEMENT_3D('',#8243,#5134,#5135);
#4587=AXIS2_PLACEMENT_3D('',#8303,#5137,#5138);
#4588=AXIS2_PLACEMENT_3D('',#8341,#5141,#5142);
#4589=AXIS2_PLACEMENT_3D('',#8388,#5144,#5145);
#4590=AXIS2_PLACEMENT_3D('',#8446,#5146,#5147);
#4591=AXIS2_PLACEMENT_3D('',#8450,#5149,#5150);
#4592=AXIS2_PLACEMENT_3D('',#8454,#5152,#5153);
#4593=AXIS2_PLACEMENT_3D('',#8541,#5156,#5157);
#4594=AXIS2_PLACEMENT_3D('',#8575,#5158,#5159);
#4595=AXIS2_PLACEMENT_3D('',#8577,#5160,#5161);
#4596=AXIS2_PLACEMENT_3D('',#8579,#5162,#5163);
#4597=AXIS2_PLACEMENT_3D('',#8586,#5164,#5165);
#4598=AXIS2_PLACEMENT_3D('',#8593,#5166,#5167);
#4599=AXIS2_PLACEMENT_3D('',#8598,#5168,#5169);
#4600=AXIS2_PLACEMENT_3D('',#8599,#5170,#5171);
#4601=AXIS2_PLACEMENT_3D('',#8600,#5172,#5173);
#4602=AXIS2_PLACEMENT_3D('',#8601,#5174,#5175);
#4603=AXIS2_PLACEMENT_3D('',#8604,#5176,#5177);
#4604=AXIS2_PLACEMENT_3D('',#8606,#5178,#5179);
#4605=AXIS2_PLACEMENT_3D('',#8607,#5180,#5181);
#4606=AXIS2_PLACEMENT_3D('',#8608,#5182,#5183);
#4607=AXIS2_PLACEMENT_3D('',#8673,#5184,#5185);
#4608=AXIS2_PLACEMENT_3D('',#8674,#5186,#5187);
#4609=AXIS2_PLACEMENT_3D('',#8675,#5188,#5189);
#4610=AXIS2_PLACEMENT_3D('',#8676,#5190,#5191);
#4611=AXIS2_PLACEMENT_3D('',#8677,#5192,#5193);
#4612=AXIS2_PLACEMENT_3D('',#8781,#5194,#5195);
#4613=AXIS2_PLACEMENT_3D('',#8842,#5196,#5197);
#4614=AXIS2_PLACEMENT_3D('',#8843,#5198,#5199);
#4615=AXIS2_PLACEMENT_3D('',#8844,#5200,#5201);
#4616=AXIS2_PLACEMENT_3D('',#8845,#5202,#5203);
#4617=AXIS2_PLACEMENT_3D('',#8846,#5204,#5205);
#4618=AXIS2_PLACEMENT_3D('',#8847,#5206,#5207);
#4619=AXIS2_PLACEMENT_3D('',#8848,#5208,#5209);
#4620=AXIS2_PLACEMENT_3D('',#8850,#5210,#5211);
#4621=AXIS2_PLACEMENT_3D('',#8854,#5213,#5214);
#4622=AXIS2_PLACEMENT_3D('',#8855,#5215,#5216);
#4623=AXIS2_PLACEMENT_3D('',#8856,#5217,#5218);
#4624=AXIS2_PLACEMENT_3D('',#8859,#5220,#5221);
#4625=AXIS2_PLACEMENT_3D('',#8860,#5222,#5223);
#4626=AXIS2_PLACEMENT_3D('',#8863,#5224,#5225);
#4627=AXIS2_PLACEMENT_3D('',#8864,#5226,#5227);
#4628=AXIS2_PLACEMENT_3D('',#8865,#5228,#5229);
#4629=AXIS2_PLACEMENT_3D('',#8867,#5230,#5231);
#4630=AXIS2_PLACEMENT_3D('',#8871,#5233,#5234);
#4631=AXIS2_PLACEMENT_3D('',#8872,#5235,#5236);
#4632=AXIS2_PLACEMENT_3D('',#8873,#5237,#5238);
#4633=AXIS2_PLACEMENT_3D('',#8876,#5240,#5241);
#4634=AXIS2_PLACEMENT_3D('',#8877,#5242,#5243);
#4635=AXIS2_PLACEMENT_3D('',#8880,#5244,#5245);
#4636=AXIS2_PLACEMENT_3D('',#8881,#5246,#5247);
#4637=AXIS2_PLACEMENT_3D('',#8882,#5248,#5249);
#4638=AXIS2_PLACEMENT_3D('',#8884,#5250,#5251);
#4639=AXIS2_PLACEMENT_3D('',#8887,#5253,#5254);
#4640=AXIS2_PLACEMENT_3D('',#8888,#5255,#5256);
#4641=AXIS2_PLACEMENT_3D('',#8889,#5257,#5258);
#4642=AXIS2_PLACEMENT_3D('',#8891,#5260,#5261);
#4643=AXIS2_PLACEMENT_3D('',#8893,#5262,#5263);
#4644=AXIS2_PLACEMENT_3D('',#8896,#5265,#5266);
#4645=AXIS2_PLACEMENT_3D('',#8897,#5267,#5268);
#4646=AXIS2_PLACEMENT_3D('',#8898,#5269,#5270);
#4647=AXIS2_PLACEMENT_3D('',#8900,#5272,#5273);
#4648=AXIS2_PLACEMENT_3D('',#8903,#5274,#5275);
#4649=AXIS2_PLACEMENT_3D('',#8905,#5276,#5277);
#4650=AXIS2_PLACEMENT_3D('',#8907,#5278,#5279);
#4651=AXIS2_PLACEMENT_3D('',#8908,#5280,#5281);
#4652=AXIS2_PLACEMENT_3D('',#8910,#5282,#5283);
#4653=AXIS2_PLACEMENT_3D('',#8911,#5284,#5285);
#4654=AXIS2_PLACEMENT_3D('',#8912,#5286,#5287);
#4655=AXIS2_PLACEMENT_3D('',#8914,#5288,#5289);
#4656=AXIS2_PLACEMENT_3D('',#8917,#5290,#5291);
#4657=AXIS2_PLACEMENT_3D('',#8918,#5292,#5293);
#4658=AXIS2_PLACEMENT_3D('',#8923,#5295,#5296);
#4659=AXIS2_PLACEMENT_3D('',#8927,#5298,#5299);
#4660=AXIS2_PLACEMENT_3D('',#8929,#5300,#5301);
#4661=AXIS2_PLACEMENT_3D('',#8931,#5302,#5303);
#4662=AXIS2_PLACEMENT_3D('',#8935,#5305,#5306);
#4663=AXIS2_PLACEMENT_3D('',#8937,#5307,#5308);
#4664=AXIS2_PLACEMENT_3D('',#8938,#5309,#5310);
#4665=AXIS2_PLACEMENT_3D('',#8941,#5311,#5312);
#4666=AXIS2_PLACEMENT_3D('',#8945,#5314,#5315);
#4667=AXIS2_PLACEMENT_3D('',#8947,#5316,#5317);
#4668=AXIS2_PLACEMENT_3D('',#8949,#5318,#5319);
#4669=AXIS2_PLACEMENT_3D('',#8953,#5321,#5322);
#4670=AXIS2_PLACEMENT_3D('',#8955,#5323,#5324);
#4671=AXIS2_PLACEMENT_3D('',#8957,#5325,#5326);
#4672=AXIS2_PLACEMENT_3D('',#8959,#5328,#5329);
#4673=AXIS2_PLACEMENT_3D('',#8963,#5331,#5332);
#4674=AXIS2_PLACEMENT_3D('',#8964,#5333,#5334);
#4675=AXIS2_PLACEMENT_3D('',#8965,#5335,#5336);
#4676=AXIS2_PLACEMENT_3D('',#8968,#5337,#5338);
#4677=AXIS2_PLACEMENT_3D('',#8969,#5339,#5340);
#4678=AXIS2_PLACEMENT_3D('',#8971,#5341,#5342);
#4679=AXIS2_PLACEMENT_3D('',#8972,#5343,#5344);
#4680=AXIS2_PLACEMENT_3D('',#8973,#5345,#5346);
#4681=AXIS2_PLACEMENT_3D('',#8977,#5348,#5349);
#4682=AXIS2_PLACEMENT_3D('',#8978,#5350,#5351);
#4683=AXIS2_PLACEMENT_3D('',#8979,#5352,#5353);
#4684=AXIS2_PLACEMENT_3D('',#8982,#5354,#5355);
#4685=AXIS2_PLACEMENT_3D('',#8984,#5356,#5357);
#4686=AXIS2_PLACEMENT_3D('',#8986,#5358,#5359);
#4687=AXIS2_PLACEMENT_3D('',#8987,#5360,#5361);
#4688=AXIS2_PLACEMENT_3D('',#8988,#5362,#5363);
#4689=AXIS2_PLACEMENT_3D('',#8991,#5364,#5365);
#4690=AXIS2_PLACEMENT_3D('',#8994,#5368,#5369);
#4691=AXIS2_PLACEMENT_3D('',#8997,#5370,#5371);
#4692=AXIS2_PLACEMENT_3D('',#8998,#5372,#5373);
#4693=AXIS2_PLACEMENT_3D('',#8999,#5374,#5375);
#4694=AXIS2_PLACEMENT_3D('',#9000,#5376,#5377);
#4695=AXIS2_PLACEMENT_3D('',#9003,#5378,#5379);
#4696=AXIS2_PLACEMENT_3D('',#9004,#5380,#5381);
#4697=AXIS2_PLACEMENT_3D('',#9005,#5382,#5383);
#4698=AXIS2_PLACEMENT_3D('',#9006,#5384,#5385);
#4699=AXIS2_PLACEMENT_3D('',#9009,#5386,#5387);
#4700=AXIS2_PLACEMENT_3D('',#9010,#5388,#5389);
#4701=AXIS2_PLACEMENT_3D('',#9011,#5390,#5391);
#4702=AXIS2_PLACEMENT_3D('',#9012,#5392,#5393);
#4703=AXIS2_PLACEMENT_3D('',#9015,#5394,#5395);
#4704=AXIS2_PLACEMENT_3D('',#9018,#5398,#5399);
#4705=AXIS2_PLACEMENT_3D('',#9021,#5400,#5401);
#4706=AXIS2_PLACEMENT_3D('',#9022,#5402,#5403);
#4707=AXIS2_PLACEMENT_3D('',#9023,#5404,#5405);
#4708=AXIS2_PLACEMENT_3D('',#9024,#5406,#5407);
#4709=AXIS2_PLACEMENT_3D('',#9027,#5408,#5409);
#4710=AXIS2_PLACEMENT_3D('',#9030,#5412,#5413);
#4711=AXIS2_PLACEMENT_3D('',#9033,#5414,#5415);
#4712=AXIS2_PLACEMENT_3D('',#9034,#5416,#5417);
#4713=AXIS2_PLACEMENT_3D('',#9035,#5418,#5419);
#4714=AXIS2_PLACEMENT_3D('',#9036,#5420,#5421);
#4715=AXIS2_PLACEMENT_3D('',#9037,#5422,#5423);
#4716=AXIS2_PLACEMENT_3D('',#9038,#5424,#5425);
#4717=AXIS2_PLACEMENT_3D('',#9039,#5426,#5427);
#4718=AXIS2_PLACEMENT_3D('',#9042,#5430,#5431);
#4719=AXIS2_PLACEMENT_3D('',#9044,#5433,#5434);
#4720=AXIS2_PLACEMENT_3D('',#9046,#5436,#5437);
#4721=AXIS2_PLACEMENT_3D('',#9048,#5439,#5440);
#4722=AXIS2_PLACEMENT_3D('',#9050,#5442,#5443);
#4723=AXIS2_PLACEMENT_3D('',#9051,#5444,#5445);
#4724=AXIS2_PLACEMENT_3D('',#9054,#5446,#5447);
#4725=AXIS2_PLACEMENT_3D('',#9056,#5448,#5449);
#4726=AXIS2_PLACEMENT_3D('',#9058,#5450,#5451);
#4727=AXIS2_PLACEMENT_3D('',#9059,#5452,#5453);
#4728=AXIS2_PLACEMENT_3D('',#9060,#5454,#5455);
#4729=AXIS2_PLACEMENT_3D('',#9063,#5456,#5457);
#4730=AXIS2_PLACEMENT_3D('',#9066,#5460,#5461);
#4731=AXIS2_PLACEMENT_3D('',#9069,#5462,#5463);
#4732=AXIS2_PLACEMENT_3D('',#9070,#5464,#5465);
#4733=AXIS2_PLACEMENT_3D('',#9071,#5466,#5467);
#4734=AXIS2_PLACEMENT_3D('',#9072,#5468,#5469);
#4735=AXIS2_PLACEMENT_3D('',#9075,#5470,#5471);
#4736=AXIS2_PLACEMENT_3D('',#9078,#5474,#5475);
#4737=AXIS2_PLACEMENT_3D('',#9081,#5476,#5477);
#4738=AXIS2_PLACEMENT_3D('',#9082,#5478,#5479);
#4739=AXIS2_PLACEMENT_3D('',#9083,#5480,#5481);
#4740=AXIS2_PLACEMENT_3D('',#9084,#5482,#5483);
#4741=AXIS2_PLACEMENT_3D('',#9087,#5484,#5485);
#4742=AXIS2_PLACEMENT_3D('',#9088,#5486,#5487);
#4743=AXIS2_PLACEMENT_3D('',#9089,#5488,#5489);
#4744=AXIS2_PLACEMENT_3D('',#9090,#5490,#5491);
#4745=AXIS2_PLACEMENT_3D('',#9093,#5492,#5493);
#4746=AXIS2_PLACEMENT_3D('',#9094,#5494,#5495);
#4747=AXIS2_PLACEMENT_3D('',#9095,#5496,#5497);
#4748=AXIS2_PLACEMENT_3D('',#9096,#5498,#5499);
#4749=AXIS2_PLACEMENT_3D('',#9099,#5500,#5501);
#4750=AXIS2_PLACEMENT_3D('',#9102,#5504,#5505);
#4751=AXIS2_PLACEMENT_3D('',#9105,#5506,#5507);
#4752=AXIS2_PLACEMENT_3D('',#9106,#5508,#5509);
#4753=AXIS2_PLACEMENT_3D('',#9107,#5510,#5511);
#4754=AXIS2_PLACEMENT_3D('',#9108,#5512,#5513);
#4755=AXIS2_PLACEMENT_3D('',#9109,#5514,#5515);
#4756=AXIS2_PLACEMENT_3D('',#9110,#5516,#5517);
#4757=AXIS2_PLACEMENT_3D('',#9111,#5518,#5519);
#4758=AXIS2_PLACEMENT_3D('',#9114,#5522,#5523);
#4759=AXIS2_PLACEMENT_3D('',#9116,#5525,#5526);
#4760=AXIS2_PLACEMENT_3D('',#9118,#5528,#5529);
#4761=AXIS2_PLACEMENT_3D('',#9120,#5531,#5532);
#4762=AXIS2_PLACEMENT_3D('',#9122,#5534,#5535);
#4763=AXIS2_PLACEMENT_3D('',#9123,#5536,#5537);
#4764=AXIS2_PLACEMENT_3D('',#9126,#5538,#5539);
#4765=AXIS2_PLACEMENT_3D('',#9141,#5542,#5543);
#4766=AXIS2_PLACEMENT_3D('',#9144,#5544,#5545);
#4767=AXIS2_PLACEMENT_3D('',#9145,#5546,#5547);
#4768=AXIS2_PLACEMENT_3D('',#9146,#5548,#5549);
#4769=AXIS2_PLACEMENT_3D('',#9147,#5550,#5551);
#4770=AXIS2_PLACEMENT_3D('',#9162,#5554,#5555);
#4771=AXIS2_PLACEMENT_3D('',#9168,#5559,#5560);
#4772=AXIS2_PLACEMENT_3D('',#9171,#5562,#5563);
#4773=AXIS2_PLACEMENT_3D('',#9172,#5564,#5565);
#4774=AXIS2_PLACEMENT_3D('',#9176,#5568,#5569);
#4775=AXIS2_PLACEMENT_3D('',#9179,#5570,#5571);
#4776=AXIS2_PLACEMENT_3D('',#9194,#5574,#5575);
#4777=AXIS2_PLACEMENT_3D('',#9197,#5576,#5577);
#4778=AXIS2_PLACEMENT_3D('',#9198,#5578,#5579);
#4779=AXIS2_PLACEMENT_3D('',#9199,#5580,#5581);
#4780=AXIS2_PLACEMENT_3D('',#9200,#5582,#5583);
#4781=AXIS2_PLACEMENT_3D('',#9215,#5586,#5587);
#4782=AXIS2_PLACEMENT_3D('',#9221,#5591,#5592);
#4783=AXIS2_PLACEMENT_3D('',#9224,#5594,#5595);
#4784=AXIS2_PLACEMENT_3D('',#9225,#5596,#5597);
#4785=AXIS2_PLACEMENT_3D('',#9229,#5600,#5601);
#4786=AXIS2_PLACEMENT_3D('',#9232,#5602,#5603);
#4787=AXIS2_PLACEMENT_3D('',#9247,#5606,#5607);
#4788=AXIS2_PLACEMENT_3D('',#9250,#5608,#5609);
#4789=AXIS2_PLACEMENT_3D('',#9251,#5610,#5611);
#4790=AXIS2_PLACEMENT_3D('',#9252,#5612,#5613);
#4791=AXIS2_PLACEMENT_3D('',#9253,#5614,#5615);
#4792=AXIS2_PLACEMENT_3D('',#9268,#5618,#5619);
#4793=AXIS2_PLACEMENT_3D('',#9274,#5623,#5624);
#4794=AXIS2_PLACEMENT_3D('',#9277,#5626,#5627);
#4795=AXIS2_PLACEMENT_3D('',#9278,#5628,#5629);
#4796=AXIS2_PLACEMENT_3D('',#9282,#5632,#5633);
#4797=AXIS2_PLACEMENT_3D('',#9285,#5634,#5635);
#4798=AXIS2_PLACEMENT_3D('',#9300,#5638,#5639);
#4799=AXIS2_PLACEMENT_3D('',#9303,#5640,#5641);
#4800=AXIS2_PLACEMENT_3D('',#9304,#5642,#5643);
#4801=AXIS2_PLACEMENT_3D('',#9305,#5644,#5645);
#4802=AXIS2_PLACEMENT_3D('',#9306,#5646,#5647);
#4803=AXIS2_PLACEMENT_3D('',#9321,#5650,#5651);
#4804=AXIS2_PLACEMENT_3D('',#9327,#5655,#5656);
#4805=AXIS2_PLACEMENT_3D('',#9330,#5658,#5659);
#4806=AXIS2_PLACEMENT_3D('',#9331,#5660,#5661);
#4807=AXIS2_PLACEMENT_3D('',#9335,#5664,#5665);
#4808=AXIS2_PLACEMENT_3D('',#9336,#5666,#5667);
#4809=AXIS2_PLACEMENT_3D('',#9337,#5668,#5669);
#4810=AXIS2_PLACEMENT_3D('',#9338,#5670,#5671);
#4811=AXIS2_PLACEMENT_3D('',#9339,#5672,#5673);
#4812=AXIS2_PLACEMENT_3D('',#9340,#5674,#5675);
#4813=AXIS2_PLACEMENT_3D('',#9341,#5676,#5677);
#4814=AXIS2_PLACEMENT_3D('',#9342,#5678,#5679);
#4815=AXIS2_PLACEMENT_3D('',#9343,#5680,#5681);
#4816=AXIS2_PLACEMENT_3D('',#9346,#5684,#5685);
#4817=AXIS2_PLACEMENT_3D('',#9348,#5687,#5688);
#4818=AXIS2_PLACEMENT_3D('',#9349,#5689,#5690);
#4819=AXIS2_PLACEMENT_3D('',#9351,#5692,#5693);
#4820=AXIS2_PLACEMENT_3D('',#9353,#5695,#5696);
#4821=AXIS2_PLACEMENT_3D('',#9355,#5698,#5699);
#4822=AXIS2_PLACEMENT_3D('',#9357,#5701,#5702);
#4823=AXIS2_PLACEMENT_3D('',#9358,#5703,#5704);
#4824=AXIS2_PLACEMENT_3D('',#9360,#5706,#5707);
#4825=AXIS2_PLACEMENT_3D('',#9361,#5708,#5709);
#4826=AXIS2_PLACEMENT_3D('',#9362,#5710,#5711);
#4827=AXIS2_PLACEMENT_3D('',#9363,#5712,#5713);
#4828=AXIS2_PLACEMENT_3D('',#9364,#5714,#5715);
#4829=AXIS2_PLACEMENT_3D('',#9365,#5716,#5717);
#4830=AXIS2_PLACEMENT_3D('',#9366,#5718,#5719);
#4831=AXIS2_PLACEMENT_3D('',#9368,#5720,#5721);
#4832=AXIS2_PLACEMENT_3D('',#9369,#5722,#5723);
#4833=AXIS2_PLACEMENT_3D('',#9370,#5724,#5725);
#4834=AXIS2_PLACEMENT_3D('',#9373,#5726,#5727);
#4835=AXIS2_PLACEMENT_3D('',#9377,#5729,#5730);
#4836=AXIS2_PLACEMENT_3D('',#9379,#5732,#5733);
#4837=AXIS2_PLACEMENT_3D('',#9380,#5734,#5735);
#4838=AXIS2_PLACEMENT_3D('',#9381,#5736,#5737);
#4839=AXIS2_PLACEMENT_3D('',#9382,#5738,#5739);
#4840=AXIS2_PLACEMENT_3D('',#9383,#5740,#5741);
#4841=AXIS2_PLACEMENT_3D('',#9384,#5742,#5743);
#4842=AXIS2_PLACEMENT_3D('',#9386,#5744,#5745);
#4843=AXIS2_PLACEMENT_3D('',#9387,#5746,#5747);
#4844=AXIS2_PLACEMENT_3D('',#9388,#5748,#5749);
#4845=AXIS2_PLACEMENT_3D('',#9392,#5751,#5752);
#4846=AXIS2_PLACEMENT_3D('',#9394,#5754,#5755);
#4847=AXIS2_PLACEMENT_3D('',#9396,#5756,#5757);
#4848=AXIS2_PLACEMENT_3D('',#9398,#5758,#5759);
#4849=AXIS2_PLACEMENT_3D('',#9399,#5760,#5761);
#4850=AXIS2_PLACEMENT_3D('',#9400,#5762,#5763);
#4851=AXIS2_PLACEMENT_3D('',#9403,#5764,#5765);
#4852=AXIS2_PLACEMENT_3D('',#9406,#5768,#5769);
#4853=AXIS2_PLACEMENT_3D('',#9407,#5770,#5771);
#4854=AXIS2_PLACEMENT_3D('',#9409,#5772,#5773);
#4855=AXIS2_PLACEMENT_3D('',#9410,#5774,#5775);
#4856=AXIS2_PLACEMENT_3D('',#9411,#5776,#5777);
#4857=AXIS2_PLACEMENT_3D('',#9412,#5778,#5779);
#4858=AXIS2_PLACEMENT_3D('',#9413,#5780,#5781);
#4859=AXIS2_PLACEMENT_3D('',#9414,#5782,#5783);
#4860=AXIS2_PLACEMENT_3D('',#9415,#5784,#5785);
#4861=AXIS2_PLACEMENT_3D('',#9416,#5786,#5787);
#4862=AXIS2_PLACEMENT_3D('',#9417,#5788,#5789);
#4863=AXIS2_PLACEMENT_3D('',#9418,#5790,#5791);
#4864=AXIS2_PLACEMENT_3D('',#9419,#5792,#5793);
#4865=AXIS2_PLACEMENT_3D('',#9420,#5794,#5795);
#4866=AXIS2_PLACEMENT_3D('',#9421,#5796,#5797);
#4867=AXIS2_PLACEMENT_3D('',#9422,#5798,#5799);
#4868=AXIS2_PLACEMENT_3D('',#9423,#5800,#5801);
#4869=AXIS2_PLACEMENT_3D('',#9425,#5802,#5803);
#4870=AXIS2_PLACEMENT_3D('',#9426,#5804,#5805);
#4871=AXIS2_PLACEMENT_3D('',#9427,#5806,#5807);
#4872=AXIS2_PLACEMENT_3D('',#9429,#5809,#5810);
#4873=DIRECTION('axis',(0.,0.,1.));
#4874=DIRECTION('refdir',(1.,0.,0.));
#4875=DIRECTION('center_axis',(0.,1.,0.));
#4876=DIRECTION('ref_axis',(0.923879532511287,0.,0.38268343236509));
#4877=DIRECTION('',(0.,-1.,0.));
#4878=DIRECTION('',(0.,-1.,0.));
#4879=DIRECTION('',(0.,1.,0.));
#4880=DIRECTION('',(0.,1.,0.));
#4881=DIRECTION('center_axis',(0.,1.,0.));
#4882=DIRECTION('ref_axis',(0.923879532511287,0.,0.38268343236509));
#4883=DIRECTION('',(0.,1.,0.));
#4884=DIRECTION('center_axis',(-5.10479803601933E-15,1.,-1.30552388015096E-15));
#4885=DIRECTION('ref_axis',(0.923879532511287,5.21806908801458E-15,0.38268343236509));
#4886=DIRECTION('',(0.,1.,0.));
#4887=DIRECTION('center_axis',(0.,1.,0.));
#4888=DIRECTION('ref_axis',(0.923879532511287,0.,0.38268343236509));
#4889=DIRECTION('',(0.,-1.,0.));
#4890=DIRECTION('',(0.,-1.,0.));
#4891=DIRECTION('center_axis',(0.,1.,0.));
#4892=DIRECTION('ref_axis',(0.923879532511287,0.,0.38268343236509));
#4893=DIRECTION('',(0.,1.,0.));
#4894=DIRECTION('',(0.,1.,0.));
#4895=DIRECTION('center_axis',(0.,1.,0.));
#4896=DIRECTION('ref_axis',(0.923879532511287,0.,0.38268343236509));
#4897=DIRECTION('center_axis',(0.,1.,0.));
#4898=DIRECTION('ref_axis',(0.923879532511287,0.,0.38268343236509));
#4899=DIRECTION('center_axis',(-5.10479803601933E-15,1.,-1.30552388015096E-15));
#4900=DIRECTION('ref_axis',(0.923879532511287,5.21806908801458E-15,0.38268343236509));
#4901=DIRECTION('center_axis',(-5.10479803601933E-15,1.,-1.30552388015096E-15));
#4902=DIRECTION('ref_axis',(0.923879532511287,5.21806908801458E-15,0.38268343236509));
#4903=DIRECTION('center_axis',(0.,1.,0.));
#4904=DIRECTION('ref_axis',(-0.38268343236509,0.,0.923879532511287));
#4905=DIRECTION('center_axis',(-6.00303025682003E-15,1.,-1.19407695983579E-15));
#4906=DIRECTION('ref_axis',(0.923879532511287,6.05463347084891E-15,0.38268343236509));
#4907=DIRECTION('center_axis',(-7.12859842997379E-15,1.,-9.70187529866578E-16));
#4908=DIRECTION('ref_axis',(0.923879532511287,6.96854040984497E-15,0.38268343236509));
#4909=DIRECTION('center_axis',(0.,1.,0.));
#4910=DIRECTION('ref_axis',(-0.38268343236509,0.,0.923879532511287));
#4911=DIRECTION('center_axis',(0.,1.,0.));
#4912=DIRECTION('ref_axis',(-0.38268343236509,0.,0.923879532511287));
#4913=DIRECTION('center_axis',(-7.12859842997379E-15,1.,-9.70187529866578E-16));
#4914=DIRECTION('ref_axis',(0.923879532511287,6.96854040984497E-15,0.38268343236509));
#4915=DIRECTION('center_axis',(0.,1.,0.));
#4916=DIRECTION('ref_axis',(-0.38268343236509,0.,0.923879532511287));
#4917=DIRECTION('center_axis',(-6.00303025682003E-15,1.,-1.19407695983579E-15));
#4918=DIRECTION('ref_axis',(0.923879532511287,6.05463347084891E-15,0.38268343236509));
#4919=DIRECTION('center_axis',(0.,1.,0.));
#4920=DIRECTION('ref_axis',(-0.38268343236509,0.,0.923879532511287));
#4921=DIRECTION('center_axis',(0.,1.,0.));
#4922=DIRECTION('ref_axis',(-0.38268343236509,0.,0.923879532511287));
#4923=DIRECTION('center_axis',(-6.00303025682003E-15,1.,-1.19407695983579E-15));
#4924=DIRECTION('ref_axis',(0.923879532511287,6.05463347084891E-15,0.38268343236509));
#4925=DIRECTION('center_axis',(0.38268343236509,0.,0.923879532511287));
#4926=DIRECTION('ref_axis',(-0.821125997656677,0.458333333333333,0.340121524646534));
#4927=DIRECTION('center_axis',(-0.38268343236509,0.,0.923879532511287));
#4928=DIRECTION('ref_axis',(0.923879532511287,0.,0.38268343236509));
#4929=DIRECTION('center_axis',(-6.00303025682003E-15,1.,-1.19407695983579E-15));
#4930=DIRECTION('ref_axis',(0.923879532511287,6.05463347084891E-15,0.38268343236509));
#4931=DIRECTION('center_axis',(0.,1.,0.));
#4932=DIRECTION('ref_axis',(-0.38268343236509,0.,0.923879532511287));
#4933=DIRECTION('center_axis',(-7.12859842997379E-15,1.,-9.70187529866578E-16));
#4934=DIRECTION('ref_axis',(0.923879532511287,6.96854040984497E-15,0.38268343236509));
#4935=DIRECTION('center_axis',(-0.38268343236509,0.,-0.923879532511287));
#4936=DIRECTION('ref_axis',(-0.821125997656677,0.458333333333334,0.340121524646534));
#4937=DIRECTION('center_axis',(0.,1.,0.));
#4938=DIRECTION('ref_axis',(-0.38268343236509,0.,0.923879532511287));
#4939=DIRECTION('center_axis',(0.38268343236509,0.,-0.923879532511287));
#4940=DIRECTION('ref_axis',(0.923879532511287,0.,0.38268343236509));
#4941=DIRECTION('center_axis',(-7.12859842997379E-15,1.,-9.70187529866578E-16));
#4942=DIRECTION('ref_axis',(0.923879532511287,6.96854040984497E-15,0.38268343236509));
#4943=DIRECTION('center_axis',(0.,1.,0.));
#4944=DIRECTION('ref_axis',(-0.38268343236509,0.,0.923879532511287));
#4945=DIRECTION('center_axis',(-7.12859842997379E-15,1.,-9.70187529866578E-16));
#4946=DIRECTION('ref_axis',(0.923879532511287,6.96854040984497E-15,0.38268343236509));
#4947=DIRECTION('center_axis',(-6.00303025682003E-15,1.,-1.19407695983579E-15));
#4948=DIRECTION('ref_axis',(0.923879532511287,6.05463347084891E-15,0.38268343236509));
#4949=DIRECTION('center_axis',(0.,1.,0.));
#4950=DIRECTION('ref_axis',(-0.38268343236509,0.,0.923879532511287));
#4951=DIRECTION('center_axis',(-5.10479803601933E-15,1.,-1.30552388015096E-15));
#4952=DIRECTION('ref_axis',(0.923879532511287,5.21806908801458E-15,0.38268343236509));
#4953=DIRECTION('center_axis',(0.38268343236509,0.,0.923879532511287));
#4954=DIRECTION('ref_axis',(-0.923879532511287,-1.0966815990336E-16,0.38268343236509));
#4955=DIRECTION('center_axis',(0.,1.,0.));
#4956=DIRECTION('ref_axis',(-0.38268343236509,0.,0.923879532511287));
#4957=DIRECTION('center_axis',(-5.10479803601933E-15,1.,-1.30552388015096E-15));
#4958=DIRECTION('ref_axis',(0.923879532511287,5.21806908801458E-15,0.38268343236509));
#4959=DIRECTION('center_axis',(0.,1.,0.));
#4960=DIRECTION('ref_axis',(0.923879532511287,0.,0.38268343236509));
#4961=DIRECTION('center_axis',(0.,-1.,0.));
#4962=DIRECTION('ref_axis',(1.,0.,0.));
#4963=DIRECTION('center_axis',(0.,-1.,0.));
#4964=DIRECTION('ref_axis',(0.72532562414359,0.,0.6884059405327));
#4965=DIRECTION('center_axis',(0.,1.,0.));
#4966=DIRECTION('ref_axis',(0.748419520483924,0.,0.663225618744189));
#4967=DIRECTION('',(0.,1.,0.));
#4968=DIRECTION('',(0.,-1.,0.));
#4969=DIRECTION('center_axis',(0.,1.,0.));
#4970=DIRECTION('ref_axis',(0.713459428955621,0.,0.700696541474495));
#4971=DIRECTION('',(0.,1.,0.));
#4972=DIRECTION('',(0.,-1.,0.));
#4973=DIRECTION('center_axis',(0.,1.,0.));
#4974=DIRECTION('ref_axis',(0.666258293917393,0.,0.745721050920707));
#4975=DIRECTION('center_axis',(0.,-1.,0.));
#4976=DIRECTION('ref_axis',(1.,0.,0.));
#4977=DIRECTION('',(0.,1.,0.));
#4978=DIRECTION('center_axis',(0.,-1.,0.));
#4979=DIRECTION('ref_axis',(0.776097622643742,0.,0.63061278144891));
#4980=DIRECTION('center_axis',(0.,-1.,0.));
#4981=DIRECTION('ref_axis',(1.,0.,0.));
#4982=DIRECTION('',(0.,1.,0.));
#4983=DIRECTION('',(0.,1.,0.));
#4984=DIRECTION('',(0.,-1.,0.));
#4985=DIRECTION('',(0.,-1.,0.));
#4986=DIRECTION('center_axis',(0.,-1.,0.));
#4987=DIRECTION('ref_axis',(1.,0.,0.));
#4988=DIRECTION('center_axis',(0.,-1.,0.));
#4989=DIRECTION('ref_axis',(1.,0.,0.));
#4990=DIRECTION('center_axis',(0.,-1.,0.));
#4991=DIRECTION('ref_axis',(1.,0.,0.));
#4992=DIRECTION('',(0.,-1.,0.));
#4993=DIRECTION('center_axis',(0.,1.,0.));
#4994=DIRECTION('ref_axis',(0.74788396663658,0.,0.663829475428693));
#4995=DIRECTION('',(0.,1.,0.));
#4996=DIRECTION('center_axis',(0.,1.,0.));
#4997=DIRECTION('ref_axis',(0.661025614581375,0.,0.750363336569235));
#4998=DIRECTION('',(0.,1.,0.));
#4999=DIRECTION('center_axis',(0.,-1.,0.));
#5000=DIRECTION('ref_axis',(1.,0.,0.));
#5001=DIRECTION('center_axis',(0.,-1.,0.));
#5002=DIRECTION('ref_axis',(0.72532562414359,0.,0.6884059405327));
#5003=DIRECTION('center_axis',(0.,1.,0.));
#5004=DIRECTION('ref_axis',(0.748419520483925,0.,0.663225618744189));
#5005=DIRECTION('',(0.,1.,0.));
#5006=DIRECTION('',(0.,-1.,0.));
#5007=DIRECTION('center_axis',(0.,1.,0.));
#5008=DIRECTION('ref_axis',(0.713459428955621,0.,0.700696541474495));
#5009=DIRECTION('',(0.,1.,0.));
#5010=DIRECTION('',(0.,-1.,0.));
#5011=DIRECTION('center_axis',(0.,1.,0.));
#5012=DIRECTION('ref_axis',(0.666258293917394,0.,0.745721050920707));
#5013=DIRECTION('center_axis',(0.,-1.,0.));
#5014=DIRECTION('ref_axis',(1.,0.,0.));
#5015=DIRECTION('',(0.,1.,0.));
#5016=DIRECTION('center_axis',(0.,-1.,0.));
#5017=DIRECTION('ref_axis',(0.776097622643743,0.,0.63061278144891));
#5018=DIRECTION('center_axis',(0.,-1.,0.));
#5019=DIRECTION('ref_axis',(1.,0.,0.));
#5020=DIRECTION('',(0.,1.,0.));
#5021=DIRECTION('',(0.,1.,0.));
#5022=DIRECTION('',(0.,-1.,0.));
#5023=DIRECTION('',(0.,-1.,0.));
#5024=DIRECTION('center_axis',(0.,-1.,0.));
#5025=DIRECTION('ref_axis',(1.,0.,0.));
#5026=DIRECTION('center_axis',(0.,-1.,0.));
#5027=DIRECTION('ref_axis',(1.,0.,0.));
#5028=DIRECTION('center_axis',(0.,-1.,0.));
#5029=DIRECTION('ref_axis',(1.,0.,0.));
#5030=DIRECTION('',(0.,-1.,0.));
#5031=DIRECTION('center_axis',(0.,1.,0.));
#5032=DIRECTION('ref_axis',(0.747883966636581,0.,0.663829475428693));
#5033=DIRECTION('',(0.,1.,0.));
#5034=DIRECTION('center_axis',(0.,1.,0.));
#5035=DIRECTION('ref_axis',(0.661025614581375,0.,0.750363336569235));
#5036=DIRECTION('',(0.,1.,0.));
#5037=DIRECTION('center_axis',(0.,-1.,0.));
#5038=DIRECTION('ref_axis',(1.,0.,0.));
#5039=DIRECTION('center_axis',(0.,-1.,0.));
#5040=DIRECTION('ref_axis',(1.,0.,0.));
#5041=DIRECTION('',(0.,-1.,0.));
#5042=DIRECTION('center_axis',(0.,1.,0.));
#5043=DIRECTION('ref_axis',(0.747883966636581,0.,0.663829475428693));
#5044=DIRECTION('',(0.,1.,0.));
#5045=DIRECTION('center_axis',(0.,1.,0.));
#5046=DIRECTION('ref_axis',(0.661025614581375,0.,0.750363336569235));
#5047=DIRECTION('',(0.,1.,0.));
#5048=DIRECTION('center_axis',(0.,-1.,0.));
#5049=DIRECTION('ref_axis',(1.,0.,0.));
#5050=DIRECTION('center_axis',(0.,-1.,0.));
#5051=DIRECTION('ref_axis',(1.,0.,0.));
#5052=DIRECTION('',(-1.65861403386516E-15,-1.,1.65861403386516E-15));
#5053=DIRECTION('center_axis',(0.,1.,0.));
#5054=DIRECTION('ref_axis',(0.661025614581375,0.,0.750363336569235));
#5055=DIRECTION('',(4.44810127263842E-15,1.,-4.44810127263842E-15));
#5056=DIRECTION('center_axis',(0.,-1.,0.));
#5057=DIRECTION('ref_axis',(0.692692482321014,0.,0.72123305868211));
#5058=DIRECTION('',(0.,1.,0.));
#5059=DIRECTION('center_axis',(0.,-1.,0.));
#5060=DIRECTION('ref_axis',(0.706301037910386,0.,0.707911607368258));
#5061=DIRECTION('',(0.,-1.,0.));
#5062=DIRECTION('center_axis',(0.,-1.,0.));
#5063=DIRECTION('ref_axis',(0.719540907474626,0.,0.694450057578363));
#5064=DIRECTION('',(0.,1.,0.));
#5065=DIRECTION('center_axis',(0.,-1.,0.));
#5066=DIRECTION('ref_axis',(1.,0.,0.));
#5067=DIRECTION('',(0.,-1.,0.));
#5068=DIRECTION('',(0.,-1.,0.));
#5069=DIRECTION('',(0.,1.,0.));
#5070=DIRECTION('center_axis',(0.,-1.,0.));
#5071=DIRECTION('ref_axis',(1.,0.,0.));
#5072=DIRECTION('center_axis',(0.,-1.,0.));
#5073=DIRECTION('ref_axis',(1.,0.,0.));
#5074=DIRECTION('',(0.,-1.,0.));
#5075=DIRECTION('center_axis',(0.,1.,0.));
#5076=DIRECTION('ref_axis',(0.74788396663658,0.,0.663829475428693));
#5077=DIRECTION('',(0.,1.,0.));
#5078=DIRECTION('center_axis',(0.,1.,0.));
#5079=DIRECTION('ref_axis',(0.661025614581375,0.,0.750363336569235));
#5080=DIRECTION('',(0.,1.,0.));
#5081=DIRECTION('center_axis',(0.,-1.,0.));
#5082=DIRECTION('ref_axis',(1.,0.,0.));
#5083=DIRECTION('center_axis',(0.,-1.,0.));
#5084=DIRECTION('ref_axis',(1.,0.,0.));
#5085=DIRECTION('',(-1.65861403386517E-15,-1.,1.65861403386517E-15));
#5086=DIRECTION('center_axis',(0.,1.,0.));
#5087=DIRECTION('ref_axis',(0.661025614581375,0.,0.750363336569235));
#5088=DIRECTION('',(4.44810127263842E-15,1.,-4.44810127263842E-15));
#5089=DIRECTION('center_axis',(0.,-1.,0.));
#5090=DIRECTION('ref_axis',(0.692692482321014,0.,0.72123305868211));
#5091=DIRECTION('',(0.,1.,0.));
#5092=DIRECTION('center_axis',(0.,-1.,0.));
#5093=DIRECTION('ref_axis',(0.706301037910386,0.,0.707911607368259));
#5094=DIRECTION('',(0.,-1.,0.));
#5095=DIRECTION('center_axis',(0.,-1.,0.));
#5096=DIRECTION('ref_axis',(0.719540907474626,0.,0.694450057578363));
#5097=DIRECTION('',(0.,1.,0.));
#5098=DIRECTION('center_axis',(0.,-1.,0.));
#5099=DIRECTION('ref_axis',(1.,0.,0.));
#5100=DIRECTION('',(0.,-1.,0.));
#5101=DIRECTION('',(0.,-1.,0.));
#5102=DIRECTION('',(0.,1.,0.));
#5103=DIRECTION('center_axis',(0.,-1.,0.));
#5104=DIRECTION('ref_axis',(-1.,0.,1.22464679914735E-16));
#5105=DIRECTION('center_axis',(0.,-1.,0.));
#5106=DIRECTION('ref_axis',(1.,0.,0.));
#5107=DIRECTION('center_axis',(0.,-1.,0.));
#5108=DIRECTION('ref_axis',(1.,0.,0.));
#5109=DIRECTION('',(0.,-1.,-1.16497890473865E-15));
#5110=DIRECTION('center_axis',(0.,-1.,0.));
#5111=DIRECTION('ref_axis',(-0.987738217431033,0.,0.156119229520791));
#5112=DIRECTION('center_axis',(0.,1.,0.));
#5113=DIRECTION('ref_axis',(-0.988077442715427,0.,0.153957679889447));
#5114=DIRECTION('',(0.,-1.,0.));
#5115=DIRECTION('',(0.,1.,0.));
#5116=DIRECTION('',(0.,-1.,0.));
#5117=DIRECTION('',(0.,-1.,0.));
#5118=DIRECTION('center_axis',(0.,-1.,0.));
#5119=DIRECTION('ref_axis',(1.,0.,0.));
#5120=DIRECTION('',(0.,1.,8.37417599005272E-16));
#5121=DIRECTION('center_axis',(0.,-1.,0.));
#5122=DIRECTION('ref_axis',(-0.999978230631813,0.,0.00659835301184475));
#5123=DIRECTION('',(0.,-1.,-8.37417599005272E-16));
#5124=DIRECTION('center_axis',(0.,-1.,0.));
#5125=DIRECTION('ref_axis',(-0.999636842910382,0.,-0.0269477697809155));
#5126=DIRECTION('',(0.,1.,1.11022300808154E-15));
#5127=DIRECTION('center_axis',(0.,1.,0.));
#5128=DIRECTION('ref_axis',(-0.998780149177913,0.,-0.0493782706070687));
#5129=DIRECTION('center_axis',(0.,1.,0.));
#5130=DIRECTION('ref_axis',(-0.9997973656535,0.,0.020130266573523));
#5131=DIRECTION('',(0.,-1.,0.));
#5132=DIRECTION('center_axis',(0.,-1.,0.));
#5133=DIRECTION('ref_axis',(1.,0.,0.));
#5134=DIRECTION('center_axis',(0.,1.,0.));
#5135=DIRECTION('ref_axis',(-0.996154279517851,0.,-0.0876165018604961));
#5136=DIRECTION('',(0.,-1.,0.));
#5137=DIRECTION('center_axis',(0.,-1.,0.));
#5138=DIRECTION('ref_axis',(-0.996316906376369,0.,0.0857474318485477));
#5139=DIRECTION('',(0.,1.,0.));
#5140=DIRECTION('',(0.,1.,0.));
#5141=DIRECTION('center_axis',(0.,1.,0.));
#5142=DIRECTION('ref_axis',(-0.998051687888514,0.,0.0623925340316342));
#5143=DIRECTION('',(0.,1.,6.36624159838586E-16));
#5144=DIRECTION('center_axis',(0.,1.,0.));
#5145=DIRECTION('ref_axis',(-0.99740272766284,0.,-0.0720263760765857));
#5146=DIRECTION('center_axis',(0.,-1.,0.));
#5147=DIRECTION('ref_axis',(-0.997822064805702,0.,-0.065963072903601));
#5148=DIRECTION('',(0.,1.,7.41350212106404E-16));
#5149=DIRECTION('center_axis',(0.,1.,0.));
#5150=DIRECTION('ref_axis',(-0.997686380469725,0.,-0.0679844557617266));
#5151=DIRECTION('',(0.,-1.,-8.2686002734401E-16));
#5152=DIRECTION('center_axis',(0.,-1.,0.));
#5153=DIRECTION('ref_axis',(-0.999987142663724,0.,-0.00507094737110131));
#5154=DIRECTION('',(0.,-1.,-8.35375117056473E-16));
#5155=DIRECTION('',(0.,-1.,-7.07652475192468E-16));
#5156=DIRECTION('center_axis',(0.,-1.,0.));
#5157=DIRECTION('ref_axis',(-0.999859883829156,0.,-0.0167395552254494));
#5158=DIRECTION('center_axis',(0.,-1.,0.));
#5159=DIRECTION('ref_axis',(1.,0.,0.));
#5160=DIRECTION('center_axis',(-0.0106808316104294,0.305550507203838,-0.952115963201745));
#5161=DIRECTION('ref_axis',(0.00342744824617173,0.952175870072056,0.305531283260884));
#5162=DIRECTION('center_axis',(0.,1.,0.));
#5163=DIRECTION('ref_axis',(-0.999628390022059,0.,0.027259527910536));
#5164=DIRECTION('center_axis',(0.,-1.,0.));
#5165=DIRECTION('ref_axis',(-0.996358481189853,0.,0.0852629870521208));
#5166=DIRECTION('center_axis',(0.,-1.,0.));
#5167=DIRECTION('ref_axis',(-0.99849355910205,0.,0.0548690480300212));
#5168=DIRECTION('center_axis',(0.,-1.,0.));
#5169=DIRECTION('ref_axis',(1.,0.,0.));
#5170=DIRECTION('center_axis',(0.,-1.,0.));
#5171=DIRECTION('ref_axis',(1.,0.,0.));
#5172=DIRECTION('center_axis',(0.,-1.,0.));
#5173=DIRECTION('ref_axis',(1.,0.,0.));
#5174=DIRECTION('center_axis',(0.,-1.,0.));
#5175=DIRECTION('ref_axis',(-0.999189297749327,0.,0.040258505476556));
#5176=DIRECTION('center_axis',(0.,1.,0.));
#5177=DIRECTION('ref_axis',(1.,0.,0.));
#5178=DIRECTION('center_axis',(-0.0336893696860774,0.282166016582657,-0.958773886511325));
#5179=DIRECTION('ref_axis',(0.00990862641407271,0.959365591985598,0.281991985766813));
#5180=DIRECTION('center_axis',(-0.0430112009868345,-0.282166016582656,-0.958400947242617));
#5181=DIRECTION('ref_axis',(0.0126503382571524,-0.959365591985598,0.281882297876442));
#5182=DIRECTION('center_axis',(0.,-1.,0.));
#5183=DIRECTION('ref_axis',(1.,0.,0.));
#5184=DIRECTION('center_axis',(0.,-1.,0.));
#5185=DIRECTION('ref_axis',(1.,0.,0.));
#5186=DIRECTION('center_axis',(0.,-1.,0.));
#5187=DIRECTION('ref_axis',(1.,0.,0.));
#5188=DIRECTION('center_axis',(0.,-1.,0.));
#5189=DIRECTION('ref_axis',(1.,0.,0.));
#5190=DIRECTION('center_axis',(0.,-1.,0.));
#5191=DIRECTION('ref_axis',(-0.9999995972044,0.,-0.000897547234411146));
#5192=DIRECTION('center_axis',(0.,-1.,0.));
#5193=DIRECTION('ref_axis',(1.,0.,0.));
#5194=DIRECTION('center_axis',(0.,-1.,0.));
#5195=DIRECTION('ref_axis',(1.,0.,0.));
#5196=DIRECTION('center_axis',(0.,-1.,0.));
#5197=DIRECTION('ref_axis',(1.,0.,0.));
#5198=DIRECTION('center_axis',(0.,-1.,0.));
#5199=DIRECTION('ref_axis',(1.,0.,0.));
#5200=DIRECTION('center_axis',(0.,-1.,0.));
#5201=DIRECTION('ref_axis',(1.,0.,0.));
#5202=DIRECTION('center_axis',(0.,-1.,0.));
#5203=DIRECTION('ref_axis',(1.,0.,0.));
#5204=DIRECTION('center_axis',(0.,-1.,0.));
#5205=DIRECTION('ref_axis',(1.,0.,0.));
#5206=DIRECTION('center_axis',(0.,-1.,0.));
#5207=DIRECTION('ref_axis',(1.,0.,0.));
#5208=DIRECTION('center_axis',(0.,1.,0.));
#5209=DIRECTION('ref_axis',(-1.,0.,0.));
#5210=DIRECTION('center_axis',(0.,1.,0.));
#5211=DIRECTION('ref_axis',(-1.,0.,0.));
#5212=DIRECTION('',(0.707106781186546,0.707106781186548,8.65956056235492E-17));
#5213=DIRECTION('center_axis',(0.,-1.,0.));
#5214=DIRECTION('ref_axis',(-1.,0.,0.));
#5215=DIRECTION('center_axis',(0.,-1.,0.));
#5216=DIRECTION('ref_axis',(-1.,0.,0.));
#5217=DIRECTION('center_axis',(0.,-1.,0.));
#5218=DIRECTION('ref_axis',(1.,0.,0.));
#5219=DIRECTION('',(0.,1.,0.));
#5220=DIRECTION('center_axis',(0.,1.,0.));
#5221=DIRECTION('ref_axis',(1.,0.,0.));
#5222=DIRECTION('center_axis',(0.,-1.,0.));
#5223=DIRECTION('ref_axis',(0.,0.,-1.));
#5224=DIRECTION('center_axis',(0.,-1.,0.));
#5225=DIRECTION('ref_axis',(1.,0.,0.));
#5226=DIRECTION('center_axis',(0.,-1.,0.));
#5227=DIRECTION('ref_axis',(1.,0.,0.));
#5228=DIRECTION('center_axis',(0.,1.,0.));
#5229=DIRECTION('ref_axis',(-1.,0.,0.));
#5230=DIRECTION('center_axis',(0.,1.,0.));
#5231=DIRECTION('ref_axis',(-1.,0.,0.));
#5232=DIRECTION('',(0.707106781186546,0.707106781186548,8.65956056235492E-17));
#5233=DIRECTION('center_axis',(0.,-1.,0.));
#5234=DIRECTION('ref_axis',(-1.,0.,0.));
#5235=DIRECTION('center_axis',(0.,-1.,0.));
#5236=DIRECTION('ref_axis',(-1.,0.,0.));
#5237=DIRECTION('center_axis',(0.,-1.,0.));
#5238=DIRECTION('ref_axis',(1.,0.,0.));
#5239=DIRECTION('',(0.,1.,0.));
#5240=DIRECTION('center_axis',(0.,1.,0.));
#5241=DIRECTION('ref_axis',(1.,0.,0.));
#5242=DIRECTION('center_axis',(0.,-1.,0.));
#5243=DIRECTION('ref_axis',(0.,0.,-1.));
#5244=DIRECTION('center_axis',(0.,-1.,0.));
#5245=DIRECTION('ref_axis',(1.,0.,0.));
#5246=DIRECTION('center_axis',(0.,-1.,0.));
#5247=DIRECTION('ref_axis',(1.,0.,0.));
#5248=DIRECTION('center_axis',(0.,1.,0.));
#5249=DIRECTION('ref_axis',(1.,0.,0.));
#5250=DIRECTION('center_axis',(0.,1.,0.));
#5251=DIRECTION('ref_axis',(1.,0.,0.));
#5252=DIRECTION('',(-0.707106781186548,0.707106781186548,-8.65956056235493E-17));
#5253=DIRECTION('center_axis',(0.,-1.,0.));
#5254=DIRECTION('ref_axis',(1.,0.,0.));
#5255=DIRECTION('center_axis',(0.,1.,0.));
#5256=DIRECTION('ref_axis',(0.,0.,1.));
#5257=DIRECTION('center_axis',(0.,1.,0.));
#5258=DIRECTION('ref_axis',(1.,0.,0.));
#5259=DIRECTION('',(0.,1.,0.));
#5260=DIRECTION('center_axis',(0.,1.,0.));
#5261=DIRECTION('ref_axis',(1.,0.,0.));
#5262=DIRECTION('center_axis',(0.,1.,0.));
#5263=DIRECTION('ref_axis',(1.,0.,0.));
#5264=DIRECTION('',(-0.707106781186548,0.707106781186548,-8.65956056235493E-17));
#5265=DIRECTION('center_axis',(0.,-1.,0.));
#5266=DIRECTION('ref_axis',(1.,0.,0.));
#5267=DIRECTION('center_axis',(0.,1.,0.));
#5268=DIRECTION('ref_axis',(0.,0.,1.));
#5269=DIRECTION('center_axis',(0.,1.,0.));
#5270=DIRECTION('ref_axis',(1.,0.,0.));
#5271=DIRECTION('',(0.,1.,0.));
#5272=DIRECTION('center_axis',(0.,-1.,0.));
#5273=DIRECTION('ref_axis',(0.,0.,-1.));
#5274=DIRECTION('center_axis',(0.,1.,0.));
#5275=DIRECTION('ref_axis',(1.,0.,0.));
#5276=DIRECTION('center_axis',(-1.,0.,0.));
#5277=DIRECTION('ref_axis',(0.,0.,1.));
#5278=DIRECTION('center_axis',(0.,-1.,0.));
#5279=DIRECTION('ref_axis',(1.,0.,0.));
#5280=DIRECTION('center_axis',(0.,-1.,0.));
#5281=DIRECTION('ref_axis',(1.,0.,0.));
#5282=DIRECTION('center_axis',(0.,1.,0.));
#5283=DIRECTION('ref_axis',(1.,0.,0.));
#5284=DIRECTION('center_axis',(0.,1.,0.));
#5285=DIRECTION('ref_axis',(1.,0.,0.));
#5286=DIRECTION('center_axis',(0.,1.,0.));
#5287=DIRECTION('ref_axis',(0.,0.,1.));
#5288=DIRECTION('center_axis',(0.,1.,0.));
#5289=DIRECTION('ref_axis',(-1.,0.,0.));
#5290=DIRECTION('center_axis',(0.,-1.,0.));
#5291=DIRECTION('ref_axis',(1.,0.,0.));
#5292=DIRECTION('center_axis',(0.,-1.,0.));
#5293=DIRECTION('ref_axis',(1.,0.,0.));
#5294=DIRECTION('',(-1.,0.,-3.14326051373789E-16));
#5295=DIRECTION('center_axis',(0.,1.,0.));
#5296=DIRECTION('ref_axis',(0.,0.,1.));
#5297=DIRECTION('',(1.,0.,-3.14326051373789E-16));
#5298=DIRECTION('center_axis',(0.,-1.,0.));
#5299=DIRECTION('ref_axis',(-5.55111512312581E-15,0.,1.));
#5300=DIRECTION('center_axis',(0.,-1.,0.));
#5301=DIRECTION('ref_axis',(0.962145391245579,0.,-0.272536687631027));
#5302=DIRECTION('center_axis',(0.,-1.,0.));
#5303=DIRECTION('ref_axis',(0.0641509433962261,0.,-0.997940206856791));
#5304=DIRECTION('',(0.,0.,1.));
#5305=DIRECTION('center_axis',(0.,-1.,0.));
#5306=DIRECTION('ref_axis',(-1.,0.,0.));
#5307=DIRECTION('center_axis',(0.,-1.,0.));
#5308=DIRECTION('ref_axis',(0.0641509433962264,0.,0.997940206856791));
#5309=DIRECTION('center_axis',(0.,-1.,0.));
#5310=DIRECTION('ref_axis',(0.962145391245579,0.,0.272536687631028));
#5311=DIRECTION('center_axis',(0.,1.,0.));
#5312=DIRECTION('ref_axis',(0.,0.,-1.));
#5313=DIRECTION('',(-1.,0.,4.19101401831719E-16));
#5314=DIRECTION('center_axis',(0.,-1.,0.));
#5315=DIRECTION('ref_axis',(5.55111512312582E-15,0.,-1.));
#5316=DIRECTION('center_axis',(0.,-1.,0.));
#5317=DIRECTION('ref_axis',(-0.962145391245579,0.,0.272536687631027));
#5318=DIRECTION('center_axis',(0.,-1.,0.));
#5319=DIRECTION('ref_axis',(-0.0641509433962264,0.,0.997940206856791));
#5320=DIRECTION('',(0.,0.,-1.));
#5321=DIRECTION('center_axis',(0.,-1.,0.));
#5322=DIRECTION('ref_axis',(1.,0.,-5.55111512312572E-15));
#5323=DIRECTION('center_axis',(0.,-1.,0.));
#5324=DIRECTION('ref_axis',(-0.0641509433962264,0.,-0.997940206856791));
#5325=DIRECTION('center_axis',(0.,-1.,0.));
#5326=DIRECTION('ref_axis',(-0.962145391245579,0.,-0.272536687631028));
#5327=DIRECTION('',(1.,0.,4.19101401831719E-16));
#5328=DIRECTION('center_axis',(0.,1.,0.));
#5329=DIRECTION('ref_axis',(-1.,0.,0.));
#5330=DIRECTION('',(0.,1.,0.));
#5331=DIRECTION('center_axis',(0.,1.,0.));
#5332=DIRECTION('ref_axis',(-1.,0.,0.));
#5333=DIRECTION('center_axis',(0.,1.,0.));
#5334=DIRECTION('ref_axis',(-1.,0.,0.));
#5335=DIRECTION('center_axis',(0.,-1.,0.));
#5336=DIRECTION('ref_axis',(0.,0.,-1.));
#5337=DIRECTION('center_axis',(0.,1.,0.));
#5338=DIRECTION('ref_axis',(1.,0.,0.));
#5339=DIRECTION('center_axis',(-1.,0.,0.));
#5340=DIRECTION('ref_axis',(0.,0.,1.));
#5341=DIRECTION('center_axis',(0.,1.,0.));
#5342=DIRECTION('ref_axis',(1.,0.,0.));
#5343=DIRECTION('center_axis',(0.,1.,0.));
#5344=DIRECTION('ref_axis',(1.,0.,0.));
#5345=DIRECTION('center_axis',(0.,1.,0.));
#5346=DIRECTION('ref_axis',(-1.,0.,0.));
#5347=DIRECTION('',(0.,1.,0.));
#5348=DIRECTION('center_axis',(0.,1.,0.));
#5349=DIRECTION('ref_axis',(-1.,0.,0.));
#5350=DIRECTION('center_axis',(0.,1.,0.));
#5351=DIRECTION('ref_axis',(-1.,0.,0.));
#5352=DIRECTION('center_axis',(0.,-1.,0.));
#5353=DIRECTION('ref_axis',(-0.684050091953712,0.,0.729435035968329));
#5354=DIRECTION('center_axis',(-0.997940206856791,0.,0.0641509433962242));
#5355=DIRECTION('ref_axis',(0.,-1.,0.));
#5356=DIRECTION('center_axis',(0.,-1.,0.));
#5357=DIRECTION('ref_axis',(-0.684050091953713,0.,0.729435035968328));
#5358=DIRECTION('center_axis',(0.,0.,1.));
#5359=DIRECTION('ref_axis',(-1.,0.,0.));
#5360=DIRECTION('center_axis',(0.,1.,0.));
#5361=DIRECTION('ref_axis',(-0.684050091953713,0.,0.729435035968328));
#5362=DIRECTION('center_axis',(0.,0.,-1.));
#5363=DIRECTION('ref_axis',(-0.707106781186548,-0.707106781186547,0.));
#5364=DIRECTION('center_axis',(0.,0.,1.));
#5365=DIRECTION('ref_axis',(-1.,0.,0.));
#5366=DIRECTION('',(0.,0.,1.));
#5367=DIRECTION('',(0.,0.,-1.));
#5368=DIRECTION('center_axis',(0.,-1.,0.));
#5369=DIRECTION('ref_axis',(0.,0.,-1.));
#5370=DIRECTION('center_axis',(-0.997940206856791,0.,-0.0641509433962242));
#5371=DIRECTION('ref_axis',(0.0641509433962242,0.,-0.997940206856791));
#5372=DIRECTION('center_axis',(0.,1.,0.));
#5373=DIRECTION('ref_axis',(-0.684050091953717,0.,-0.729435035968325));
#5374=DIRECTION('center_axis',(0.,-1.,0.));
#5375=DIRECTION('ref_axis',(-0.684050091953717,0.,-0.729435035968325));
#5376=DIRECTION('center_axis',(0.,-1.,0.));
#5377=DIRECTION('ref_axis',(0.,0.,-1.));
#5378=DIRECTION('center_axis',(-0.272536687631014,0.,-0.962145391245583));
#5379=DIRECTION('ref_axis',(0.962145391245583,0.,-0.272536687631014));
#5380=DIRECTION('center_axis',(0.,1.,0.));
#5381=DIRECTION('ref_axis',(0.628389694418266,0.,-0.777898702884198));
#5382=DIRECTION('center_axis',(0.,-1.,0.));
#5383=DIRECTION('ref_axis',(0.628389694418266,0.,-0.777898702884199));
#5384=DIRECTION('center_axis',(0.,-1.,0.));
#5385=DIRECTION('ref_axis',(0.,0.,-1.));
#5386=DIRECTION('center_axis',(1.,0.,0.));
#5387=DIRECTION('ref_axis',(0.,0.,1.));
#5388=DIRECTION('center_axis',(0.,1.,0.));
#5389=DIRECTION('ref_axis',(0.797664305215867,0.,0.603101696386678));
#5390=DIRECTION('center_axis',(0.,-1.,0.));
#5391=DIRECTION('ref_axis',(0.797664305215867,0.,0.603101696386678));
#5392=DIRECTION('center_axis',(-1.,0.,4.19101401831719E-16));
#5393=DIRECTION('ref_axis',(0.,-0.707106781186543,0.707106781186552));
#5394=DIRECTION('center_axis',(1.,0.,0.));
#5395=DIRECTION('ref_axis',(0.,0.,1.));
#5396=DIRECTION('',(1.,0.,-4.19101401831719E-16));
#5397=DIRECTION('',(-1.,0.,4.19101401831719E-16));
#5398=DIRECTION('center_axis',(0.,1.,0.));
#5399=DIRECTION('ref_axis',(0.,0.,1.));
#5400=DIRECTION('center_axis',(-1.,0.,0.));
#5401=DIRECTION('ref_axis',(0.,0.,-1.));
#5402=DIRECTION('center_axis',(0.,-1.,0.));
#5403=DIRECTION('ref_axis',(-1.,0.,6.12323399573677E-17));
#5404=DIRECTION('center_axis',(0.,1.,0.));
#5405=DIRECTION('ref_axis',(-1.,0.,6.12323399573677E-17));
#5406=DIRECTION('center_axis',(1.,0.,4.19101401831719E-16));
#5407=DIRECTION('ref_axis',(0.,-0.707106781186543,-0.707106781186552));
#5408=DIRECTION('center_axis',(-1.,0.,0.));
#5409=DIRECTION('ref_axis',(0.,0.,-1.));
#5410=DIRECTION('',(-1.,0.,-4.19101401831719E-16));
#5411=DIRECTION('',(1.,0.,4.19101401831719E-16));
#5412=DIRECTION('center_axis',(0.,-1.,0.));
#5413=DIRECTION('ref_axis',(0.,0.,-1.));
#5414=DIRECTION('center_axis',(0.272536687631036,0.,-0.962145391245576));
#5415=DIRECTION('ref_axis',(0.962145391245576,0.,0.272536687631036));
#5416=DIRECTION('center_axis',(0.,1.,0.));
#5417=DIRECTION('ref_axis',(0.797664305215867,0.,-0.603101696386678));
#5418=DIRECTION('center_axis',(0.,-1.,0.));
#5419=DIRECTION('ref_axis',(0.797664305215867,0.,-0.603101696386678));
#5420=DIRECTION('center_axis',(0.,-1.,0.));
#5421=DIRECTION('ref_axis',(0.,0.,-1.));
#5422=DIRECTION('center_axis',(0.,1.,0.));
#5423=DIRECTION('ref_axis',(0.628389694418266,0.,0.777898702884198));
#5424=DIRECTION('center_axis',(0.,-1.,0.));
#5425=DIRECTION('ref_axis',(0.628389694418266,0.,0.777898702884198));
#5426=DIRECTION('center_axis',(0.,1.,0.));
#5427=DIRECTION('ref_axis',(5.55111512312582E-15,0.,-1.));
#5428=DIRECTION('',(0.,1.,0.));
#5429=DIRECTION('',(0.,1.,0.));
#5430=DIRECTION('center_axis',(0.,1.,0.));
#5431=DIRECTION('ref_axis',(-0.962145391245579,0.,0.272536687631027));
#5432=DIRECTION('',(0.,1.,0.));
#5433=DIRECTION('center_axis',(0.,1.,0.));
#5434=DIRECTION('ref_axis',(-0.0641509433962264,0.,0.997940206856791));
#5435=DIRECTION('',(0.,1.,0.));
#5436=DIRECTION('center_axis',(1.,0.,0.));
#5437=DIRECTION('ref_axis',(0.,0.,-1.));
#5438=DIRECTION('',(0.,1.,0.));
#5439=DIRECTION('center_axis',(0.,1.,0.));
#5440=DIRECTION('ref_axis',(1.,0.,-5.55111512312572E-15));
#5441=DIRECTION('',(0.,1.,0.));
#5442=DIRECTION('center_axis',(0.,1.,0.));
#5443=DIRECTION('ref_axis',(0.,0.,1.));
#5444=DIRECTION('center_axis',(0.,-1.,0.));
#5445=DIRECTION('ref_axis',(0.,0.,-1.));
#5446=DIRECTION('center_axis',(-0.272536687631036,0.,-0.962145391245576));
#5447=DIRECTION('ref_axis',(0.,-1.,0.));
#5448=DIRECTION('center_axis',(0.,-1.,0.));
#5449=DIRECTION('ref_axis',(-0.797664305215867,0.,-0.603101696386678));
#5450=DIRECTION('center_axis',(-1.,0.,0.));
#5451=DIRECTION('ref_axis',(0.,0.,-1.));
#5452=DIRECTION('center_axis',(0.,1.,0.));
#5453=DIRECTION('ref_axis',(-0.797664305215867,0.,-0.603101696386678));
#5454=DIRECTION('center_axis',(1.,0.,-3.14326051373789E-16));
#5455=DIRECTION('ref_axis',(0.,-0.707106781186548,-0.707106781186547));
#5456=DIRECTION('center_axis',(-1.,0.,0.));
#5457=DIRECTION('ref_axis',(0.,0.,-1.));
#5458=DIRECTION('',(-1.,0.,3.14326051373789E-16));
#5459=DIRECTION('',(1.,0.,-3.14326051373789E-16));
#5460=DIRECTION('center_axis',(0.,1.,0.));
#5461=DIRECTION('ref_axis',(0.,0.,1.));
#5462=DIRECTION('center_axis',(1.,0.,0.));
#5463=DIRECTION('ref_axis',(0.,0.,1.));
#5464=DIRECTION('center_axis',(0.,-1.,0.));
#5465=DIRECTION('ref_axis',(1.,0.,-6.12323399573677E-17));
#5466=DIRECTION('center_axis',(0.,1.,0.));
#5467=DIRECTION('ref_axis',(1.,0.,-6.12323399573677E-17));
#5468=DIRECTION('center_axis',(-1.,0.,-3.14326051373789E-16));
#5469=DIRECTION('ref_axis',(0.,-0.707106781186543,0.707106781186552));
#5470=DIRECTION('center_axis',(1.,0.,0.));
#5471=DIRECTION('ref_axis',(0.,0.,1.));
#5472=DIRECTION('',(1.,0.,3.14326051373789E-16));
#5473=DIRECTION('',(-1.,0.,-3.14326051373789E-16));
#5474=DIRECTION('center_axis',(0.,-1.,0.));
#5475=DIRECTION('ref_axis',(0.,0.,-1.));
#5476=DIRECTION('center_axis',(-0.272536687631036,0.,0.962145391245576));
#5477=DIRECTION('ref_axis',(-0.962145391245576,0.,-0.272536687631036));
#5478=DIRECTION('center_axis',(0.,1.,0.));
#5479=DIRECTION('ref_axis',(-0.797664305215867,0.,0.603101696386678));
#5480=DIRECTION('center_axis',(0.,-1.,0.));
#5481=DIRECTION('ref_axis',(-0.797664305215867,0.,0.603101696386678));
#5482=DIRECTION('center_axis',(0.,-1.,0.));
#5483=DIRECTION('ref_axis',(0.,0.,-1.));
#5484=DIRECTION('center_axis',(-0.997940206856793,0.,0.0641509433961973));
#5485=DIRECTION('ref_axis',(-0.0641509433961973,0.,-0.997940206856793));
#5486=DIRECTION('center_axis',(0.,1.,0.));
#5487=DIRECTION('ref_axis',(-0.628389694418266,0.,-0.777898702884198));
#5488=DIRECTION('center_axis',(0.,-1.,0.));
#5489=DIRECTION('ref_axis',(-0.628389694418266,0.,-0.777898702884198));
#5490=DIRECTION('center_axis',(0.,-1.,0.));
#5491=DIRECTION('ref_axis',(0.,0.,-1.));
#5492=DIRECTION('center_axis',(0.,0.,-1.));
#5493=DIRECTION('ref_axis',(1.,0.,0.));
#5494=DIRECTION('center_axis',(0.,1.,0.));
#5495=DIRECTION('ref_axis',(0.684050091953717,0.,-0.729435035968325));
#5496=DIRECTION('center_axis',(0.,-1.,0.));
#5497=DIRECTION('ref_axis',(0.684050091953717,0.,-0.729435035968325));
#5498=DIRECTION('center_axis',(0.,0.,1.));
#5499=DIRECTION('ref_axis',(0.707106781186548,-0.707106781186547,0.));
#5500=DIRECTION('center_axis',(-3.08395284618099E-14,0.,-1.));
#5501=DIRECTION('ref_axis',(1.,0.,-3.08395284618099E-14));
#5502=DIRECTION('',(0.,0.,-1.));
#5503=DIRECTION('',(0.,0.,1.));
#5504=DIRECTION('center_axis',(0.,-1.,0.));
#5505=DIRECTION('ref_axis',(0.684050091953714,0.,0.729435035968328));
#5506=DIRECTION('center_axis',(0.997940206856791,0.,0.0641509433962242));
#5507=DIRECTION('ref_axis',(-0.0641509433962242,0.,0.997940206856791));
#5508=DIRECTION('center_axis',(0.,1.,0.));
#5509=DIRECTION('ref_axis',(0.684050091953717,0.,0.729435035968325));
#5510=DIRECTION('center_axis',(0.,-1.,0.));
#5511=DIRECTION('ref_axis',(0.684050091953717,0.,0.729435035968325));
#5512=DIRECTION('center_axis',(0.,-1.,0.));
#5513=DIRECTION('ref_axis',(0.,0.,-1.));
#5514=DIRECTION('center_axis',(0.,1.,0.));
#5515=DIRECTION('ref_axis',(-0.628389694418266,0.,0.777898702884198));
#5516=DIRECTION('center_axis',(0.,-1.,0.));
#5517=DIRECTION('ref_axis',(-0.628389694418266,0.,0.777898702884199));
#5518=DIRECTION('center_axis',(0.,1.,0.));
#5519=DIRECTION('ref_axis',(0.962145391245579,0.,0.272536687631028));
#5520=DIRECTION('',(0.,1.,0.));
#5521=DIRECTION('',(0.,1.,0.));
#5522=DIRECTION('center_axis',(3.14326051373789E-16,0.,-1.));
#5523=DIRECTION('ref_axis',(-1.,0.,-3.14326051373789E-16));
#5524=DIRECTION('',(0.,1.,0.));
#5525=DIRECTION('center_axis',(0.,1.,0.));
#5526=DIRECTION('ref_axis',(0.,0.,1.));
#5527=DIRECTION('',(0.,1.,0.));
#5528=DIRECTION('center_axis',(3.14326051373789E-16,0.,1.));
#5529=DIRECTION('ref_axis',(1.,0.,-3.14326051373789E-16));
#5530=DIRECTION('',(0.,1.,0.));
#5531=DIRECTION('center_axis',(0.,1.,0.));
#5532=DIRECTION('ref_axis',(-5.55111512312581E-15,0.,1.));
#5533=DIRECTION('',(0.,1.,0.));
#5534=DIRECTION('center_axis',(0.,1.,0.));
#5535=DIRECTION('ref_axis',(0.,0.,1.));
#5536=DIRECTION('center_axis',(-1.,0.,6.12323399573677E-17));
#5537=DIRECTION('ref_axis',(-4.32978028117738E-17,0.707106781186561,-0.707106781186534));
#5538=DIRECTION('center_axis',(1.,0.,0.));
#5539=DIRECTION('ref_axis',(0.,0.,-1.));
#5540=DIRECTION('',(1.,0.,-6.12323399573677E-17));
#5541=DIRECTION('',(-1.,0.,6.12323399573677E-17));
#5542=DIRECTION('center_axis',(0.,-1.,0.));
#5543=DIRECTION('ref_axis',(0.,0.,-1.));
#5544=DIRECTION('center_axis',(0.,0.,-1.));
#5545=DIRECTION('ref_axis',(-1.,0.,0.));
#5546=DIRECTION('center_axis',(0.,-1.,0.));
#5547=DIRECTION('ref_axis',(-0.707106781186547,0.,-0.707106781186547));
#5548=DIRECTION('center_axis',(0.,1.,0.));
#5549=DIRECTION('ref_axis',(-0.707106781186548,0.,-0.707106781186548));
#5550=DIRECTION('center_axis',(0.,0.,1.));
#5551=DIRECTION('ref_axis',(-0.707106781186534,0.707106781186561,0.));
#5552=DIRECTION('',(0.,0.,-1.));
#5553=DIRECTION('',(0.,0.,1.));
#5554=DIRECTION('center_axis',(1.,-1.39303551858745E-14,0.));
#5555=DIRECTION('ref_axis',(1.39303551858745E-14,1.,0.));
#5556=DIRECTION('',(1.39303551858745E-14,1.,1.39303551858745E-14));
#5557=DIRECTION('',(0.,0.,1.));
#5558=DIRECTION('',(0.,-1.,0.));
#5559=DIRECTION('center_axis',(-1.39303551858745E-14,-1.,-1.39303551858745E-14));
#5560=DIRECTION('ref_axis',(-0.707106781186548,0.,-0.707106781186547));
#5561=DIRECTION('',(-1.39303551858745E-14,-1.,-1.39303551858745E-14));
#5562=DIRECTION('center_axis',(0.,-1.,0.));
#5563=DIRECTION('ref_axis',(-0.707106781186548,0.,-0.707106781186547));
#5564=DIRECTION('center_axis',(6.12323399573677E-17,-1.39303551858745E-14,
1.));
#5565=DIRECTION('ref_axis',(8.52988244468346E-31,1.,1.39303551858745E-14));
#5566=DIRECTION('',(0.,1.,0.));
#5567=DIRECTION('',(1.,0.,-1.83697019872103E-16));
#5568=DIRECTION('center_axis',(1.22464679914735E-16,0.,1.));
#5569=DIRECTION('ref_axis',(-0.707106781186534,0.707106781186561,8.65956056235477E-17));
#5570=DIRECTION('center_axis',(0.,0.,-1.));
#5571=DIRECTION('ref_axis',(-1.,0.,0.));
#5572=DIRECTION('',(-1.22464679914735E-16,0.,-1.));
#5573=DIRECTION('',(1.22464679914735E-16,0.,1.));
#5574=DIRECTION('center_axis',(0.,-1.,0.));
#5575=DIRECTION('ref_axis',(0.,0.,-1.));
#5576=DIRECTION('center_axis',(-1.,0.,1.15648231731787E-15));
#5577=DIRECTION('ref_axis',(1.15648231731787E-15,0.,1.));
#5578=DIRECTION('center_axis',(0.,-1.,0.));
#5579=DIRECTION('ref_axis',(-0.707106781186549,0.,0.707106781186546));
#5580=DIRECTION('center_axis',(0.,1.,0.));
#5581=DIRECTION('ref_axis',(-0.707106781186549,0.,0.707106781186546));
#5582=DIRECTION('center_axis',(1.,0.,-1.83697019872103E-16));
#5583=DIRECTION('ref_axis',(1.29893408435322E-16,0.707106781186561,0.707106781186534));
#5584=DIRECTION('',(-1.,0.,1.83697019872103E-16));
#5585=DIRECTION('',(1.,0.,-1.83697019872103E-16));
#5586=DIRECTION('center_axis',(-1.83697019872103E-16,-1.39303551858745E-14,
-1.));
#5587=DIRECTION('ref_axis',(-2.55896473340504E-30,1.,-1.39303551858745E-14));
#5588=DIRECTION('',(-1.70597648893669E-30,1.,-1.39303551858745E-14));
#5589=DIRECTION('',(1.,0.,-1.83697019872103E-16));
#5590=DIRECTION('',(0.,-1.,0.));
#5591=DIRECTION('center_axis',(1.70597648893669E-30,-1.,1.39303551858745E-14));
#5592=DIRECTION('ref_axis',(-0.707106781186547,0.,0.707106781186548));
#5593=DIRECTION('',(1.70597648893669E-30,-1.,1.39303551858745E-14));
#5594=DIRECTION('center_axis',(0.,-1.,0.));
#5595=DIRECTION('ref_axis',(-0.707106781186547,0.,0.707106781186548));
#5596=DIRECTION('center_axis',(1.,0.,-1.22464679914735E-16));
#5597=DIRECTION('ref_axis',(0.,-1.,0.));
#5598=DIRECTION('',(0.,1.,0.));
#5599=DIRECTION('',(-1.22464679914735E-16,0.,-1.));
#5600=DIRECTION('center_axis',(0.,0.,-1.));
#5601=DIRECTION('ref_axis',(0.707106781186534,0.707106781186561,0.));
#5602=DIRECTION('center_axis',(0.,0.,1.));
#5603=DIRECTION('ref_axis',(1.,0.,0.));
#5604=DIRECTION('',(0.,0.,1.));
#5605=DIRECTION('',(0.,0.,-1.));
#5606=DIRECTION('center_axis',(0.,-1.,0.));
#5607=DIRECTION('ref_axis',(0.,0.,-1.));
#5608=DIRECTION('center_axis',(1.,0.,0.));
#5609=DIRECTION('ref_axis',(0.,0.,-1.));
#5610=DIRECTION('center_axis',(0.,-1.,0.));
#5611=DIRECTION('ref_axis',(0.707106781186549,0.,-0.707106781186546));
#5612=DIRECTION('center_axis',(0.,1.,0.));
#5613=DIRECTION('ref_axis',(0.707106781186549,0.,-0.707106781186546));
#5614=DIRECTION('center_axis',(-1.,0.,6.12323399573677E-17));
#5615=DIRECTION('ref_axis',(-4.32978028117738E-17,0.707106781186561,-0.707106781186534));
#5616=DIRECTION('',(1.,0.,-6.12323399573677E-17));
#5617=DIRECTION('',(-1.,0.,6.12323399573677E-17));
#5618=DIRECTION('center_axis',(6.12323399573677E-17,-1.39303551858745E-14,
1.));
#5619=DIRECTION('ref_axis',(8.52988244468346E-31,1.,1.39303551858745E-14));
#5620=DIRECTION('',(0.,1.,1.39303551858745E-14));
#5621=DIRECTION('',(1.,0.,-1.83697019872103E-16));
#5622=DIRECTION('',(0.,-1.,0.));
#5623=DIRECTION('center_axis',(0.,1.,1.39303551858745E-14));
#5624=DIRECTION('ref_axis',(0.707106781186548,0.,-0.707106781186547));
#5625=DIRECTION('',(0.,-1.,-1.39303551858745E-14));
#5626=DIRECTION('center_axis',(0.,-1.,0.));
#5627=DIRECTION('ref_axis',(0.707106781186548,0.,-0.707106781186547));
#5628=DIRECTION('center_axis',(-1.,0.,0.));
#5629=DIRECTION('ref_axis',(0.,-1.,0.));
#5630=DIRECTION('',(0.,1.,0.));
#5631=DIRECTION('',(0.,0.,1.));
#5632=DIRECTION('center_axis',(1.,0.,-6.12323399573677E-17));
#5633=DIRECTION('ref_axis',(4.32978028117739E-17,0.707106781186561,0.707106781186534));
#5634=DIRECTION('center_axis',(-1.,0.,0.));
#5635=DIRECTION('ref_axis',(0.,0.,1.));
#5636=DIRECTION('',(-1.,0.,6.12323399573677E-17));
#5637=DIRECTION('',(1.,0.,-6.12323399573677E-17));
#5638=DIRECTION('center_axis',(0.,-1.,0.));
#5639=DIRECTION('ref_axis',(0.,0.,-1.));
#5640=DIRECTION('center_axis',(0.,0.,1.));
#5641=DIRECTION('ref_axis',(1.,0.,0.));
#5642=DIRECTION('center_axis',(0.,-1.,0.));
#5643=DIRECTION('ref_axis',(0.707106781186546,0.,0.707106781186549));
#5644=DIRECTION('center_axis',(0.,1.,0.));
#5645=DIRECTION('ref_axis',(0.707106781186546,0.,0.707106781186549));
#5646=DIRECTION('center_axis',(-1.22464679914735E-16,0.,-1.));
#5647=DIRECTION('ref_axis',(0.707106781186534,0.707106781186561,-8.65956056235476E-17));
#5648=DIRECTION('',(1.22464679914735E-16,0.,1.));
#5649=DIRECTION('',(-1.22464679914735E-16,0.,-1.));
#5650=DIRECTION('center_axis',(-1.,-1.39303551858745E-14,1.22464679914735E-16));
#5651=DIRECTION('ref_axis',(-1.39303551858745E-14,1.,1.70597648893669E-30));
#5652=DIRECTION('',(-1.39303551858745E-14,1.,8.52988244468346E-31));
#5653=DIRECTION('',(-1.22464679914735E-16,0.,-1.));
#5654=DIRECTION('',(0.,-1.,0.));
#5655=DIRECTION('center_axis',(1.39303551858745E-14,-1.,-8.52988244468346E-31));
#5656=DIRECTION('ref_axis',(0.707106781186548,0.,0.707106781186547));
#5657=DIRECTION('',(1.39303551858745E-14,-1.,-8.52988244468346E-31));
#5658=DIRECTION('center_axis',(0.,-1.,0.));
#5659=DIRECTION('ref_axis',(0.707106781186548,0.,0.707106781186547));
#5660=DIRECTION('center_axis',(-6.12323399573677E-17,0.,-1.));
#5661=DIRECTION('ref_axis',(0.,-1.,0.));
#5662=DIRECTION('',(0.,1.,0.));
#5663=DIRECTION('',(-1.,0.,6.12323399573677E-17));
#5664=DIRECTION('center_axis',(0.,1.,0.));
#5665=DIRECTION('ref_axis',(0.,0.,1.));
#5666=DIRECTION('center_axis',(0.,-1.,0.));
#5667=DIRECTION('ref_axis',(1.,0.,0.));
#5668=DIRECTION('center_axis',(0.,1.,0.));
#5669=DIRECTION('ref_axis',(0.,0.,1.));
#5670=DIRECTION('center_axis',(0.,-1.,0.));
#5671=DIRECTION('ref_axis',(1.,0.,0.));
#5672=DIRECTION('center_axis',(0.,1.,0.));
#5673=DIRECTION('ref_axis',(0.,0.,1.));
#5674=DIRECTION('center_axis',(0.,-1.,0.));
#5675=DIRECTION('ref_axis',(1.,0.,0.));
#5676=DIRECTION('center_axis',(0.,1.,0.));
#5677=DIRECTION('ref_axis',(0.,0.,1.));
#5678=DIRECTION('center_axis',(0.,1.,0.));
#5679=DIRECTION('ref_axis',(0.,0.,1.));
#5680=DIRECTION('center_axis',(-1.,0.,0.));
#5681=DIRECTION('ref_axis',(0.,0.,1.));
#5682=DIRECTION('',(0.,1.,0.));
#5683=DIRECTION('',(0.,1.,0.));
#5684=DIRECTION('center_axis',(0.,1.,0.));
#5685=DIRECTION('ref_axis',(0.0641509433962261,0.,-0.997940206856791));
#5686=DIRECTION('',(0.,1.,0.));
#5687=DIRECTION('center_axis',(0.,1.,0.));
#5688=DIRECTION('ref_axis',(0.962145391245579,0.,-0.272536687631027));
#5689=DIRECTION('center_axis',(-4.19101401831719E-16,0.,-1.));
#5690=DIRECTION('ref_axis',(-1.,0.,4.19101401831719E-16));
#5691=DIRECTION('',(0.,1.,0.));
#5692=DIRECTION('center_axis',(0.,1.,0.));
#5693=DIRECTION('ref_axis',(-0.0641509433962264,0.,-0.997940206856791));
#5694=DIRECTION('',(0.,1.,0.));
#5695=DIRECTION('center_axis',(0.,1.,0.));
#5696=DIRECTION('ref_axis',(-0.962145391245579,0.,-0.272536687631028));
#5697=DIRECTION('',(0.,1.,0.));
#5698=DIRECTION('center_axis',(-4.19101401831719E-16,0.,1.));
#5699=DIRECTION('ref_axis',(1.,0.,4.19101401831719E-16));
#5700=DIRECTION('',(0.,1.,0.));
#5701=DIRECTION('center_axis',(0.,1.,0.));
#5702=DIRECTION('ref_axis',(0.,0.,-1.));
#5703=DIRECTION('center_axis',(0.,1.,0.));
#5704=DIRECTION('ref_axis',(-1.,0.,0.));
#5705=DIRECTION('',(0.,1.,0.));
#5706=DIRECTION('center_axis',(0.,1.,0.));
#5707=DIRECTION('ref_axis',(0.0641509433962264,0.,0.997940206856791));
#5708=DIRECTION('center_axis',(0.,1.,0.));
#5709=DIRECTION('ref_axis',(0.,0.,1.));
#5710=DIRECTION('center_axis',(0.,-1.,0.));
#5711=DIRECTION('ref_axis',(1.,0.,0.));
#5712=DIRECTION('center_axis',(0.,-1.,0.));
#5713=DIRECTION('ref_axis',(1.,0.,0.));
#5714=DIRECTION('center_axis',(0.,-1.,0.));
#5715=DIRECTION('ref_axis',(1.,0.,0.));
#5716=DIRECTION('center_axis',(0.,-1.,0.));
#5717=DIRECTION('ref_axis',(-1.83697019872103E-16,0.,-1.));
#5718=DIRECTION('center_axis',(0.,-1.,0.));
#5719=DIRECTION('ref_axis',(-1.,0.,1.22464679914735E-16));
#5720=DIRECTION('center_axis',(0.,-1.,0.));
#5721=DIRECTION('ref_axis',(6.12323399573677E-17,0.,1.));
#5722=DIRECTION('center_axis',(0.,-1.,0.));
#5723=DIRECTION('ref_axis',(6.12323399573677E-17,0.,1.));
#5724=DIRECTION('center_axis',(0.,-1.,0.));
#5725=DIRECTION('ref_axis',(0.38268343236509,0.,-0.923879532511287));
#5726=DIRECTION('center_axis',(0.,1.,0.));
#5727=DIRECTION('ref_axis',(1.,0.,0.));
#5728=DIRECTION('',(-0.923879532511287,0.,-0.38268343236509));
#5729=DIRECTION('center_axis',(0.,1.,0.));
#5730=DIRECTION('ref_axis',(0.923879532511287,0.,0.38268343236509));
#5731=DIRECTION('',(-0.923879532511287,-4.82705663074918E-16,0.38268343236509));
#5732=DIRECTION('center_axis',(0.,1.,0.));
#5733=DIRECTION('ref_axis',(-0.38268343236509,0.,0.923879532511287));
#5734=DIRECTION('center_axis',(-0.38268343236509,0.,0.923879532511287));
#5735=DIRECTION('ref_axis',(0.923879532511287,0.,0.38268343236509));
#5736=DIRECTION('center_axis',(0.38268343236509,0.,0.923879532511287));
#5737=DIRECTION('ref_axis',(-0.923879532511287,0.,0.38268343236509));
#5738=DIRECTION('center_axis',(0.,1.,0.));
#5739=DIRECTION('ref_axis',(0.923879532511287,0.,0.38268343236509));
#5740=DIRECTION('center_axis',(0.,1.,0.));
#5741=DIRECTION('ref_axis',(-0.38268343236509,0.,0.923879532511287));
#5742=DIRECTION('center_axis',(0.,1.,0.));
#5743=DIRECTION('ref_axis',(-0.38268343236509,0.,0.923879532511287));
#5744=DIRECTION('center_axis',(-0.38268343236509,0.,0.923879532511287));
#5745=DIRECTION('ref_axis',(0.923879532511287,0.,0.38268343236509));
#5746=DIRECTION('center_axis',(-5.10479803601933E-15,1.,-1.30552388015096E-15));
#5747=DIRECTION('ref_axis',(0.923879532511287,5.21806908801458E-15,0.38268343236509));
#5748=DIRECTION('center_axis',(0.,1.,0.));
#5749=DIRECTION('ref_axis',(0.923879532511287,0.,0.38268343236509));
#5750=DIRECTION('',(0.,1.,0.));
#5751=DIRECTION('center_axis',(-6.19868332945205E-15,1.,-1.08793656679247E-15));
#5752=DIRECTION('ref_axis',(0.923879532511287,6.14788459040016E-15,0.38268343236509));
#5753=DIRECTION('',(1.13968036552662E-15,1.,-4.72071064171452E-16));
#5754=DIRECTION('center_axis',(0.,1.,0.));
#5755=DIRECTION('ref_axis',(-0.38268343236509,0.,0.923879532511287));
#5756=DIRECTION('center_axis',(-0.38268343236509,0.,0.923879532511287));
#5757=DIRECTION('ref_axis',(0.923879532511287,0.,0.38268343236509));
#5758=DIRECTION('center_axis',(-7.16256261107188E-15,1.,-1.09801907949283E-15));
#5759=DIRECTION('ref_axis',(0.923879532511287,7.03753824703328E-15,0.38268343236509));
#5760=DIRECTION('center_axis',(0.38268343236509,0.,0.923879532511287));
#5761=DIRECTION('ref_axis',(-1.37172714358754E-8,1.,5.68187986749265E-9));
#5762=DIRECTION('center_axis',(0.,1.,0.));
#5763=DIRECTION('ref_axis',(-0.38268343236509,0.,0.923879532511287));
#5764=DIRECTION('center_axis',(0.,-1.,0.));
#5765=DIRECTION('ref_axis',(1.,0.,0.));
#5766=DIRECTION('',(0.923879532511287,-1.25023904229299E-16,-0.38268343236509));
#5767=DIRECTION('',(0.923879532511287,0.,0.38268343236509));
#5768=DIRECTION('center_axis',(0.,-1.,0.));
#5769=DIRECTION('ref_axis',(0.,0.,-1.));
#5770=DIRECTION('center_axis',(0.,-1.,0.));
#5771=DIRECTION('ref_axis',(1.,0.,0.));
#5772=DIRECTION('center_axis',(0.,1.,0.));
#5773=DIRECTION('ref_axis',(1.,0.,0.));
#5774=DIRECTION('center_axis',(0.,1.,0.));
#5775=DIRECTION('ref_axis',(1.,0.,0.));
#5776=DIRECTION('center_axis',(0.,-1.,0.));
#5777=DIRECTION('ref_axis',(-1.,0.,1.83697019872103E-16));
#5778=DIRECTION('center_axis',(0.,-1.,0.));
#5779=DIRECTION('ref_axis',(1.,0.,0.));
#5780=DIRECTION('center_axis',(0.,-1.,0.));
#5781=DIRECTION('ref_axis',(-1.,0.,1.22464679914735E-16));
#5782=DIRECTION('center_axis',(0.,-1.,0.));
#5783=DIRECTION('ref_axis',(1.,0.,0.));
#5784=DIRECTION('center_axis',(0.,-1.,0.));
#5785=DIRECTION('ref_axis',(-1.,0.,1.83697019872103E-16));
#5786=DIRECTION('center_axis',(0.,-1.,0.));
#5787=DIRECTION('ref_axis',(1.,0.,0.));
#5788=DIRECTION('center_axis',(0.,-1.,0.));
#5789=DIRECTION('ref_axis',(-1.,0.,1.83697019872103E-16));
#5790=DIRECTION('center_axis',(0.,-1.,0.));
#5791=DIRECTION('ref_axis',(1.,0.,0.));
#5792=DIRECTION('center_axis',(0.,-1.,0.));
#5793=DIRECTION('ref_axis',(-1.,0.,1.83697019872103E-16));
#5794=DIRECTION('center_axis',(0.,-1.,0.));
#5795=DIRECTION('ref_axis',(1.,0.,0.));
#5796=DIRECTION('center_axis',(0.,-1.,0.));
#5797=DIRECTION('ref_axis',(-1.,0.,1.83697019872103E-16));
#5798=DIRECTION('center_axis',(0.,-1.,0.));
#5799=DIRECTION('ref_axis',(1.,0.,0.));
#5800=DIRECTION('center_axis',(0.,1.,0.));
#5801=DIRECTION('ref_axis',(0.,0.,1.));
#5802=DIRECTION('center_axis',(0.,-1.,0.));
#5803=DIRECTION('ref_axis',(1.,0.,0.));
#5804=DIRECTION('center_axis',(0.,-1.,0.));
#5805=DIRECTION('ref_axis',(1.,0.,0.));
#5806=DIRECTION('center_axis',(0.,-1.,0.));
#5807=DIRECTION('ref_axis',(1.,0.,0.));
#5808=DIRECTION('',(0.,-1.,0.));
#5809=DIRECTION('center_axis',(0.,1.,0.));
#5810=DIRECTION('ref_axis',(1.,0.,0.));
#5811=DIRECTION('',(0.,1.,0.));
#5812=CARTESIAN_POINT('',(0.,0.,0.));
#5813=CARTESIAN_POINT('Origin',(0.,11.575,0.));
#5814=CARTESIAN_POINT('',(4.96421837741778,17.1778571428571,0.596938775510204));
#5815=CARTESIAN_POINT('',(4.96421837741778,17.1778571428571,-0.596938775510204));
#5816=CARTESIAN_POINT('Ctrl Pts',(4.96421837741778,17.1778571428571,0.596938775510204));
#5817=CARTESIAN_POINT('Ctrl Pts',(4.96421837741778,17.2528872405467,0.596938775510204));
#5818=CARTESIAN_POINT('Ctrl Pts',(4.96609486191952,17.3328690988966,0.58192932470791));
#5819=CARTESIAN_POINT('Ctrl Pts',(4.97285753349484,17.4799210268522,0.520987391679687));
#5820=CARTESIAN_POINT('Ctrl Pts',(4.97764441910576,17.5469972576064,0.475058797483613));
#5821=CARTESIAN_POINT('Ctrl Pts',(4.98661810139078,17.6529155726473,0.36914048244272));
#5822=CARTESIAN_POINT('Ctrl Pts',(4.99139005792012,17.6988444547417,0.302064091555754));
#5823=CARTESIAN_POINT('Ctrl Pts',(4.99811852824973,17.759786599542,0.155011622564858));
#5824=CARTESIAN_POINT('Ctrl Pts',(4.99998,17.7747959183673,0.0750295767602098));
#5825=CARTESIAN_POINT('Ctrl Pts',(4.99998,17.7747959183673,-0.0750295767602099));
#5826=CARTESIAN_POINT('Ctrl Pts',(4.99811852824973,17.759786599542,-0.155011622564858));
#5827=CARTESIAN_POINT('Ctrl Pts',(4.99139005792012,17.6988444547417,-0.302064091555754));
#5828=CARTESIAN_POINT('Ctrl Pts',(4.98661810139078,17.6529155726473,-0.36914048244272));
#5829=CARTESIAN_POINT('Ctrl Pts',(4.97764441910576,17.5469972576064,-0.475058797483613));
#5830=CARTESIAN_POINT('Ctrl Pts',(4.97285753349484,17.4799210268522,-0.520987391679687));
#5831=CARTESIAN_POINT('Ctrl Pts',(4.96609486191952,17.3328690988966,-0.581929324707911));
#5832=CARTESIAN_POINT('Ctrl Pts',(4.96421837741778,17.2528872405467,-0.596938775510204));
#5833=CARTESIAN_POINT('Ctrl Pts',(4.96421837741778,17.1778571428571,-0.596938775510204));
#5834=CARTESIAN_POINT('',(4.96423852149475,15.5721428571429,0.596938775510204));
#5835=CARTESIAN_POINT('',(4.96423852149475,11.575,0.596938775510204));
#5836=CARTESIAN_POINT('',(4.96423852149475,15.5721428506187,-0.596938775510204));
#5837=CARTESIAN_POINT('Ctrl Pts',(4.96423852149475,15.5721428571429,0.596938775510204));
#5838=CARTESIAN_POINT('Ctrl Pts',(4.96423852149475,15.4971127600768,0.596938775510204));
#5839=CARTESIAN_POINT('Ctrl Pts',(4.96611499834659,15.41713090199,0.581929324950567));
#5840=CARTESIAN_POINT('Ctrl Pts',(4.97287764252261,15.2700789738589,0.520987392099189));
#5841=CARTESIAN_POINT('Ctrl Pts',(4.97766450880532,15.2030027427165,0.475058797806563));
#5842=CARTESIAN_POINT('Ctrl Pts',(4.98663815499319,15.0970844270238,0.369140482113849));
#5843=CARTESIAN_POINT('Ctrl Pts',(4.9914100923744,15.0511555448376,0.30206409084124));
#5844=CARTESIAN_POINT('Ctrl Pts',(4.99813853571786,14.9902134002174,0.155011621683595));
#5845=CARTESIAN_POINT('Ctrl Pts',(5.,14.9752040816327,0.0750295761451734));
#5846=CARTESIAN_POINT('Ctrl Pts',(5.,14.9752040816327,-0.0750295761451735));
#5847=CARTESIAN_POINT('Ctrl Pts',(4.99813853571786,14.9902134002174,-0.155011621683597));
#5848=CARTESIAN_POINT('Ctrl Pts',(4.9914100923744,15.0511555448376,-0.302064090841241));
#5849=CARTESIAN_POINT('Ctrl Pts',(4.98663815499319,15.0970844270238,-0.369140482113849));
#5850=CARTESIAN_POINT('Ctrl Pts',(4.97766450880532,15.2030027427165,-0.475058797806564));
#5851=CARTESIAN_POINT('Ctrl Pts',(4.97287764252261,15.2700789738589,-0.520987392099189));
#5852=CARTESIAN_POINT('Ctrl Pts',(4.96611499834659,15.41713090199,-0.581929324950567));
#5853=CARTESIAN_POINT('Ctrl Pts',(4.96423852149475,15.4971127600768,-0.596938775510204));
#5854=CARTESIAN_POINT('Ctrl Pts',(4.96423852149475,15.5721428571429,-0.596938775510204));
#5855=CARTESIAN_POINT('',(4.96421837741778,11.575,-0.596938775510204));
#5856=CARTESIAN_POINT('',(4.97903810073424,15.5721428571429,0.457142857142857));
#5857=CARTESIAN_POINT('',(4.97903810073424,15.5721428571429,-0.457142857142857));
#5858=CARTESIAN_POINT('Ctrl Pts',(4.97903810073424,15.5721428571429,0.457142857142857));
#5859=CARTESIAN_POINT('Ctrl Pts',(4.97903810073424,15.5147084847041,0.457142857142857));
#5860=CARTESIAN_POINT('Ctrl Pts',(4.98013425605419,15.4534678436537,0.445658013347228));
#5861=CARTESIAN_POINT('Ctrl Pts',(4.98408981605854,15.340846836091,0.398994958191511));
#5862=CARTESIAN_POINT('Ctrl Pts',(4.98689170787836,15.2894637299745,0.363818501345087));
#5863=CARTESIAN_POINT('Ctrl Pts',(4.99214836085339,15.208324452142,0.282679223512571));
#5864=CARTESIAN_POINT('Ctrl Pts',(4.99494513437188,15.1731479203096,0.231296075005465));
#5865=CARTESIAN_POINT('Ctrl Pts',(4.99888897971818,15.1264848086044,0.118674926149758));
#5866=CARTESIAN_POINT('Ctrl Pts',(4.99998,15.115,0.0574342360444802));
#5867=CARTESIAN_POINT('Ctrl Pts',(4.99998,15.115,-0.0574342360444803));
#5868=CARTESIAN_POINT('Ctrl Pts',(4.99888897971818,15.1264848086044,-0.118674926149758));
#5869=CARTESIAN_POINT('Ctrl Pts',(4.99494513437188,15.1731479203096,-0.231296075005465));
#5870=CARTESIAN_POINT('Ctrl Pts',(4.99214836085339,15.208324452142,-0.282679223512571));
#5871=CARTESIAN_POINT('Ctrl Pts',(4.98689170787836,15.2894637299745,-0.363818501345087));
#5872=CARTESIAN_POINT('Ctrl Pts',(4.98408981605854,15.340846836091,-0.398994958191511));
#5873=CARTESIAN_POINT('Ctrl Pts',(4.98013425605419,15.4534678436537,-0.445658013347228));
#5874=CARTESIAN_POINT('Ctrl Pts',(4.97903810073424,15.5147084847041,-0.457142857142857));
#5875=CARTESIAN_POINT('Ctrl Pts',(4.97903810073424,15.5721428571429,-0.457142857142857));
#5876=CARTESIAN_POINT('',(4.97905818485417,17.1778571428571,0.457142857142857));
#5877=CARTESIAN_POINT('',(4.97905818485417,11.575,0.457142857142857));
#5878=CARTESIAN_POINT('',(4.97905818485417,17.1778571428571,-0.457142857142857));
#5879=CARTESIAN_POINT('Ctrl Pts',(4.97905818485417,17.1778571428571,0.457142857142857));
#5880=CARTESIAN_POINT('Ctrl Pts',(4.97905818485417,17.2352915150182,0.457142857142857));
#5881=CARTESIAN_POINT('Ctrl Pts',(4.98015433574047,17.2965321559504,0.445658013455473));
#5882=CARTESIAN_POINT('Ctrl Pts',(4.98410987980353,17.4091531635904,0.39899495837931));
#5883=CARTESIAN_POINT('Ctrl Pts',(4.98691176035397,17.4605362698803,0.363818501490253));
#5884=CARTESIAN_POINT('Ctrl Pts',(4.99216839223304,17.5416755480047,0.282679223365858));
#5885=CARTESIAN_POINT('Ctrl Pts',(4.99496515454374,17.5768520798785,0.231296074686011));
#5886=CARTESIAN_POINT('Ctrl Pts',(4.99890898408989,17.6235151915033,0.118674925755241));
#5887=CARTESIAN_POINT('Ctrl Pts',(5.,17.635,0.0574342357690512));
#5888=CARTESIAN_POINT('Ctrl Pts',(5.,17.635,-0.0574342357690512));
#5889=CARTESIAN_POINT('Ctrl Pts',(4.99890898408989,17.6235151915033,-0.118674925755241));
#5890=CARTESIAN_POINT('Ctrl Pts',(4.99496515454374,17.5768520798785,-0.231296074686011));
#5891=CARTESIAN_POINT('Ctrl Pts',(4.99216839223304,17.5416755480047,-0.282679223365858));
#5892=CARTESIAN_POINT('Ctrl Pts',(4.98691176035397,17.4605362698803,-0.363818501490253));
#5893=CARTESIAN_POINT('Ctrl Pts',(4.98410987980353,17.4091531635904,-0.39899495837931));
#5894=CARTESIAN_POINT('Ctrl Pts',(4.98015433574047,17.2965321559504,-0.445658013455473));
#5895=CARTESIAN_POINT('Ctrl Pts',(4.97905818485417,17.2352915150182,-0.457142857142857));
#5896=CARTESIAN_POINT('Ctrl Pts',(4.97905818485417,17.1778571428571,-0.457142857142857));
#5897=CARTESIAN_POINT('',(4.97903810073424,11.575,-0.457142857142857));
#5898=CARTESIAN_POINT('Origin',(0.,11.575,0.));
#5899=CARTESIAN_POINT('',(4.61939766255643,3.55,1.91341716182545));
#5900=CARTESIAN_POINT('',(4.61939766255643,19.6,1.91341716182545));
#5901=CARTESIAN_POINT('',(4.61939766255643,11.575,1.91341716182545));
#5902=CARTESIAN_POINT('',(4.61937918496578,3.55,-1.9134095081568));
#5903=CARTESIAN_POINT('Origin',(-5.02234565543121E-15,3.54999999999997,
-2.38074787101502E-15));
#5904=CARTESIAN_POINT('',(4.61937918496578,19.6,-1.9134095081568));
#5905=CARTESIAN_POINT('',(4.61937918496578,19.6,-1.9134095081568));
#5906=CARTESIAN_POINT('Origin',(-5.02234565543121E-15,19.6,-2.38074787101502E-15));
#5907=CARTESIAN_POINT('',(4.96421837741778,9.94035714285714,0.596938775510204));
#5908=CARTESIAN_POINT('',(4.96423852149475,8.33464285714286,0.596938775510204));
#5909=CARTESIAN_POINT('',(4.96423852149475,11.575,0.596938775510204));
#5910=CARTESIAN_POINT('',(4.96421837741778,9.94035714285714,-0.596938775510204));
#5911=CARTESIAN_POINT('Ctrl Pts',(4.96421837741778,9.94035714285714,0.596938775510204));
#5912=CARTESIAN_POINT('Ctrl Pts',(4.96421837741778,10.0153872405467,0.596938775510204));
#5913=CARTESIAN_POINT('Ctrl Pts',(4.96609486191952,10.0953690988966,0.58192932470791));
#5914=CARTESIAN_POINT('Ctrl Pts',(4.97285753349484,10.2424210268522,0.520987391679687));
#5915=CARTESIAN_POINT('Ctrl Pts',(4.97764441910576,10.3094972576065,0.475058797483613));
#5916=CARTESIAN_POINT('Ctrl Pts',(4.98661810139078,10.4154155726473,0.36914048244272));
#5917=CARTESIAN_POINT('Ctrl Pts',(4.99139005792012,10.4613444547417,0.302064091555754));
#5918=CARTESIAN_POINT('Ctrl Pts',(4.99811852824973,10.522286599542,0.155011622564858));
#5919=CARTESIAN_POINT('Ctrl Pts',(4.99998,10.5372959183673,0.0750295767602098));
#5920=CARTESIAN_POINT('Ctrl Pts',(4.99998,10.5372959183673,-0.0750295767602096));
#5921=CARTESIAN_POINT('Ctrl Pts',(4.99811852824973,10.522286599542,-0.155011622564857));
#5922=CARTESIAN_POINT('Ctrl Pts',(4.99139005792012,10.4613444547417,-0.302064091555754));
#5923=CARTESIAN_POINT('Ctrl Pts',(4.98661810139078,10.4154155726473,-0.36914048244272));
#5924=CARTESIAN_POINT('Ctrl Pts',(4.97764441910576,10.3094972576065,-0.475058797483613));
#5925=CARTESIAN_POINT('Ctrl Pts',(4.97285753349484,10.2424210268522,-0.520987391679687));
#5926=CARTESIAN_POINT('Ctrl Pts',(4.96609486191952,10.0953690988966,-0.58192932470791));
#5927=CARTESIAN_POINT('Ctrl Pts',(4.96421837741778,10.0153872405467,-0.596938775510204));
#5928=CARTESIAN_POINT('Ctrl Pts',(4.96421837741778,9.94035714285714,-0.596938775510204));
#5929=CARTESIAN_POINT('',(4.96423852149475,8.3346428492438,-0.596938775510204));
#5930=CARTESIAN_POINT('',(4.96421837741778,11.575,-0.596938775510204));
#5931=CARTESIAN_POINT('Ctrl Pts',(4.96423852149475,8.33464285714286,0.596938775510204));
#5932=CARTESIAN_POINT('Ctrl Pts',(4.96423852149475,8.25961276007678,0.596938775510204));
#5933=CARTESIAN_POINT('Ctrl Pts',(4.96611499834659,8.17963090199003,0.581929324950567));
#5934=CARTESIAN_POINT('Ctrl Pts',(4.97287764252261,8.03257897385892,0.520987392099189));
#5935=CARTESIAN_POINT('Ctrl Pts',(4.97766450880532,7.9655027427165,0.475058797806563));
#5936=CARTESIAN_POINT('Ctrl Pts',(4.98663815499319,7.85958442702379,0.369140482113849));
#5937=CARTESIAN_POINT('Ctrl Pts',(4.9914100923744,7.81365554483756,0.30206409084124));
#5938=CARTESIAN_POINT('Ctrl Pts',(4.99813853571786,7.7527134002174,0.155011621683596));
#5939=CARTESIAN_POINT('Ctrl Pts',(5.,7.73770408163265,0.0750295761451733));
#5940=CARTESIAN_POINT('Ctrl Pts',(5.,7.73770408163265,-0.0750295761451735));
#5941=CARTESIAN_POINT('Ctrl Pts',(4.99813853571786,7.7527134002174,-0.155011621683596));
#5942=CARTESIAN_POINT('Ctrl Pts',(4.9914100923744,7.81365554483756,-0.302064090841241));
#5943=CARTESIAN_POINT('Ctrl Pts',(4.98663815499319,7.85958442702379,-0.369140482113849));
#5944=CARTESIAN_POINT('Ctrl Pts',(4.97766450880532,7.9655027427165,-0.475058797806564));
#5945=CARTESIAN_POINT('Ctrl Pts',(4.97287764252261,8.03257897385892,-0.520987392099189));
#5946=CARTESIAN_POINT('Ctrl Pts',(4.96611499834659,8.17963090199003,-0.581929324950567));
#5947=CARTESIAN_POINT('Ctrl Pts',(4.96423852149475,8.25961276007678,-0.596938775510204));
#5948=CARTESIAN_POINT('Ctrl Pts',(4.96423852149475,8.33464285714286,-0.596938775510204));
#5949=CARTESIAN_POINT('Origin',(0.,11.575,0.));
#5950=CARTESIAN_POINT('',(4.97903810073424,8.33464285714286,0.457142857142857));
#5951=CARTESIAN_POINT('',(4.97903810073424,8.33464285714286,-0.457142857142857));
#5952=CARTESIAN_POINT('Ctrl Pts',(4.97903810073424,8.33464285714286,0.457142857142857));
#5953=CARTESIAN_POINT('Ctrl Pts',(4.97903810073424,8.27720848470415,0.457142857142857));
#5954=CARTESIAN_POINT('Ctrl Pts',(4.98013425605419,8.21596784365372,0.445658013347228));
#5955=CARTESIAN_POINT('Ctrl Pts',(4.98408981605854,8.10334683609097,0.398994958191511));
#5956=CARTESIAN_POINT('Ctrl Pts',(4.98689170787836,8.05196372997453,0.363818501345087));
#5957=CARTESIAN_POINT('Ctrl Pts',(4.99214836085339,7.97082445214201,0.282679223512571));
#5958=CARTESIAN_POINT('Ctrl Pts',(4.99494513437188,7.9356479203096,0.231296075005465));
#5959=CARTESIAN_POINT('Ctrl Pts',(4.99888897971818,7.88898480860439,0.118674926149758));
#5960=CARTESIAN_POINT('Ctrl Pts',(4.99998,7.8775,0.0574342360444802));
#5961=CARTESIAN_POINT('Ctrl Pts',(4.99998,7.8775,-0.0574342360444803));
#5962=CARTESIAN_POINT('Ctrl Pts',(4.99888897971818,7.88898480860439,-0.118674926149758));
#5963=CARTESIAN_POINT('Ctrl Pts',(4.99494513437188,7.9356479203096,-0.231296075005465));
#5964=CARTESIAN_POINT('Ctrl Pts',(4.99214836085339,7.97082445214201,-0.282679223512572));
#5965=CARTESIAN_POINT('Ctrl Pts',(4.98689170787836,8.05196372997453,-0.363818501345087));
#5966=CARTESIAN_POINT('Ctrl Pts',(4.98408981605854,8.10334683609097,-0.398994958191511));
#5967=CARTESIAN_POINT('Ctrl Pts',(4.98013425605419,8.21596784365372,-0.445658013347228));
#5968=CARTESIAN_POINT('Ctrl Pts',(4.97903810073424,8.27720848470415,-0.457142857142857));
#5969=CARTESIAN_POINT('Ctrl Pts',(4.97903810073424,8.33464285714286,-0.457142857142857));
#5970=CARTESIAN_POINT('',(4.97905818485417,9.94035714285714,0.457142857142857));
#5971=CARTESIAN_POINT('',(4.97905818485417,11.575,0.457142857142857));
#5972=CARTESIAN_POINT('',(4.97905818485417,9.94035714285714,-0.457142857142857));
#5973=CARTESIAN_POINT('Ctrl Pts',(4.97905818485417,9.94035714285714,0.457142857142857));
#5974=CARTESIAN_POINT('Ctrl Pts',(4.97905818485417,9.99779151501823,0.457142857142857));
#5975=CARTESIAN_POINT('Ctrl Pts',(4.98015433574047,10.0590321559504,0.445658013455473));
#5976=CARTESIAN_POINT('Ctrl Pts',(4.98410987980353,10.1716531635905,0.39899495837931));
#5977=CARTESIAN_POINT('Ctrl Pts',(4.98691176035397,10.2230362698803,0.363818501490253));
#5978=CARTESIAN_POINT('Ctrl Pts',(4.99216839223304,10.3041755480047,0.282679223365858));
#5979=CARTESIAN_POINT('Ctrl Pts',(4.99496515454374,10.3393520798785,0.231296074686011));
#5980=CARTESIAN_POINT('Ctrl Pts',(4.99890898408989,10.3860151915033,0.118674925755241));
#5981=CARTESIAN_POINT('Ctrl Pts',(5.,10.3975,0.0574342357690512));
#5982=CARTESIAN_POINT('Ctrl Pts',(5.,10.3975,-0.0574342357690512));
#5983=CARTESIAN_POINT('Ctrl Pts',(4.99890898408989,10.3860151915033,-0.118674925755241));
#5984=CARTESIAN_POINT('Ctrl Pts',(4.99496515454374,10.3393520798785,-0.231296074686011));
#5985=CARTESIAN_POINT('Ctrl Pts',(4.99216839223304,10.3041755480047,-0.282679223365858));
#5986=CARTESIAN_POINT('Ctrl Pts',(4.98691176035397,10.2230362698803,-0.363818501490253));
#5987=CARTESIAN_POINT('Ctrl Pts',(4.98410987980353,10.1716531635905,-0.39899495837931));
#5988=CARTESIAN_POINT('Ctrl Pts',(4.98015433574047,10.0590321559504,-0.445658013455473));
#5989=CARTESIAN_POINT('Ctrl Pts',(4.97905818485417,9.99779151501823,-0.457142857142857));
#5990=CARTESIAN_POINT('Ctrl Pts',(4.97905818485417,9.94035714285714,-0.457142857142857));
#5991=CARTESIAN_POINT('',(4.97903810073424,11.575,-0.457142857142857));
#5992=CARTESIAN_POINT('Origin',(0.,11.575,0.));
#5993=CARTESIAN_POINT('Origin',(0.,0.625,0.));
#5994=CARTESIAN_POINT('',(4.98516800122122,0.85,0.384577690460592));
#5995=CARTESIAN_POINT('',(4.98516800122122,0.849999999999999,-0.384577690460591));
#5996=CARTESIAN_POINT('Ctrl Pts',(4.98516800122122,0.850000000000002,0.384577690460588));
#5997=CARTESIAN_POINT('Ctrl Pts',(4.98655814770186,0.821959077302914,0.366557628652062));
#5998=CARTESIAN_POINT('Ctrl Pts',(4.98806759377793,0.796313296008753,0.345668067379309));
#5999=CARTESIAN_POINT('Ctrl Pts',(4.99214836085339,0.733324452142015,0.282679223512572));
#6000=CARTESIAN_POINT('Ctrl Pts',(4.99494513437188,0.698147920309606,0.231296075005465));
#6001=CARTESIAN_POINT('Ctrl Pts',(4.99888897971818,0.651484808604397,0.118674926149758));
#6002=CARTESIAN_POINT('Ctrl Pts',(4.99998,0.640000000000002,0.0574342360444802));
#6003=CARTESIAN_POINT('Ctrl Pts',(4.99998,0.640000000000002,-0.0574342360444801));
#6004=CARTESIAN_POINT('Ctrl Pts',(4.99888897971818,0.651484808604397,-0.118674926149758));
#6005=CARTESIAN_POINT('Ctrl Pts',(4.99494513437188,0.698147920309606,-0.231296075005465));
#6006=CARTESIAN_POINT('Ctrl Pts',(4.99214836085339,0.733324452142015,-0.282679223512571));
#6007=CARTESIAN_POINT('Ctrl Pts',(4.98806759377793,0.796313296008753,-0.345668067379309));
#6008=CARTESIAN_POINT('Ctrl Pts',(4.98655814770186,0.821959077302914,-0.366557628652061));
#6009=CARTESIAN_POINT('Ctrl Pts',(4.98516800122122,0.850000000000001,-0.384577690460588));
#6010=CARTESIAN_POINT('',(4.97036655494634,0.85,0.543374925692092));
#6011=CARTESIAN_POINT('Origin',(-5.21655385160245E-15,0.849999999999974,
-3.36246409662264E-15));
#6012=CARTESIAN_POINT('',(4.97036655494634,0.849999999999999,-0.543374925692092));
#6013=CARTESIAN_POINT('Ctrl Pts',(4.97036655494634,0.849999999999999,-0.543374925692091));
#6014=CARTESIAN_POINT('Ctrl Pts',(4.97366151912467,0.783733954761813,-0.513235184277149));
#6015=CARTESIAN_POINT('Ctrl Pts',(4.97802567753233,0.723502666632563,-0.470558721722624));
#6016=CARTESIAN_POINT('Ctrl Pts',(4.98661810139078,0.622084427352659,-0.36914048244272));
#6017=CARTESIAN_POINT('Ctrl Pts',(4.99139005792012,0.576155545258332,-0.302064091555754));
#6018=CARTESIAN_POINT('Ctrl Pts',(4.99811852824973,0.515213400457961,-0.155011622564858));
#6019=CARTESIAN_POINT('Ctrl Pts',(4.99998,0.500204081632655,-0.07502957676021));
#6020=CARTESIAN_POINT('Ctrl Pts',(4.99998,0.500204081632655,0.0750295767602098));
#6021=CARTESIAN_POINT('Ctrl Pts',(4.99811852824973,0.515213400457961,0.155011622564858));
#6022=CARTESIAN_POINT('Ctrl Pts',(4.99139005792012,0.576155545258332,0.302064091555754));
#6023=CARTESIAN_POINT('Ctrl Pts',(4.98661810139078,0.622084427352659,0.369140482442719));
#6024=CARTESIAN_POINT('Ctrl Pts',(4.97802567753233,0.723502666632564,0.470558721722624));
#6025=CARTESIAN_POINT('Ctrl Pts',(4.97366151912467,0.783733954761813,0.513235184277149));
#6026=CARTESIAN_POINT('Ctrl Pts',(4.97036655494634,0.85,0.543374925692092));
#6027=CARTESIAN_POINT('Origin',(-5.21655385160245E-15,0.849999999999974,
-3.36246409662264E-15));
#6028=CARTESIAN_POINT('Origin',(0.,2.2,0.));
#6029=CARTESIAN_POINT('',(4.84507678317733,2.96999954030689,0.370964326220535));
#6030=CARTESIAN_POINT('',(4.7273580884092,2.70285714285714,0.457142857142857));
#6031=CARTESIAN_POINT('Ctrl Pts',(4.84505859229671,2.97000916666667,0.37095739379504));
#6032=CARTESIAN_POINT('Ctrl Pts',(4.82236532854353,2.930358941244,0.399512257893588));
#6033=CARTESIAN_POINT('Ctrl Pts',(4.79951904838312,2.88604145332462,0.421773035180228));
#6034=CARTESIAN_POINT('Ctrl Pts',(4.75952694431621,2.79537058719019,0.449965898160687));
#6035=CARTESIAN_POINT('Ctrl Pts',(4.74211856810063,2.74969182966033,0.457142857142857));
#6036=CARTESIAN_POINT('Ctrl Pts',(4.7273580884092,2.70285714285714,0.457142857142857));
#6037=CARTESIAN_POINT('',(4.82984516391314,2.97,0.533826372133461));
#6038=CARTESIAN_POINT('Origin',(-9.1949633953538E-16,2.96999999999997,-6.81292039997795E-16));
#6039=CARTESIAN_POINT('',(4.71175835700024,2.70286018557146,0.596938774694438));
#6040=CARTESIAN_POINT('Ctrl Pts',(4.82984516391314,2.97,0.533826372133461));
#6041=CARTESIAN_POINT('Ctrl Pts',(4.80646994208403,2.92928648340429,0.554200646833011));
#6042=CARTESIAN_POINT('Ctrl Pts',(4.78409794390746,2.88574451327082,0.570171765366784));
#6043=CARTESIAN_POINT('Ctrl Pts',(4.74421509889493,2.79589336194695,0.591384306444926));
#6044=CARTESIAN_POINT('Ctrl Pts',(4.72665464151792,2.74993567258133,0.596938775026828));
#6045=CARTESIAN_POINT('Ctrl Pts',(4.7117679600698,2.70285714898618,0.596938775510204));
#6046=CARTESIAN_POINT('',(4.82243364382464,1.42999083333333,0.596938775510204));
#6047=CARTESIAN_POINT('Ctrl Pts',(4.82243364382464,1.42999083333333,0.596938775510204));
#6048=CARTESIAN_POINT('Ctrl Pts',(4.80000612627635,1.473151906297,0.596938775510204));
#6049=CARTESIAN_POINT('Ctrl Pts',(4.77994049357564,1.51640717635154,0.596938775510204));
#6050=CARTESIAN_POINT('Ctrl Pts',(4.68283921764973,1.74969779407404,0.596938775510204));
#6051=CARTESIAN_POINT('Ctrl Pts',(4.63409866737832,1.99312095132258,0.596938775510204));
#6052=CARTESIAN_POINT('Ctrl Pts',(4.63409866737832,2.35939518423812,0.596938775510204));
#6053=CARTESIAN_POINT('Ctrl Pts',(4.66063781145857,2.5412248524548,0.596938775510204));
#6054=CARTESIAN_POINT('Ctrl Pts',(4.71174683153075,2.70285714898618,0.596938775510204));
#6055=CARTESIAN_POINT('',(4.83768772854994,1.42999083333333,0.457142857142857));
#6056=CARTESIAN_POINT('Origin',(-9.1949633953538E-16,1.42999999999997,-6.81292039997795E-16));
#6057=CARTESIAN_POINT('Ctrl Pts',(4.7273580884092,2.70285714285714,0.457142857142857));
#6058=CARTESIAN_POINT('Ctrl Pts',(4.67640066826871,2.54117033711173,0.457142857142857));
#6059=CARTESIAN_POINT('Ctrl Pts',(4.64997062021561,2.35937449269149,0.457142857142857));
#6060=CARTESIAN_POINT('Ctrl Pts',(4.64997062021561,1.99293071917651,0.457142857142857));
#6061=CARTESIAN_POINT('Ctrl Pts',(4.69862748949365,1.74925803207442,0.457142857142857));
#6062=CARTESIAN_POINT('Ctrl Pts',(4.79553732900512,1.51595835985349,0.457142857142857));
#6063=CARTESIAN_POINT('Ctrl Pts',(4.81544474483068,1.47293217822819,0.457142857142857));
#6064=CARTESIAN_POINT('Ctrl Pts',(4.83768772854994,1.42999083333333,0.457142857142857));
#6065=CARTESIAN_POINT('Origin',(0.,0.85,0.));
#6066=CARTESIAN_POINT('',(4.9545666287746,1.09714285714286,0.457142857142857));
#6067=CARTESIAN_POINT('Ctrl Pts',(4.95456662877459,1.09714285714291,0.457142857142857));
#6068=CARTESIAN_POINT('Ctrl Pts',(4.96301855146887,1.05487973623521,0.457142857142862));
#6069=CARTESIAN_POINT('Ctrl Pts',(4.96973819903289,1.01259211934266,0.451289110518446));
#6070=CARTESIAN_POINT('Ctrl Pts',(4.97998852243244,0.92861560469808,0.427273918974373));
#6071=CARTESIAN_POINT('Ctrl Pts',(4.983299368112,0.887692572181909,0.408800234339677));
#6072=CARTESIAN_POINT('Ctrl Pts',(4.98516800122122,0.849999999999994,0.384577690460583));
#6073=CARTESIAN_POINT('Ctrl Pts',(4.83768772854994,1.42999083333333,0.457142857142857));
#6074=CARTESIAN_POINT('Ctrl Pts',(4.85446625037272,1.39759894286074,0.457142857142857));
#6075=CARTESIAN_POINT('Ctrl Pts',(4.8694793694501,1.36514132910756,0.457142857142857));
#6076=CARTESIAN_POINT('Ctrl Pts',(4.91246531611699,1.261601690816,0.457142857142857));
#6077=CARTESIAN_POINT('Ctrl Pts',(4.93794317268095,1.1802670361258,0.457142857142857));
#6078=CARTESIAN_POINT('Ctrl Pts',(4.9545666287746,1.09714285714286,0.457142857142857));
#6079=CARTESIAN_POINT('',(4.93967348933527,1.09714285101383,0.596938775510204));
#6080=CARTESIAN_POINT('Ctrl Pts',(4.93967348933527,1.09714285101382,0.596938775510204));
#6081=CARTESIAN_POINT('Ctrl Pts',(4.92304145087281,1.18005995206598,0.596938775510204));
#6082=CARTESIAN_POINT('Ctrl Pts',(4.8975767123079,1.26117864245759,0.596938775510204));
#6083=CARTESIAN_POINT('Ctrl Pts',(4.85451435782309,1.36473401140578,0.596938775510204));
#6084=CARTESIAN_POINT('Ctrl Pts',(4.83936887353399,1.39739950067388,0.596938775510204));
#6085=CARTESIAN_POINT('Ctrl Pts',(4.82243364382464,1.42999083333333,0.596938775510204));
#6086=CARTESIAN_POINT('Ctrl Pts',(4.97036655494634,0.849999999999995,0.543374925692089));
#6087=CARTESIAN_POINT('Ctrl Pts',(4.96838185285703,0.889914958499176,0.561529419798828));
#6088=CARTESIAN_POINT('Ctrl Pts',(4.96487975779616,0.931564520399617,0.57516871817384));
#6089=CARTESIAN_POINT('Ctrl Pts',(4.95453861277767,1.01489226983491,0.592704764134501));
#6090=CARTESIAN_POINT('Ctrl Pts',(4.94791118374816,1.05607478005024,0.59693877508854));
#6091=CARTESIAN_POINT('Ctrl Pts',(4.93967348933527,1.09714285101383,0.596938775510204));
#6092=CARTESIAN_POINT('Origin',(0.,0.85,0.));
#6093=CARTESIAN_POINT('',(4.83770558334461,1.43,-0.457142857142857));
#6094=CARTESIAN_POINT('',(4.95457647349667,1.09714482592237,-0.457142858080603));
#6095=CARTESIAN_POINT('Ctrl Pts',(4.83770558334461,1.43,-0.457142857142857));
#6096=CARTESIAN_POINT('Ctrl Pts',(4.8544843690043,1.39760759911714,-0.457142857142857));
#6097=CARTESIAN_POINT('Ctrl Pts',(4.86949772420687,1.36514947398601,-0.457142857142857));
#6098=CARTESIAN_POINT('Ctrl Pts',(4.91248481574128,1.26160707583232,-0.457142857142857));
#6099=CARTESIAN_POINT('Ctrl Pts',(4.93796339194855,1.18026970525558,-0.457142857142857));
#6100=CARTESIAN_POINT('Ctrl Pts',(4.95458710808964,1.09714285714286,-0.457142857142857));
#6101=CARTESIAN_POINT('Ctrl Pts',(4.98516800122122,0.849999999999996,-0.384577690460585));
#6102=CARTESIAN_POINT('Ctrl Pts',(4.98325798934459,0.888527231575292,-0.409336615186353));
#6103=CARTESIAN_POINT('Ctrl Pts',(4.97984048048882,0.930422868273634,-0.428085213687137));
#6104=CARTESIAN_POINT('Ctrl Pts',(4.96942977393325,1.01453526830275,-0.451555656861943));
#6105=CARTESIAN_POINT('Ctrl Pts',(4.96282369141621,1.05585411736285,-0.457142857142857));
#6106=CARTESIAN_POINT('Ctrl Pts',(4.95456662877459,1.09714285714291,-0.457142857142857));
#6107=CARTESIAN_POINT('',(4.9396841602422,1.09714087122505,-0.596938761853492));
#6108=CARTESIAN_POINT('Ctrl Pts',(4.93967348933527,1.09714285101383,-0.596938775510204));
#6109=CARTESIAN_POINT('Ctrl Pts',(4.94797100925769,1.05577652690468,-0.596938775085478));
#6110=CARTESIAN_POINT('Ctrl Pts',(4.95463435023903,1.01429553927103,-0.592643095707851));
#6111=CARTESIAN_POINT('Ctrl Pts',(4.96492829211755,0.930988993952238,-0.574980129344907));
#6112=CARTESIAN_POINT('Ctrl Pts',(4.9683956013736,0.889638457823592,-0.561403659179898));
#6113=CARTESIAN_POINT('Ctrl Pts',(4.97036655494634,0.849999999999996,-0.54337492569209));
#6114=CARTESIAN_POINT('',(4.82245155509651,1.43,-0.596938775510204));
#6115=CARTESIAN_POINT('Ctrl Pts',(4.93969403039527,1.09714285101382,-0.596938775510204));
#6116=CARTESIAN_POINT('Ctrl Pts',(4.92306173117852,1.18006261947095,-0.596938775510204));
#6117=CARTESIAN_POINT('Ctrl Pts',(4.89759627238809,1.26118402322743,-0.596938775510204));
#6118=CARTESIAN_POINT('Ctrl Pts',(4.8545327718147,1.36474215209854,-0.596938775510204));
#6119=CARTESIAN_POINT('Ctrl Pts',(4.8393870501447,1.39740815487726,-0.596938775510204));
#6120=CARTESIAN_POINT('Ctrl Pts',(4.82245155509651,1.43,-0.596938775510204));
#6121=CARTESIAN_POINT('Origin',(-9.1949633953538E-16,1.42999999999997,-6.81292039997795E-16));
#6122=CARTESIAN_POINT('Origin',(0.,3.55,0.));
#6123=CARTESIAN_POINT('',(4.84507591449773,2.97,-0.370963995172422));
#6124=CARTESIAN_POINT('Ctrl Pts',(4.84507591449773,2.97,0.370963995172427));
#6125=CARTESIAN_POINT('Ctrl Pts',(4.86409664692804,3.00323360769622,0.34703142751446));
#6126=CARTESIAN_POINT('Ctrl Pts',(4.88014627923575,3.03399155513918,0.318102305913404));
#6127=CARTESIAN_POINT('Ctrl Pts',(4.90993287756388,3.09440892970989,0.242042027795926));
#6128=CARTESIAN_POINT('Ctrl Pts',(4.92165979366091,3.12089323171528,0.19327271990236));
#6129=CARTESIAN_POINT('Ctrl Pts',(4.9324787119013,3.14589446122326,0.115573670226218));
#6130=CARTESIAN_POINT('Ctrl Pts',(4.9349339382886,3.15171763736477,0.0904032950932388));
#6131=CARTESIAN_POINT('Ctrl Pts',(4.93734384412407,3.15745685421766,0.0503245901082392));
#6132=CARTESIAN_POINT('Ctrl Pts',(4.93791871021079,3.15883589102325,0.0357424123721432));
#6133=CARTESIAN_POINT('Ctrl Pts',(4.93843342132408,3.1600705565762,0.00903469416382976));
#6134=CARTESIAN_POINT('Ctrl Pts',(4.93846628239852,3.1601495972317,-0.00306085415140975));
#6135=CARTESIAN_POINT('Ctrl Pts',(4.93810786580363,3.15928948746002,-0.0290100094201139));
#6136=CARTESIAN_POINT('Ctrl Pts',(4.93765363590872,3.15819897171869,-0.0428416323980255));
#6137=CARTESIAN_POINT('Ctrl Pts',(4.93572575630901,3.15359888239459,-0.0797152105450871));
#6138=CARTESIAN_POINT('Ctrl Pts',(4.93377384288682,3.14895565353739,-0.102532240444369));
#6139=CARTESIAN_POINT('Ctrl Pts',(4.92564450156271,3.13001986493761,-0.169243183283121));
#6140=CARTESIAN_POINT('Ctrl Pts',(4.91729006587621,3.11089184036432,-0.210989597175973));
#6141=CARTESIAN_POINT('Ctrl Pts',(4.89065962336973,3.05452288133007,-0.297887010071403));
#6142=CARTESIAN_POINT('Ctrl Pts',(4.8705980695816,3.01459309296984,-0.338851104380248));
#6143=CARTESIAN_POINT('Ctrl Pts',(4.84507591449773,2.97,-0.370963995172426));
#6144=CARTESIAN_POINT('',(4.82984516703792,2.96999999835161,-0.533826372958383));
#6145=CARTESIAN_POINT('Origin',(-9.1949633953538E-16,2.96999999999997,-6.81292039997795E-16));
#6146=CARTESIAN_POINT('Ctrl Pts',(4.82984516391314,2.97,-0.533826372133464));
#6147=CARTESIAN_POINT('Ctrl Pts',(4.86196084134535,3.02593710193116,-0.505833755038771));
#6148=CARTESIAN_POINT('Ctrl Pts',(4.88807037743873,3.07912630855344,-0.468235157453917));
#6149=CARTESIAN_POINT('Ctrl Pts',(4.93075355127897,3.17550607936756,-0.371222649538795));
#6150=CARTESIAN_POINT('Ctrl Pts',(4.94624856895331,3.21656357412562,-0.312503784990862));
#6151=CARTESIAN_POINT('Ctrl Pts',(4.96357574868868,3.2650883466073,-0.205602361766372));
#6152=CARTESIAN_POINT('Ctrl Pts',(4.96825548456013,3.27912452646398,-0.162258314391143));
#6153=CARTESIAN_POINT('Ctrl Pts',(4.97288965507467,3.29319616429164,-0.0922231549820442));
#6154=CARTESIAN_POINT('Ctrl Pts',(4.97400223496288,3.29664396562255,-0.0665204849704982));
#6155=CARTESIAN_POINT('Ctrl Pts',(4.97503597646865,3.29984846982361,-0.0195840861687341));
#6156=CARTESIAN_POINT('Ctrl Pts',(4.97513815854427,3.30016769398,0.00156053953323459));
#6157=CARTESIAN_POINT('Ctrl Pts',(4.9745901506879,3.29846563758237,0.0463380006068969));
#6158=CARTESIAN_POINT('Ctrl Pts',(4.97384844767382,3.29615852464286,0.069919854680936));
#6159=CARTESIAN_POINT('Ctrl Pts',(4.97071140751881,3.28654956680317,0.130655477607476));
#6160=CARTESIAN_POINT('Ctrl Pts',(4.96760500210346,3.27710513714967,0.167305810371409));
#6161=CARTESIAN_POINT('Ctrl Pts',(4.95435773914226,3.2387127437138,0.273650549155669));
#6162=CARTESIAN_POINT('Ctrl Pts',(4.94052254033152,3.20021195251392,0.338133610619394));
#6163=CARTESIAN_POINT('Ctrl Pts',(4.90822077720316,3.12397108100435,0.425214590070723));
#6164=CARTESIAN_POINT('Ctrl Pts',(4.8942775496693,3.09310988777976,0.453568802775754));
#6165=CARTESIAN_POINT('Ctrl Pts',(4.86364893209616,3.03123696081095,0.499811828623929));
#6166=CARTESIAN_POINT('Ctrl Pts',(4.8476308362386,3.00097798475164,0.518324051927724));
#6167=CARTESIAN_POINT('Ctrl Pts',(4.82984516391314,2.96999999999999,0.533826372133465));
#6168=CARTESIAN_POINT('Origin',(0.,2.2,0.));
#6169=CARTESIAN_POINT('',(4.72737914717529,2.70285714285714,-0.457142857142857));
#6170=CARTESIAN_POINT('Ctrl Pts',(4.72737914717529,2.70285714285714,-0.457142857142857));
#6171=CARTESIAN_POINT('Ctrl Pts',(4.67642119035469,2.5411707418225,-0.457142857142857));
#6172=CARTESIAN_POINT('Ctrl Pts',(4.64999071663314,2.359374560862,-0.457142857142857));
#6173=CARTESIAN_POINT('Ctrl Pts',(4.64999071663314,1.99293318254767,-0.457142857142857));
#6174=CARTESIAN_POINT('Ctrl Pts',(4.69864700534614,1.7492633939196,-0.457142857142857));
#6175=CARTESIAN_POINT('Ctrl Pts',(4.79555568894418,1.51596649889449,-0.457142857142857));
#6176=CARTESIAN_POINT('Ctrl Pts',(4.81546286621668,1.47294083162779,-0.457142857142857));
#6177=CARTESIAN_POINT('Ctrl Pts',(4.83770558334461,1.43,-0.457142857142857));
#6178=CARTESIAN_POINT('',(4.7117679600698,2.70285714898618,-0.596938775510204));
#6179=CARTESIAN_POINT('Ctrl Pts',(4.8224515550965,1.43,-0.596938775510204));
#6180=CARTESIAN_POINT('Ctrl Pts',(4.80002430763849,1.47316055560237,-0.596938775510204));
#6181=CARTESIAN_POINT('Ctrl Pts',(4.77995891650665,1.5164153070316,-0.596938775510204));
#6182=CARTESIAN_POINT('Ctrl Pts',(4.68285880038547,1.74970314777151,-0.596938775510204));
#6183=CARTESIAN_POINT('Ctrl Pts',(4.63411883262649,1.99312341120548,-0.596938775510204));
#6184=CARTESIAN_POINT('Ctrl Pts',(4.63411883262649,2.35939525290573,-0.596938775510204));
#6185=CARTESIAN_POINT('Ctrl Pts',(4.66065840361159,2.54122525822944,-0.596938775510204));
#6186=CARTESIAN_POINT('Ctrl Pts',(4.7117679600698,2.70285714898618,-0.596938775510204));
#6187=CARTESIAN_POINT('Ctrl Pts',(4.7117679600698,2.70285714898618,-0.596938775510204));
#6188=CARTESIAN_POINT('Ctrl Pts',(4.72650809564663,2.74947222723367,-0.596938775031586));
#6189=CARTESIAN_POINT('Ctrl Pts',(4.74386971426044,2.79499026806885,-0.591492855086303));
#6190=CARTESIAN_POINT('Ctrl Pts',(4.78367485815494,2.88491965671076,-0.570473939288018));
#6191=CARTESIAN_POINT('Ctrl Pts',(4.80624858450931,2.92890093646243,-0.554393586179938));
#6192=CARTESIAN_POINT('Ctrl Pts',(4.82984516391314,2.97,-0.533826372133461));
#6193=CARTESIAN_POINT('Ctrl Pts',(4.84507591449773,2.97,-0.370963995172422));
#6194=CARTESIAN_POINT('Ctrl Pts',(4.82299208493019,2.93141445493926,-0.398750661496065));
#6195=CARTESIAN_POINT('Ctrl Pts',(4.80076191857937,2.88841165479026,-0.420575141771232));
#6196=CARTESIAN_POINT('Ctrl Pts',(4.76058168452763,2.79806547188554,-0.44953615910003));
#6197=CARTESIAN_POINT('Ctrl Pts',(4.74257643122302,2.75107717200448,-0.457142857142857));
#6198=CARTESIAN_POINT('Ctrl Pts',(4.72737914717529,2.70285714285714,-0.457142857142857));
#6199=CARTESIAN_POINT('Origin',(0.,3.55,0.));
#6200=CARTESIAN_POINT('',(4.48935131229319,2.97000916666666,-1.85955019980929));
#6201=CARTESIAN_POINT('Origin',(-9.1949633953538E-16,2.97000916666664,-6.81292039997795E-16));
#6202=CARTESIAN_POINT('Origin',(3.45027010868761,3.55,-1.4291486728689));
#6203=CARTESIAN_POINT('',(4.48936773481315,2.97,1.85955700223978));
#6204=CARTESIAN_POINT('Origin',(3.45027010868761,3.55,1.4291486728689));
#6205=CARTESIAN_POINT('Origin',(-9.1949633953538E-16,2.97000916666664,-6.81292039997795E-16));
#6206=CARTESIAN_POINT('Origin',(0.,2.2,0.));
#6207=CARTESIAN_POINT('',(4.48935131229319,1.42999083333333,-1.85955019980929));
#6208=CARTESIAN_POINT('Origin',(-9.1949633953538E-16,1.4299908333333,-6.81292039997795E-16));
#6209=CARTESIAN_POINT('Origin',(5.86885941087636,2.2,-2.43096116364596));
#6210=CARTESIAN_POINT('Origin',(0.,2.2,0.));
#6211=CARTESIAN_POINT('',(4.48936773481315,1.43,1.85955700223978));
#6212=CARTESIAN_POINT('Origin',(5.86885941087636,2.2,2.43096116364596));
#6213=CARTESIAN_POINT('Origin',(-9.1949633953538E-16,1.4299908333333,-6.81292039997795E-16));
#6214=CARTESIAN_POINT('Origin',(0.,2.2,0.));
#6215=CARTESIAN_POINT('Origin',(-9.1949633953538E-16,1.4299908333333,-6.81292039997795E-16));
#6216=CARTESIAN_POINT('Origin',(-9.1949633953538E-16,2.97000916666664,-6.81292039997795E-16));
#6217=CARTESIAN_POINT('Origin',(0.,0.85,0.));
#6218=CARTESIAN_POINT('',(4.61937918496578,0.849999999999995,-1.9134095081568));
#6219=CARTESIAN_POINT('Origin',(-5.21655385160245E-15,0.849999999999974,
-3.36246409662264E-15));
#6220=CARTESIAN_POINT('Origin',(3.45027010868761,0.85,-1.4291486728689));
#6221=CARTESIAN_POINT('Origin',(0.,0.85,0.));
#6222=CARTESIAN_POINT('Origin',(-5.21655385160245E-15,0.849999999999974,
-3.36246409662264E-15));
#6223=CARTESIAN_POINT('Origin',(0.,0.625,0.));
#6224=CARTESIAN_POINT('Origin',(0.,11.575,0.));
#6225=CARTESIAN_POINT('',(3.58657305743281,5.65310620114325,3.48376142570712));
#6226=CARTESIAN_POINT('',(3.48962466819471,5.59526179491698,3.58085460122678));
#6227=CARTESIAN_POINT('Ctrl Pts',(3.58656588663604,5.65310620114325,3.48375446046627));
#6228=CARTESIAN_POINT('Ctrl Pts',(3.57711900046483,5.63742920343946,3.49348014006312));
#6229=CARTESIAN_POINT('Ctrl Pts',(3.56498548646331,5.62425445575673,3.50589880804764));
#6230=CARTESIAN_POINT('Ctrl Pts',(3.55008117589924,5.61358195809508,3.52092653211138));
#6231=CARTESIAN_POINT('Ctrl Pts',(3.54921219320277,5.61295970752158,3.52180271032322));
#6232=CARTESIAN_POINT('Ctrl Pts',(3.5483337815955,5.61234596302246,3.52268774683424));
#6233=CARTESIAN_POINT('Ctrl Pts',(3.54744592072631,5.61174072459772,3.52358162095363));
#6234=CARTESIAN_POINT('Ctrl Pts',(3.53223095101914,5.60136895958628,3.53889963768432));
#6235=CARTESIAN_POINT('Ctrl Pts',(3.51424380688117,5.59589315163349,3.55681629660614));
#6236=CARTESIAN_POINT('Ctrl Pts',(3.49336441622834,5.59531330073935,3.57720631994153));
#6237=CARTESIAN_POINT('Ctrl Pts',(3.49212799470808,5.59527896352444,3.57841376244163));
#6238=CARTESIAN_POINT('Ctrl Pts',(3.49088142151832,5.59526179491698,3.5796298663832));
#6239=CARTESIAN_POINT('Ctrl Pts',(3.48962466819471,5.59526179491698,3.58085460122678));
#6240=CARTESIAN_POINT('',(3.62108154271724,5.7661045760969,3.44789333671918));
#6241=CARTESIAN_POINT('Ctrl Pts',(3.62108154271724,5.7661045760969,3.44789333671918));
#6242=CARTESIAN_POINT('Ctrl Pts',(3.61922627441218,5.746374701105,3.449841795433));
#6243=CARTESIAN_POINT('Ctrl Pts',(3.6158244618692,5.72709323236291,3.45341351928933));
#6244=CARTESIAN_POINT('Ctrl Pts',(3.61086172427195,5.70826016987063,3.45859474477536));
#6245=CARTESIAN_POINT('Ctrl Pts',(3.60589898667471,5.68942710737836,3.4637759702614));
#6246=CARTESIAN_POINT('Ctrl Pts',(3.597827666254,5.6710424511359,3.47218903154244));
#6247=CARTESIAN_POINT('Ctrl Pts',(3.58658023289959,5.65310620114325,3.48376839548411));
#6248=CARTESIAN_POINT('',(3.62664262723043,5.7661045760969,3.44204347078231));
#6249=CARTESIAN_POINT('Origin',(0.,5.7661045760969,0.));
#6250=CARTESIAN_POINT('',(3.75679673744424,5.61678529490815,3.29949666978591));
#6251=CARTESIAN_POINT('Ctrl Pts',(3.75679673744424,5.61678529490815,3.29949666978591));
#6252=CARTESIAN_POINT('Ctrl Pts',(3.72543102097108,5.61678529490815,3.33520957787671));
#6253=CARTESIAN_POINT('Ctrl Pts',(3.69756024187685,5.63046168552754,3.36593272876145));
#6254=CARTESIAN_POINT('Ctrl Pts',(3.67352882706039,5.65781446676632,3.3919590146634));
#6255=CARTESIAN_POINT('Ctrl Pts',(3.64949741224393,5.6851672480051,3.41798530056534));
#6256=CARTESIAN_POINT('Ctrl Pts',(3.63374242273084,5.7212639511153,3.43456290837077));
#6257=CARTESIAN_POINT('Ctrl Pts',(3.62664262723043,5.7661045760969,3.44204347078231));
#6258=CARTESIAN_POINT('',(3.85878043533451,5.70153407612339,3.1796247502307));
#6259=CARTESIAN_POINT('Ctrl Pts',(3.85878043533451,5.70153407612339,3.1796247502307));
#6260=CARTESIAN_POINT('Ctrl Pts',(3.84765947917594,5.67328448238498,3.1931211000889));
#6261=CARTESIAN_POINT('Ctrl Pts',(3.83347847662889,5.65209728708117,3.21019728689802));
#6262=CARTESIAN_POINT('Ctrl Pts',(3.81609431581816,5.63797249021196,3.23073121339122));
#6263=CARTESIAN_POINT('Ctrl Pts',(3.79871015500744,5.62384769334276,3.25126513988443));
#6264=CARTESIAN_POINT('Ctrl Pts',(3.77898946136393,5.61678529490815,3.27422810274053));
#6265=CARTESIAN_POINT('Ctrl Pts',(3.75679673744424,5.61678529490815,3.29949666978591));
#6266=CARTESIAN_POINT('',(3.89066317990036,5.92282256040762,3.14053180543799));
#6267=CARTESIAN_POINT('Ctrl Pts',(3.89066317990036,5.92282256040762,3.14053180543799));
#6268=CARTESIAN_POINT('Ctrl Pts',(3.89066317990036,5.87349787292785,3.14053180543799));
#6269=CARTESIAN_POINT('Ctrl Pts',(3.88799176247182,5.83067507607042,3.14384997121992));
#6270=CARTESIAN_POINT('Ctrl Pts',(3.88262354606107,5.79435416983531,3.15046574334212));
#6271=CARTESIAN_POINT('Ctrl Pts',(3.87725532965031,5.75803326360021,3.15708151546432));
#6272=CARTESIAN_POINT('Ctrl Pts',(3.86933108604905,5.7270932323629,3.16682052087805));
#6273=CARTESIAN_POINT('Ctrl Pts',(3.85878043533451,5.70153407612339,3.1796247502307));
#6274=CARTESIAN_POINT('',(3.85749693388973,6.18715804467419,3.18118176240078));
#6275=CARTESIAN_POINT('Ctrl Pts',(3.85749693388973,6.18715804467419,3.18118176240078));
#6276=CARTESIAN_POINT('Ctrl Pts',(3.86519982752366,6.15846004468596,3.17184124343825));
#6277=CARTESIAN_POINT('Ctrl Pts',(3.87265484700134,6.11989710720178,3.16273223368928));
#6278=CARTESIAN_POINT('Ctrl Pts',(3.87986731952773,6.07146923222165,3.15385947424116));
#6279=CARTESIAN_POINT('Ctrl Pts',(3.88707979205412,6.02304135724151,3.14498671479304));
#6280=CARTESIAN_POINT('Ctrl Pts',(3.89066317990036,5.97349246663683,3.14053180543799));
#6281=CARTESIAN_POINT('Ctrl Pts',(3.89066317990036,5.92282256040762,3.14053180543799));
#6282=CARTESIAN_POINT('',(3.74211257081003,6.18715804467419,3.31614135823332));
#6283=CARTESIAN_POINT('Origin',(0.,6.18715804467419,0.));
#6284=CARTESIAN_POINT('',(3.74211257081003,6.16967020093136,3.31614135823332));
#6285=CARTESIAN_POINT('',(3.74211257081003,6.16967020093136,3.31614135823332));
#6286=CARTESIAN_POINT('',(3.77140687016818,6.08290359159195,3.28278695928448));
#6287=CARTESIAN_POINT('Ctrl Pts',(3.77140687016818,6.08290359159195,3.28278695928448));
#6288=CARTESIAN_POINT('Ctrl Pts',(3.76757961247585,6.09859781033552,3.28718387755355));
#6289=CARTESIAN_POINT('Ctrl Pts',(3.76256776338573,6.1149646384538,3.29292764847644));
#6290=CARTESIAN_POINT('Ctrl Pts',(3.75635284897544,6.13200407594681,3.30000201127122));
#6291=CARTESIAN_POINT('Ctrl Pts',(3.75013793456515,6.14904351343982,3.307076374066));
#6292=CARTESIAN_POINT('Ctrl Pts',(3.7453839235327,6.16159888843467,3.31244978757193));
#6293=CARTESIAN_POINT('Ctrl Pts',(3.74211257081003,6.16967020093136,3.31614135823332));
#6294=CARTESIAN_POINT('',(3.78813857517589,5.95914346664272,3.26346535689662));
#6295=CARTESIAN_POINT('Ctrl Pts',(3.78813857517589,5.95914346664272,3.26346535689662));
#6296=CARTESIAN_POINT('Ctrl Pts',(3.78813857517589,5.97932174788444,3.26346535689662));
#6297=CARTESIAN_POINT('Ctrl Pts',(3.78660330708538,6.00006053693844,3.2652500000938));
#6298=CARTESIAN_POINT('Ctrl Pts',(3.7835252193282,6.0213598338047,3.26881276843864));
#6299=CARTESIAN_POINT('Ctrl Pts',(3.78044713157102,6.04265913067096,3.27237553678347));
#6300=CARTESIAN_POINT('Ctrl Pts',(3.776411745612,6.06317371660005,3.27703714308646));
#6301=CARTESIAN_POINT('Ctrl Pts',(3.77140687016818,6.08290359159195,3.28278695928448));
#6302=CARTESIAN_POINT('',(3.7771419868355,5.86632337293079,3.27618656545752));
#6303=CARTESIAN_POINT('Ctrl Pts',(3.7771419868355,5.86632337293079,3.27618656545752));
#6304=CARTESIAN_POINT('Ctrl Pts',(3.78154917443005,5.87977556042528,3.2711054832375));
#6305=CARTESIAN_POINT('Ctrl Pts',(3.78447818062286,5.89546977916884,3.26771019638122));
#6306=CARTESIAN_POINT('Ctrl Pts',(3.78594268106496,5.91340602916148,3.26601255602159));
#6307=CARTESIAN_POINT('Ctrl Pts',(3.78740718150706,5.93134227915412,3.26431491566195));
#6308=CARTESIAN_POINT('Ctrl Pts',(3.78813857517589,5.94658809164787,3.26346535689662));
#6309=CARTESIAN_POINT('Ctrl Pts',(3.78813857517589,5.95914346664272,3.26346535689662));
#6310=CARTESIAN_POINT('',(3.73362457947809,5.82596681044735,3.32569504012576));
#6311=CARTESIAN_POINT('Ctrl Pts',(3.73362457947809,5.82596681044735,3.32569504012576));
#6312=CARTESIAN_POINT('Ctrl Pts',(3.7449581740295,5.82596681044735,3.31297126759688));
#6313=CARTESIAN_POINT('Ctrl Pts',(3.75406668981124,5.82989036513324,3.30261931345895));
#6314=CARTESIAN_POINT('Ctrl Pts',(3.7610102860862,5.83773747450502,3.29469294902481));
#6315=CARTESIAN_POINT('Ctrl Pts',(3.76795388236117,5.8455845838768,3.28676658459066));
#6316=CARTESIAN_POINT('Ctrl Pts',(3.77332242425356,5.85511321668539,3.28059017004821));
#6317=CARTESIAN_POINT('Ctrl Pts',(3.7771419868355,5.86632337293079,3.27618656545752));
#6318=CARTESIAN_POINT('',(3.67945501168252,5.87304946667803,3.38552962140407));
#6319=CARTESIAN_POINT('Ctrl Pts',(3.67945501168252,5.87304946667803,3.38552962140407));
#6320=CARTESIAN_POINT('Ctrl Pts',(3.68431290813428,5.85825206043411,3.38024997140997));
#6321=CARTESIAN_POINT('Ctrl Pts',(3.69098278189437,5.84670559950134,3.37298143233278));
#6322=CARTESIAN_POINT('Ctrl Pts',(3.69942926449856,5.83841008387974,3.36369188799624));
#6323=CARTESIAN_POINT('Ctrl Pts',(3.70787574710274,5.83011456825815,3.3544023436597));
#6324=CARTESIAN_POINT('Ctrl Pts',(3.71930846004473,5.82596681044735,3.34176717384644));
#6325=CARTESIAN_POINT('Ctrl Pts',(3.73362457947809,5.82596681044735,3.32569504012576));
#6326=CARTESIAN_POINT('',(3.66804853088237,5.99680959162727,3.39788463245762));
#6327=CARTESIAN_POINT('Ctrl Pts',(3.66804853088237,5.99680959162727,3.39788463245762));
#6328=CARTESIAN_POINT('Ctrl Pts',(3.66804853088237,5.97169884163757,3.39788463245762));
#6329=CARTESIAN_POINT('Ctrl Pts',(3.66881062398024,5.94849381820959,3.39706250053102));
#6330=CARTESIAN_POINT('Ctrl Pts',(3.67033315004934,5.92719452134333,3.39541670020763));
#6331=CARTESIAN_POINT('Ctrl Pts',(3.67185567611844,5.90589522447706,3.39377089988424));
#6332=CARTESIAN_POINT('Ctrl Pts',(3.674900733759,5.88784687292197,3.39047929327353));
#6333=CARTESIAN_POINT('Ctrl Pts',(3.67945501168252,5.87304946667803,3.38552962140407));
#6334=CARTESIAN_POINT('',(3.66804853088237,6.02976745098875,3.39788463245762));
#6335=CARTESIAN_POINT('',(3.66804853088237,6.02976745098875,3.39788463245762));
#6336=CARTESIAN_POINT('',(3.56731141396668,6.02976745098875,3.50349672130331));
#6337=CARTESIAN_POINT('Origin',(0.,6.02976745098875,0.));
#6338=CARTESIAN_POINT('',(3.56731141396668,5.99411915412837,3.50349672130331));
#6339=CARTESIAN_POINT('',(3.56731141396668,5.99411915412837,3.50349672130331));
#6340=CARTESIAN_POINT('',(3.55929004470924,5.8636329354319,3.51164553707143));
#6341=CARTESIAN_POINT('Ctrl Pts',(3.55929004470924,5.8636329354319,3.51164553707143));
#6342=CARTESIAN_POINT('Ctrl Pts',(3.56369904736593,5.88156918542454,3.50717671494876));
#6343=CARTESIAN_POINT('Ctrl Pts',(3.56613300215586,5.90298058385326,3.50469625841411));
#6344=CARTESIAN_POINT('Ctrl Pts',(3.5666043959259,5.92786713071805,3.50421647210358));
#6345=CARTESIAN_POINT('Ctrl Pts',(3.56707578969594,5.95275367758284,3.50373668579306));
#6346=CARTESIAN_POINT('Ctrl Pts',(3.56731141396668,5.97483768538628,3.50349672130331));
#6347=CARTESIAN_POINT('Ctrl Pts',(3.56731141396668,5.99411915412837,3.50349672130331));
#6348=CARTESIAN_POINT('',(3.49829908172228,5.80444331045618,3.57240864616872));
#6349=CARTESIAN_POINT('Ctrl Pts',(3.49829908172228,5.80444331045618,3.57240864616872));
#6350=CARTESIAN_POINT('Ctrl Pts',(3.51591987572451,5.80444331045618,3.55515339527705));
#6351=CARTESIAN_POINT('Ctrl Pts',(3.52933477984002,5.80982418545397,3.54177511894557));
#6352=CARTESIAN_POINT('Ctrl Pts',(3.53868012115371,5.82058593544955,3.53241319787926));
#6353=CARTESIAN_POINT('Ctrl Pts',(3.54802546246739,5.83134768544514,3.52305127681295));
#6354=CARTESIAN_POINT('Ctrl Pts',(3.55488104205255,5.84569668543925,3.51611435919411));
#6355=CARTESIAN_POINT('Ctrl Pts',(3.55929004470924,5.8636329354319,3.51164553707143));
#6356=CARTESIAN_POINT('',(3.43187103917672,5.84614509168907,3.63627022797538));
#6357=CARTESIAN_POINT('Ctrl Pts',(3.43187103917672,5.84614509168907,3.63627022797538));
#6358=CARTESIAN_POINT('Ctrl Pts',(3.43871924962094,5.83358971669422,3.62980696380076));
#6359=CARTESIAN_POINT('Ctrl Pts',(3.44709917271076,5.82350057607336,3.62186337940204));
#6360=CARTESIAN_POINT('Ctrl Pts',(3.45698011213155,5.81587766982649,3.61240757732664));
#6361=CARTESIAN_POINT('Ctrl Pts',(3.46686105155234,5.80825476357961,3.60295177525125));
#6362=CARTESIAN_POINT('Ctrl Pts',(3.48067828772005,5.80444331045618,3.58966389706039));
#6363=CARTESIAN_POINT('Ctrl Pts',(3.49829908172228,5.80444331045618,3.57240864616872));
#6364=CARTESIAN_POINT('',(3.41127174191628,5.97125043538775,3.65560187974613));
#6365=CARTESIAN_POINT('Ctrl Pts',(3.41127174191628,5.97125043538775,3.65560187974613));
#6366=CARTESIAN_POINT('Ctrl Pts',(3.41127174191628,5.95107215414603,3.65560187974613));
#6367=CARTESIAN_POINT('Ctrl Pts',(3.41258375692134,5.9292123494675,3.65437887620621));
#6368=CARTESIAN_POINT('Ctrl Pts',(3.41520383312175,5.90567102135215,3.65192863821714));
#6369=CARTESIAN_POINT('Ctrl Pts',(3.41782390932217,5.88212969323681,3.64947840022807));
#6370=CARTESIAN_POINT('Ctrl Pts',(3.42339230243625,5.86228771668245,3.64427236457253));
#6371=CARTESIAN_POINT('Ctrl Pts',(3.43187103917672,5.84614509168907,3.63627022797538));
#6372=CARTESIAN_POINT('',(3.4635347037763,6.19119370092253,3.6061235913564));
#6373=CARTESIAN_POINT('Ctrl Pts',(3.4635347037763,6.19119370092253,3.6061235913564));
#6374=CARTESIAN_POINT('Ctrl Pts',(3.44962843191493,6.16070207593504,3.619479998582));
#6375=CARTESIAN_POINT('Ctrl Pts',(3.43742496420192,6.12494167751221,3.63104881698518));
#6376=CARTESIAN_POINT('Ctrl Pts',(3.42697635658371,6.08391250565404,3.64088355372927));
#6377=CARTESIAN_POINT('Ctrl Pts',(3.4165277489655,6.04288333379587,3.65071829047336));
#6378=CARTESIAN_POINT('Ctrl Pts',(3.41127174191628,6.00532931037377,3.65560187974613));
#6379=CARTESIAN_POINT('Ctrl Pts',(3.41127174191628,5.97125043538775,3.65560187974613));
#6380=CARTESIAN_POINT('',(3.4635347037763,6.21137198216426,3.6061235913564));
#6381=CARTESIAN_POINT('',(3.4635347037763,6.21137198216426,3.6061235913564));
#6382=CARTESIAN_POINT('',(3.33130479475285,6.21137198216426,3.72862016902456));
#6383=CARTESIAN_POINT('Origin',(0.,6.21137198216426,0.));
#6384=CARTESIAN_POINT('',(3.29199881504919,5.93223909165375,3.76336867741054));
#6385=CARTESIAN_POINT('Ctrl Pts',(3.29199881504919,5.93223909165375,3.76336867741054));
#6386=CARTESIAN_POINT('Ctrl Pts',(3.29199881504919,5.99680959162727,3.76336867741054));
#6387=CARTESIAN_POINT('Ctrl Pts',(3.29605459837226,6.05218776347955,3.75983242992804));
#6388=CARTESIAN_POINT('Ctrl Pts',(3.30413176694392,6.09837360721061,3.75272078192237));
#6389=CARTESIAN_POINT('Ctrl Pts',(3.31220893551557,6.14455945094166,3.74560913391671));
#6390=CARTESIAN_POINT('Ctrl Pts',(3.32127317523096,6.18222557592621,3.73758283636461));
#6391=CARTESIAN_POINT('Ctrl Pts',(3.33130479475285,6.21137198216426,3.72862016902456));
#6392=CARTESIAN_POINT('',(3.34632505554414,5.68404623238056,3.71514584142231));
#6393=CARTESIAN_POINT('Ctrl Pts',(3.34632505554414,5.68404623238056,3.71514584142231));
#6394=CARTESIAN_POINT('Ctrl Pts',(3.32899975155571,5.71319263861861,3.73075117733806));
#6395=CARTESIAN_POINT('Ctrl Pts',(3.31556947815251,5.74760781829199,3.74264033466293));
#6396=CARTESIAN_POINT('Ctrl Pts',(3.30615058065329,5.78729177140071,3.75094232672884));
#6397=CARTESIAN_POINT('Ctrl Pts',(3.29673168315406,5.82697572450943,3.75924431879474));
#6398=CARTESIAN_POINT('Ctrl Pts',(3.29199881504919,5.87529149792711,3.76336867741054));
#6399=CARTESIAN_POINT('Ctrl Pts',(3.29199881504919,5.93223909165375,3.76336867741054));
#6400=CARTESIAN_POINT('Ctrl Pts',(3.48962466819471,5.59526179491698,3.58085460122678));
#6401=CARTESIAN_POINT('Ctrl Pts',(3.46040133618642,5.59526179491698,3.60933340632208));
#6402=CARTESIAN_POINT('Ctrl Pts',(3.43348226405076,5.6027725996014,3.63487489757639));
#6403=CARTESIAN_POINT('Ctrl Pts',(3.40904456796338,5.61779420897024,3.65765158724002));
#6404=CARTESIAN_POINT('Ctrl Pts',(3.38783984997938,5.63082853876929,3.67741504117606));
#6405=CARTESIAN_POINT('Ctrl Pts',(3.36924497506716,5.64918023632643,3.6944073751771));
#6406=CARTESIAN_POINT('Ctrl Pts',(3.35337851705077,5.67284930164167,3.70875349967916));
#6407=CARTESIAN_POINT('Ctrl Pts',(3.35095943694869,5.67645800655109,3.71094078207634));
#6408=CARTESIAN_POINT('Ctrl Pts',(3.3486037073283,5.68019031679739,3.71306648564789));
#6409=CARTESIAN_POINT('Ctrl Pts',(3.34631167029746,5.68404623238056,3.71513098089839));
#6410=CARTESIAN_POINT('Origin',(0.,11.575,0.));
#6411=CARTESIAN_POINT('',(3.66712688188864,6.40037521646173,3.39886457507173));
#6412=CARTESIAN_POINT('',(3.51171606629515,6.30620990400035,3.55919236200076));
#6413=CARTESIAN_POINT('Ctrl Pts',(3.66711955003699,6.40037521646173,3.39885777956897));
#6414=CARTESIAN_POINT('Ctrl Pts',(3.65598384896472,6.37897892673897,3.41087238852112));
#6415=CARTESIAN_POINT('Ctrl Pts',(3.64220817565817,6.36082296287905,3.42562327607994));
#6416=CARTESIAN_POINT('Ctrl Pts',(3.625692833907,6.34590732488197,3.44301488148911));
#6417=CARTESIAN_POINT('Ctrl Pts',(3.62005679878292,6.34081720559069,3.44894995085836));
#6418=CARTESIAN_POINT('Ctrl Pts',(3.61410140003329,6.33610445071,3.45519222864205));
#6419=CARTESIAN_POINT('Ctrl Pts',(3.60782174478382,6.33176906023987,3.4617368845516));
#6420=CARTESIAN_POINT('Ctrl Pts',(3.59260364017874,6.32126268320846,3.47759719125302));
#6421=CARTESIAN_POINT('Ctrl Pts',(3.57465758657764,6.31399537901532,3.4960974426135));
#6422=CARTESIAN_POINT('Ctrl Pts',(3.55385970648764,6.30996714766046,3.51711262068811));
#6423=CARTESIAN_POINT('Ctrl Pts',(3.54092719819342,6.30746231855372,3.53018024890686));
#6424=CARTESIAN_POINT('Ctrl Pts',(3.5268913291532,6.30620990400035,3.54421952294945));
#6425=CARTESIAN_POINT('Ctrl Pts',(3.51171606629515,6.30620990400035,3.55919236200076));
#6426=CARTESIAN_POINT('',(3.69897674088772,6.55440276327355,3.36418951172071));
#6427=CARTESIAN_POINT('Ctrl Pts',(3.69897674088772,6.55440276327355,3.36418951172071));
#6428=CARTESIAN_POINT('Ctrl Pts',(3.69897674088772,6.52435954453587,3.36418951172071));
#6429=CARTESIAN_POINT('Ctrl Pts',(3.69626500504177,6.49622205235991,3.36717836764109));
#6430=CARTESIAN_POINT('Ctrl Pts',(3.69081987757563,6.46999028674567,3.37313631976127));
#6431=CARTESIAN_POINT('Ctrl Pts',(3.68537475010949,6.44375852113143,3.37909427188145));
#6432=CARTESIAN_POINT('Ctrl Pts',(3.67749792964991,6.42055349770345,3.38768968686311));
#6433=CARTESIAN_POINT('Ctrl Pts',(3.66713421851519,6.40037521646173,3.39887137500009));
#6434=CARTESIAN_POINT('',(3.66026841931343,6.73264424757543,3.40626409706833));
#6435=CARTESIAN_POINT('Ctrl Pts',(3.66026841931343,6.73264424757543,3.40626409706833));
#6436=CARTESIAN_POINT('Ctrl Pts',(3.6721820621687,6.70529146633665,3.39346205663358));
#6437=CARTESIAN_POINT('Ctrl Pts',(3.68158745793295,6.67760238041051,3.38322629392432));
#6438=CARTESIAN_POINT('Ctrl Pts',(3.68855023976616,6.64957698979701,3.37561803661507));
#6439=CARTESIAN_POINT('Ctrl Pts',(3.69551302159937,6.6215515991835,3.36800977930582));
#6440=CARTESIAN_POINT('Ctrl Pts',(3.69897674088772,6.58982685700902,3.36418951172071));
#6441=CARTESIAN_POINT('Ctrl Pts',(3.69897674088772,6.55440276327355,3.36418951172071));
#6442=CARTESIAN_POINT('',(3.7925252211053,6.51606402891427,3.25836653059171));
#6443=CARTESIAN_POINT('Ctrl Pts',(3.7925252211053,6.51606402891427,3.25836653059171));
#6444=CARTESIAN_POINT('Ctrl Pts',(3.7925252211053,6.5810829351376,3.25836653059171));
#6445=CARTESIAN_POINT('Ctrl Pts',(3.78141436618027,6.631304435117,3.27143425766543));
#6446=CARTESIAN_POINT('Ctrl Pts',(3.75879339414211,6.66672852885247,3.29722189434585));
#6447=CARTESIAN_POINT('Ctrl Pts',(3.73617242210395,6.70215262258794,3.32300953102627));
#6448=CARTESIAN_POINT('Ctrl Pts',(3.70364629842748,6.72412452882893,3.35965153958795));
#6449=CARTESIAN_POINT('Ctrl Pts',(3.66026841931343,6.73264424757543,3.40626409706833));
#6450=CARTESIAN_POINT('',(3.77581952301051,6.39095868521559,3.27771062329374));
#6451=CARTESIAN_POINT('Ctrl Pts',(3.77581952301051,6.39095868521559,3.27771062329374));
#6452=CARTESIAN_POINT('Ctrl Pts',(3.77905296405338,6.40082362271154,3.27398580093469));
#6453=CARTESIAN_POINT('Ctrl Pts',(3.78264840296901,6.41696624770492,3.2698329781324));
#6454=CARTESIAN_POINT('Ctrl Pts',(3.78660162918464,6.43938656019573,3.26524855137496));
#6455=CARTESIAN_POINT('Ctrl Pts',(3.79055485540026,6.46180687268653,3.26066412461752));
#6456=CARTESIAN_POINT('Ctrl Pts',(3.7925252211053,6.48736602892605,3.2583665305917));
#6457=CARTESIAN_POINT('Ctrl Pts',(3.7925252211053,6.51606402891427,3.2583665305917));
#6458=CARTESIAN_POINT('',(3.77581952301051,6.37616127897166,3.27771062329374));
#6459=CARTESIAN_POINT('',(3.77581952301051,6.37616127897166,3.27771062329374));
#6460=CARTESIAN_POINT('',(3.88050363517116,6.37616127897166,3.15307651950018));
#6461=CARTESIAN_POINT('Origin',(0.,6.37616127897166,0.));
#6462=CARTESIAN_POINT('',(3.88939545242755,6.5140462007901,3.1421016875709));
#6463=CARTESIAN_POINT('Ctrl Pts',(3.88939545242755,6.5140462007901,3.1421016875709));
#6464=CARTESIAN_POINT('Ctrl Pts',(3.88939545242755,6.48669341955132,3.1421016875709));
#6465=CARTESIAN_POINT('Ctrl Pts',(3.88826905209933,6.45934063831254,3.1434975182672));
#6466=CARTESIAN_POINT('Ctrl Pts',(3.88601174954145,6.43198785707376,3.14628553739577));
#6467=CARTESIAN_POINT('Ctrl Pts',(3.88375444698358,6.40463507583498,3.14907355652433));
#6468=CARTESIAN_POINT('Ctrl Pts',(3.88191749438866,6.38602621646761,3.15133647741774));
#6469=CARTESIAN_POINT('Ctrl Pts',(3.88050363517117,6.37616127897166,3.15307651950018));
#6470=CARTESIAN_POINT('',(3.8052076556385,6.84093435690601,3.24354662335385));
#6471=CARTESIAN_POINT('Ctrl Pts',(3.8052076556385,6.84093435690601,3.24354662335385));
#6472=CARTESIAN_POINT('Ctrl Pts',(3.83196910466416,6.80730388816981,3.21215109169255));
#6473=CARTESIAN_POINT('Ctrl Pts',(3.85254156772433,6.76313587256293,3.18726640901314));
#6474=CARTESIAN_POINT('Ctrl Pts',(3.86732104088084,6.70843031008537,3.16923144739547));
#6475=CARTESIAN_POINT('Ctrl Pts',(3.88210051403735,6.65372474760781,3.15119648577779));
#6476=CARTESIAN_POINT('Ctrl Pts',(3.88939545242755,6.58893004450938,3.1421016875709));
#6477=CARTESIAN_POINT('Ctrl Pts',(3.88939545242755,6.5140462007901,3.1421016875709));
#6478=CARTESIAN_POINT('',(3.5734328163074,6.9411531537399,3.49725290874672));
#6479=CARTESIAN_POINT('Ctrl Pts',(3.5734328163074,6.9411531537399,3.49725290874672));
#6480=CARTESIAN_POINT('Ctrl Pts',(3.62424217429901,6.9411531537399,3.44533678144331));
#6481=CARTESIAN_POINT('Ctrl Pts',(3.66828433740436,6.93330604436812,3.39809979313096));
#6482=CARTESIAN_POINT('Ctrl Pts',(3.70620908063361,6.91761182562456,3.35622023279595));
#6483=CARTESIAN_POINT('Ctrl Pts',(3.74413382386286,6.901917606881,3.31434067246095));
#6484=CARTESIAN_POINT('Ctrl Pts',(3.77699178003535,6.87635845064148,3.27664843390979));
#6485=CARTESIAN_POINT('Ctrl Pts',(3.8052076556385,6.84093435690601,3.24354662335385));
#6486=CARTESIAN_POINT('',(3.35381476372419,6.84362479440491,3.70838597384707));
#6487=CARTESIAN_POINT('Ctrl Pts',(3.35381476372419,6.84362479440491,3.70838597384707));
#6488=CARTESIAN_POINT('Ctrl Pts',(3.37742742467731,6.87501323189203,3.68703099853601));
#6489=CARTESIAN_POINT('Ctrl Pts',(3.40775649655247,6.89911506781965,3.65922675574011));
#6490=CARTESIAN_POINT('Ctrl Pts',(3.44432434946681,6.91593030218775,3.62447648303448));
#6491=CARTESIAN_POINT('Ctrl Pts',(3.48089220238115,6.93274553655585,3.58972621032886));
#6492=CARTESIAN_POINT('Ctrl Pts',(3.52419164837726,6.9411531537399,3.547566686442));
#6493=CARTESIAN_POINT('Ctrl Pts',(3.5734328163074,6.9411531537399,3.49725290874672));
#6494=CARTESIAN_POINT('',(3.29199881504919,6.61762804449761,3.76336867741054));
#6495=CARTESIAN_POINT('Ctrl Pts',(3.29199881504919,6.61762804449761,3.76336867741054));
#6496=CARTESIAN_POINT('Ctrl Pts',(3.29199881504919,6.66605591947775,3.76336867741054));
#6497=CARTESIAN_POINT('Ctrl Pts',(3.2972397078981,6.70921502102254,3.758803471467));
#6498=CARTESIAN_POINT('Ctrl Pts',(3.30766406276755,6.747105349132,3.74960777259117));
#6499=CARTESIAN_POINT('Ctrl Pts',(3.318088417637,6.78499567724146,3.74041207371534));
#6500=CARTESIAN_POINT('Ctrl Pts',(3.33352782966586,6.81716882566576,3.72673320615658));
#6501=CARTESIAN_POINT('Ctrl Pts',(3.35381476372418,6.84362479440491,3.70838597384707));
#6502=CARTESIAN_POINT('Ctrl Pts',(3.51171606629515,6.30620990400035,3.55919236200076));
#6503=CARTESIAN_POINT('Ctrl Pts',(3.48059476635648,6.30620990400035,3.58989853291903));
#6504=CARTESIAN_POINT('Ctrl Pts',(3.45184769500015,6.31313217548189,3.61746297165325));
#6505=CARTESIAN_POINT('Ctrl Pts',(3.42567677172668,6.32697671844496,3.64207889201378));
#6506=CARTESIAN_POINT('Ctrl Pts',(3.39950584845321,6.34082126140803,3.6666948123743));
#6507=CARTESIAN_POINT('Ctrl Pts',(3.37591080579236,6.36158807585264,3.68836250249353));
#6508=CARTESIAN_POINT('Ctrl Pts',(3.35504830143339,6.38927716177878,3.70724303155983));
#6509=CARTESIAN_POINT('Ctrl Pts',(3.33970624228327,6.40963941488042,3.7211275676029));
#6510=CARTESIAN_POINT('Ctrl Pts',(3.3271016473303,6.43280553768295,3.73236731990526));
#6511=CARTESIAN_POINT('Ctrl Pts',(3.31731232184293,6.45877553018635,3.74104784242985));
#6512=CARTESIAN_POINT('Ctrl Pts',(3.30752160728377,6.48474920774283,3.74972959669089));
#6513=CARTESIAN_POINT('Ctrl Pts',(3.30054686095154,6.51352755077567,3.75585148729027));
#6514=CARTESIAN_POINT('Ctrl Pts',(3.29643023095969,6.54511055928489,3.75946109601031));
#6515=CARTESIAN_POINT('Ctrl Pts',(3.29346870857543,6.5678315195965,3.76205786498007));
#6516=CARTESIAN_POINT('Ctrl Pts',(3.2919856471066,6.59200401466741,3.76335362399604));
#6517=CARTESIAN_POINT('Ctrl Pts',(3.2919856471066,6.61762804449761,3.76335362399604));
#6518=CARTESIAN_POINT('',(3.39697802558065,6.61830065387234,3.6688745135485));
#6519=CARTESIAN_POINT('',(3.42157135705287,6.54902188827575,3.64593601817083));
#6520=CARTESIAN_POINT('Ctrl Pts',(3.39697123827288,6.61830065387234,3.66886718297989));
#6521=CARTESIAN_POINT('Ctrl Pts',(3.39697123827288,6.60709049762693,3.66886718297989));
#6522=CARTESIAN_POINT('Ctrl Pts',(3.39902927073116,6.5949835288819,3.66696488033545));
#6523=CARTESIAN_POINT('Ctrl Pts',(3.40313571901757,6.58197974763724,3.663149912022));
#6524=CARTESIAN_POINT('Ctrl Pts',(3.40724216730398,6.56897596639257,3.65933494370855));
#6525=CARTESIAN_POINT('Ctrl Pts',(3.41339705456798,6.55799001327208,3.6536072880743));
#6526=CARTESIAN_POINT('Ctrl Pts',(3.42157135705287,6.54902188827575,3.64593601817083));
#6527=CARTESIAN_POINT('',(3.42157135705287,6.69026985696782,3.64593601817083));
#6528=CARTESIAN_POINT('Ctrl Pts',(3.39698482615784,6.61830065387234,3.66888185844862));
#6529=CARTESIAN_POINT('Ctrl Pts',(3.39698482615784,6.63175284136682,3.66888185844862));
#6530=CARTESIAN_POINT('Ctrl Pts',(3.39887810536066,6.64475662261148,3.66713160614362));
#6531=CARTESIAN_POINT('Ctrl Pts',(3.40265652500454,6.65731199760633,3.6636223295045));
#6532=CARTESIAN_POINT('Ctrl Pts',(3.40643494464843,6.66986737260118,3.66011305286539));
#6533=CARTESIAN_POINT('Ctrl Pts',(3.41275676134164,6.68085332572168,3.65423560655054));
#6534=CARTESIAN_POINT('Ctrl Pts',(3.4215850433383,6.69026985696782,3.6459506019149));
#6535=CARTESIAN_POINT('',(3.55123585620202,6.73466207569961,3.51976190865591));
#6536=CARTESIAN_POINT('Ctrl Pts',(3.55123585620202,6.7346620756996,3.51976190865591));
#6537=CARTESIAN_POINT('Ctrl Pts',(3.52991066763532,6.7346620756996,3.54127778849201));
#6538=CARTESIAN_POINT('Ctrl Pts',(3.51106735752236,6.73300858515741,3.55990465281333));
#6539=CARTESIAN_POINT('Ctrl Pts',(3.49483594841783,6.72970160407301,3.57576868570193));
#6540=CARTESIAN_POINT('Ctrl Pts',(3.48535972629343,6.72777092220091,3.58503042622445));
#6541=CARTESIAN_POINT('Ctrl Pts',(3.47677298845746,6.72527665493231,3.59334986427813));
#6542=CARTESIAN_POINT('Ctrl Pts',(3.46909535950906,6.72221880226721,3.60074678179856));
#6543=CARTESIAN_POINT('Ctrl Pts',(3.45380919114102,6.716130613974,3.61547405337964));
#6544=CARTESIAN_POINT('Ctrl Pts',(3.44117185733102,6.70877442250622,3.62746767156334));
#6545=CARTESIAN_POINT('Ctrl Pts',(3.43126636550955,6.70015022786389,3.63681332060403));
#6546=CARTESIAN_POINT('Ctrl Pts',(3.42767504051341,6.69702344866415,3.64020166957345));
#6547=CARTESIAN_POINT('Ctrl Pts',(3.4244424548793,6.69372999169879,3.64324160278964));
#6548=CARTESIAN_POINT('Ctrl Pts',(3.42157135705287,6.69026985696781,3.64593601817083));
#6549=CARTESIAN_POINT('',(3.58656588663604,6.73331685695016,3.48375446046627));
#6550=CARTESIAN_POINT('Ctrl Pts',(3.58656588663604,6.73331685695016,3.48375446046627));
#6551=CARTESIAN_POINT('Ctrl Pts',(3.5840664669994,6.73331685695016,3.48632764216058));
#6552=CARTESIAN_POINT('Ctrl Pts',(3.57984722468845,6.73354106007507,3.49066847946034));
#6553=CARTESIAN_POINT('Ctrl Pts',(3.57388894543598,6.73398946632488,3.49675818518961));
#6554=CARTESIAN_POINT('Ctrl Pts',(3.5679306661835,6.7344378725747,3.50284789091888));
#6555=CARTESIAN_POINT('Ctrl Pts',(3.56038989898072,6.73466207569961,3.51052600981145));
#6556=CARTESIAN_POINT('Ctrl Pts',(3.55123585620202,6.73466207569961,3.51976190865591));
#6557=CARTESIAN_POINT('',(3.60012915476964,6.6452050288613,3.46973631115934));
#6558=CARTESIAN_POINT('Ctrl Pts',(3.60012915476964,6.6452050288613,3.46973631115934));
#6559=CARTESIAN_POINT('Ctrl Pts',(3.60012915476964,6.66000243510523,3.46973631115934));
#6560=CARTESIAN_POINT('Ctrl Pts',(3.59880746467021,6.67502404447407,3.47110924048911));
#6561=CARTESIAN_POINT('Ctrl Pts',(3.59615938095746,6.69026985696782,3.4738505590701));
#6562=CARTESIAN_POINT('Ctrl Pts',(3.59351129724472,6.70551566946156,3.47659187765109));
#6563=CARTESIAN_POINT('Ctrl Pts',(3.59031501609099,6.71986466945568,3.4798946879248));
#6564=CARTESIAN_POINT('Ctrl Pts',(3.58656588663604,6.73331685695016,3.48375446046627));
#6565=CARTESIAN_POINT('',(3.58093752188248,6.55373015389882,3.48953957770565));
#6566=CARTESIAN_POINT('Ctrl Pts',(3.58093752188248,6.55373015389882,3.48953957770565));
#6567=CARTESIAN_POINT('Ctrl Pts',(3.58844823238948,6.56628552889367,3.48183214683359));
#6568=CARTESIAN_POINT('Ctrl Pts',(3.59351129724472,6.58029822420043,3.47659187765109));
#6569=CARTESIAN_POINT('Ctrl Pts',(3.59615938095746,6.59576823981908,3.4738505590701));
#6570=CARTESIAN_POINT('Ctrl Pts',(3.59880746467021,6.61123825543773,3.47110924048911));
#6571=CARTESIAN_POINT('Ctrl Pts',(3.60012915476964,6.62771718511847,3.46973631115934));
#6572=CARTESIAN_POINT('Ctrl Pts',(3.60012915476964,6.6452050288613,3.46973631115934));
#6573=CARTESIAN_POINT('',(3.50452708351898,6.51539141953955,3.56627115077947));
#6574=CARTESIAN_POINT('Ctrl Pts',(3.50452708351898,6.51539141953955,3.56627115077947));
#6575=CARTESIAN_POINT('Ctrl Pts',(3.52177172327993,6.51539141953955,3.54932507334098));
#6576=CARTESIAN_POINT('Ctrl Pts',(3.53618435275265,6.51810727495933,3.53492218983086));
#6577=CARTESIAN_POINT('Ctrl Pts',(3.54786223721332,6.52353898579889,3.523162435335));
#6578=CARTESIAN_POINT('Ctrl Pts',(3.5491793834931,6.52415162739071,3.52183605495015));
#6579=CARTESIAN_POINT('Ctrl Pts',(3.55046170350549,6.52479881884455,3.52054325833306));
#6580=CARTESIAN_POINT('Ctrl Pts',(3.55170930904009,6.52548056016041,3.51928415790456));
#6581=CARTESIAN_POINT('Ctrl Pts',(3.5640182473281,6.53220665390765,3.50686181042127));
#6582=CARTESIAN_POINT('Ctrl Pts',(3.57373975764661,6.54162318515379,3.49692586562471));
#6583=CARTESIAN_POINT('Ctrl Pts',(3.58093752188248,6.55373015389882,3.48953957770565));
#6584=CARTESIAN_POINT('Ctrl Pts',(3.42157135705287,6.54902188827575,3.64593601817083));
#6585=CARTESIAN_POINT('Ctrl Pts',(3.43138052003473,6.53826013828017,3.63673049428667));
#6586=CARTESIAN_POINT('Ctrl Pts',(3.4419702518078,6.52996462265857,3.62671850219618));
#6587=CARTESIAN_POINT('Ctrl Pts',(3.4533199312244,6.52413534141096,3.61587907051775));
#6588=CARTESIAN_POINT('Ctrl Pts',(3.46111154745359,6.52013350834535,3.60843774211712));
#6589=CARTESIAN_POINT('Ctrl Pts',(3.47163312165999,6.51750531528824,3.59834703262347));
#6590=CARTESIAN_POINT('Ctrl Pts',(3.48481499729721,6.51625076223963,3.58553544601255));
#6591=CARTESIAN_POINT('Ctrl Pts',(3.49083453741138,6.51567786710624,3.5796849994105));
#6592=CARTESIAN_POINT('Ctrl Pts',(3.49740832233587,6.51539141953955,3.57326666242526));
#6593=CARTESIAN_POINT('Ctrl Pts',(3.50452708351898,6.51539141953955,3.56627115077947));
#6594=CARTESIAN_POINT('Origin',(0.,11.575,0.));
#6595=CARTESIAN_POINT('',(3.20037149438106,8.05340150827518,3.84157809955771));
#6596=CARTESIAN_POINT('',(3.56816068106817,7.94859967744522,3.50260322532814));
#6597=CARTESIAN_POINT('Ctrl Pts',(3.2003650938462,8.05340150827518,3.84157041665135));
#6598=CARTESIAN_POINT('Ctrl Pts',(3.31425327041425,8.02235535384519,3.74669157665656));
#6599=CARTESIAN_POINT('Ctrl Pts',(3.42391934582419,7.9913091994152,3.64674496288561));
#6600=CARTESIAN_POINT('Ctrl Pts',(3.5289300990668,7.96026304498521,3.54212540092815));
#6601=CARTESIAN_POINT('Ctrl Pts',(3.54208018730593,7.95637525580521,3.52902430005231));
#6602=CARTESIAN_POINT('Ctrl Pts',(3.55515731832227,7.95248746662522,3.51584996916029));
#6603=CARTESIAN_POINT('Ctrl Pts',(3.56816068106817,7.94859967744522,3.50260322532814));
#6604=CARTESIAN_POINT('',(3.20037789530658,7.955459433645,3.84158578293301));
#6605=CARTESIAN_POINT('',(3.20037789530658,7.955459433645,3.84158578293301));
#6606=CARTESIAN_POINT('',(3.3342093209567,7.91849296967952,3.72602310841539));
#6607=CARTESIAN_POINT('Ctrl Pts',(3.3342093209567,7.91849296967952,3.72602310841539));
#6608=CARTESIAN_POINT('Ctrl Pts',(3.29028465764199,7.93081512433468,3.76532882863838));
#6609=CARTESIAN_POINT('Ctrl Pts',(3.24566488285338,7.94313727898984,3.80385775027168));
#6610=CARTESIAN_POINT('Ctrl Pts',(3.20037789530658,7.955459433645,3.84158578293301));
#6611=CARTESIAN_POINT('',(3.29884546846081,7.84951431011507,3.75736857063765));
#6612=CARTESIAN_POINT('Ctrl Pts',(3.29884546846081,7.84951431011507,3.75736857063765));
#6613=CARTESIAN_POINT('Ctrl Pts',(3.29884546846081,7.87923992031412,3.75736857063765));
#6614=CARTESIAN_POINT('Ctrl Pts',(3.31073234573677,7.9022328068356,3.74703133818975));
#6615=CARTESIAN_POINT('Ctrl Pts',(3.3342093209567,7.91849296967952,3.72602310841539));
#6616=CARTESIAN_POINT('',(3.33051574112882,7.77596247975077,3.72932499234019));
#6617=CARTESIAN_POINT('Ctrl Pts',(3.33051574112882,7.77596247975077,3.72932499234019));
#6618=CARTESIAN_POINT('Ctrl Pts',(3.31819835657017,7.79171451250582,3.74032517152714));
#6619=CARTESIAN_POINT('Ctrl Pts',(3.30981171488818,7.80473534603318,3.74771671276097));
#6620=CARTESIAN_POINT('Ctrl Pts',(3.30542724660394,7.81502498033285,3.7515797629543));
#6621=CARTESIAN_POINT('Ctrl Pts',(3.30104277831971,7.82531461463252,3.75544281314764));
#6622=CARTESIAN_POINT('Ctrl Pts',(3.29884546846081,7.83681105789326,3.75736857063765));
#6623=CARTESIAN_POINT('Ctrl Pts',(3.29884546846081,7.84951431011507,3.75736857063765));
#6624=CARTESIAN_POINT('',(3.30514129341917,7.78320333351721,3.75183169011291));
#6625=CARTESIAN_POINT('Ctrl Pts',(3.30514129341917,7.78320333351721,3.75183169011291));
#6626=CARTESIAN_POINT('Ctrl Pts',(3.31362485605625,7.78078971559506,3.74435817437364));
#6627=CARTESIAN_POINT('Ctrl Pts',(3.32208307016174,7.77837609767292,3.73685588424511));
#6628=CARTESIAN_POINT('Ctrl Pts',(3.33051574112882,7.77596247975077,3.72932499234019));
#6629=CARTESIAN_POINT('',(3.30514129341917,7.69478869805338,3.75183169011291));
#6630=CARTESIAN_POINT('',(3.30514129341917,7.69478869805338,3.75183169011291));
#6631=CARTESIAN_POINT('',(3.5681749537109,7.61933137985581,3.50261723574104));
#6632=CARTESIAN_POINT('Ctrl Pts',(3.5681749537109,7.61933137985581,3.50261723574104));
#6633=CARTESIAN_POINT('Ctrl Pts',(3.48354616710456,7.644483819255,3.5888300007701));
#6634=CARTESIAN_POINT('Ctrl Pts',(3.39579149642894,7.66963625865419,3.67197423541578));
#6635=CARTESIAN_POINT('Ctrl Pts',(3.30514129341917,7.69478869805338,3.75183169011291));
#6636=CARTESIAN_POINT('',(3.5681749537109,7.71689235691934,3.50261723574104));
#6637=CARTESIAN_POINT('',(3.5681749537109,7.71689235691934,3.50261723574104));
#6638=CARTESIAN_POINT('',(3.43268679157382,7.7565265038514,3.63550015697354));
#6639=CARTESIAN_POINT('Ctrl Pts',(3.43268679157382,7.7565265038514,3.63550015697354));
#6640=CARTESIAN_POINT('Ctrl Pts',(3.47868473631851,7.74331512154071,3.59206829600614));
#6641=CARTESIAN_POINT('Ctrl Pts',(3.52385830204954,7.73010373923003,3.54776335244396));
#6642=CARTESIAN_POINT('Ctrl Pts',(3.5681749537109,7.71689235691934,3.50261723574104));
#6643=CARTESIAN_POINT('',(3.35347615703448,7.83998687094871,3.70869217711598));
#6644=CARTESIAN_POINT('Ctrl Pts',(3.35347615703448,7.83998687094871,3.70869217711598));
#6645=CARTESIAN_POINT('Ctrl Pts',(3.35347615703448,7.82245638288261,3.70869217711598));
#6646=CARTESIAN_POINT('Ctrl Pts',(3.35866839427379,7.80651380134423,3.70401699241985));
#6647=CARTESIAN_POINT('Ctrl Pts',(3.36899375462768,7.79215912633359,3.69460161339213));
#6648=CARTESIAN_POINT('Ctrl Pts',(3.37931911498157,7.77780445132294,3.6851862343644));
#6649=CARTESIAN_POINT('Ctrl Pts',(3.40072838016486,7.76592691049554,3.66567570696294));
#6650=CARTESIAN_POINT('Ctrl Pts',(3.43268679157382,7.7565265038514,3.63550015697354));
#6651=CARTESIAN_POINT('',(3.39929214818798,7.89677040838022,3.66674418137775));
#6652=CARTESIAN_POINT('Ctrl Pts',(3.39929214818798,7.89677040838022,3.66674418137775));
#6653=CARTESIAN_POINT('Ctrl Pts',(3.38550459364198,7.89677040838022,3.67952607277583));
#6654=CARTESIAN_POINT('Ctrl Pts',(3.37439611746585,7.89124449366373,3.6896854428398));
#6655=CARTESIAN_POINT('Ctrl Pts',(3.36603586830577,7.88019266423075,3.69729665210665));
#6656=CARTESIAN_POINT('Ctrl Pts',(3.35767561914569,7.86914083479777,3.7049078613735));
#6657=CARTESIAN_POINT('Ctrl Pts',(3.35347615703448,7.85573890370376,3.70869217711598));
#6658=CARTESIAN_POINT('Ctrl Pts',(3.35347615703448,7.83998687094871,3.70869217711598));
#6659=CARTESIAN_POINT('',(3.44071418499278,7.88838626191382,3.62790378835898));
#6660=CARTESIAN_POINT('Ctrl Pts',(3.44071418499278,7.88838626191382,3.62790378835898));
#6661=CARTESIAN_POINT('Ctrl Pts',(3.42393881661574,7.89397569289142,3.64381359504089));
#6662=CARTESIAN_POINT('Ctrl Pts',(3.41009860985917,7.89677040838022,3.65672594217384));
#6663=CARTESIAN_POINT('Ctrl Pts',(3.39929214818798,7.89677040838022,3.66674418137775));
#6664=CARTESIAN_POINT('',(3.44872476806159,7.88571857894724,3.62028969483915));
#6665=CARTESIAN_POINT('Ctrl Pts',(3.44872476806159,7.88571857894724,3.62028969483915));
#6666=CARTESIAN_POINT('Ctrl Pts',(3.44605737978123,7.88660780660277,3.62283067603234));
#6667=CARTESIAN_POINT('Ctrl Pts',(3.44338718325066,7.8874970342583,3.6253687092723));
#6668=CARTESIAN_POINT('Ctrl Pts',(3.44071418499278,7.88838626191382,3.62790378835898));
#6669=CARTESIAN_POINT('',(3.5681749537109,7.85103870038169,3.50261723574104));
#6670=CARTESIAN_POINT('Ctrl Pts',(3.5681749537109,7.85103870038169,3.50261723574104));
#6671=CARTESIAN_POINT('Ctrl Pts',(3.52901967915066,7.86259865990354,3.54250537098057));
#6672=CARTESIAN_POINT('Ctrl Pts',(3.48919548679801,7.87415861942539,3.58173687673552));
#6673=CARTESIAN_POINT('Ctrl Pts',(3.44872476806159,7.88571857894724,3.62028969483915));
#6674=CARTESIAN_POINT('',(3.56816068106819,11.575,3.50260322532813));
#6675=CARTESIAN_POINT('Origin',(0.,11.575,0.));
#6676=CARTESIAN_POINT('',(3.81869305678171,8.16642264422153,3.22764361502862));
#6677=CARTESIAN_POINT('',(3.60479345028267,8.09445344112605,3.46489021194022));
#6678=CARTESIAN_POINT('Ctrl Pts',(3.81868542189699,8.16642264422153,3.22763716185562));
#6679=CARTESIAN_POINT('Ctrl Pts',(3.8031494840947,8.14978369948875,3.24601805667931));
#6680=CARTESIAN_POINT('Ctrl Pts',(3.78503725420457,8.13614719028763,3.26718449350983));
#6681=CARTESIAN_POINT('Ctrl Pts',(3.76420716130973,8.12551311661817,3.29100963941836));
#6682=CARTESIAN_POINT('Ctrl Pts',(3.75360141116616,8.12009872269704,3.30314033638239));
#6683=CARTESIAN_POINT('Ctrl Pts',(3.74229051799246,8.11546267721815,3.31595966520187));
#6684=CARTESIAN_POINT('Ctrl Pts',(3.73025241830323,8.11160498018152,3.32944693541478));
#6685=CARTESIAN_POINT('Ctrl Pts',(3.70578170419875,8.10376316098064,3.35686348303862));
#6686=CARTESIAN_POINT('Ctrl Pts',(3.67851833858212,8.09861034806283,3.38680670431433));
#6687=CARTESIAN_POINT('Ctrl Pts',(3.6482690529187,8.09614654142809,3.41908363710449));
#6688=CARTESIAN_POINT('Ctrl Pts',(3.63441107289411,8.0950178078934,3.43387053471385));
#6689=CARTESIAN_POINT('Ctrl Pts',(3.61992601794308,8.09445344112605,3.4491466306284));
#6690=CARTESIAN_POINT('Ctrl Pts',(3.60479345028267,8.09445344112605,3.46489021194022));
#6691=CARTESIAN_POINT('',(3.89024067447186,8.41394289412,3.14105515632641));
#6692=CARTESIAN_POINT('Ctrl Pts',(3.89024067447186,8.41394289412,3.14105515632641));
#6693=CARTESIAN_POINT('Ctrl Pts',(3.89024067447186,8.35430486289446,3.14105515632641));
#6694=CARTESIAN_POINT('Ctrl Pts',(3.88434570808072,8.30453176916488,3.14839849885545));
#6695=CARTESIAN_POINT('Ctrl Pts',(3.87243197132074,8.26462361293125,3.16298444951804));
#6696=CARTESIAN_POINT('Ctrl Pts',(3.86051823456077,8.22471545669762,3.17757040018063));
#6697=CARTESIAN_POINT('Ctrl Pts',(3.84272585115245,8.19198180046105,3.19922540671234));
#6698=CARTESIAN_POINT('Ctrl Pts',(3.81870069663868,8.16642264422153,3.22765007240427));
#6699=CARTESIAN_POINT('',(3.82087078037551,8.66079053464375,3.22508084861025));
#6700=CARTESIAN_POINT('Ctrl Pts',(3.82087078037551,8.66079053464375,3.22508084861025));
#6701=CARTESIAN_POINT('Ctrl Pts',(3.84458758147785,8.63478297215442,3.19698269027263));
#6702=CARTESIAN_POINT('Ctrl Pts',(3.86194013419364,8.60126460498066,3.17583691519919));
#6703=CARTESIAN_POINT('Ctrl Pts',(3.87328281235552,8.56023543312249,3.16194248143627));
#6704=CARTESIAN_POINT('Ctrl Pts',(3.88462549051739,8.51920626126432,3.14804804767335));
#6705=CARTESIAN_POINT('Ctrl Pts',(3.89024067447186,8.47044208159683,3.14105515632641));
#6706=CARTESIAN_POINT('Ctrl Pts',(3.89024067447186,8.41394289412,3.14105515632641));
#6707=CARTESIAN_POINT('',(3.60480786945647,8.73410495648867,3.46490407150107));
#6708=CARTESIAN_POINT('Ctrl Pts',(3.60480786945647,8.73410495648867,3.46490407150107));
#6709=CARTESIAN_POINT('Ctrl Pts',(3.65576872567058,8.73410495648867,3.41188554870102));
#6710=CARTESIAN_POINT('Ctrl Pts',(3.69812194959207,8.72838777680352,3.36553110834182));
#6711=CARTESIAN_POINT('Ctrl Pts',(3.73272968689595,8.71695341743321,3.32669942810673));
#6712=CARTESIAN_POINT('Ctrl Pts',(3.76733742419983,8.7055190580629,3.28786774787164));
#6713=CARTESIAN_POINT('Ctrl Pts',(3.79657552070971,8.68679809713308,3.25386432788294));
#6714=CARTESIAN_POINT('Ctrl Pts',(3.82087078037551,8.66079053464374,3.22508084861025));
#6715=CARTESIAN_POINT('',(3.37421686970398,8.66146314401847,3.68983204449811));
#6716=CARTESIAN_POINT('Ctrl Pts',(3.37421686970398,8.66146314401847,3.68983204449811));
#6717=CARTESIAN_POINT('Ctrl Pts',(3.40102047844628,8.68702230025799,3.66532112158982));
#6718=CARTESIAN_POINT('Ctrl Pts',(3.43386120279642,8.7055190580629,3.63478260552003));
#6719=CARTESIAN_POINT('Ctrl Pts',(3.4722563867631,8.71695341743321,3.59772644665807));
#6720=CARTESIAN_POINT('Ctrl Pts',(3.51065157072977,8.72838777680352,3.56067028779611));
#6721=CARTESIAN_POINT('Ctrl Pts',(3.5550899609549,8.73410495648867,3.51662945959868));
#6722=CARTESIAN_POINT('Ctrl Pts',(3.60480786945647,8.73410495648867,3.46490407150107));
#6723=CARTESIAN_POINT('',(3.29199881504919,8.41394289412,3.76336867741054));
#6724=CARTESIAN_POINT('Ctrl Pts',(3.29199881504919,8.41394289412,3.76336867741054));
#6725=CARTESIAN_POINT('Ctrl Pts',(3.29199881504919,8.47268411284591,3.76336867741054));
#6726=CARTESIAN_POINT('Ctrl Pts',(3.29893443423198,8.52223300345058,3.75733543848931));
#6727=CARTESIAN_POINT('Ctrl Pts',(3.31270511112872,8.56258956593403,3.74515484954916));
#6728=CARTESIAN_POINT('Ctrl Pts',(3.32647578802547,8.60294612841748,3.73297426060902));
#6729=CARTESIAN_POINT('Ctrl Pts',(3.34708235221178,8.63590398777895,3.71464557139291));
#6730=CARTESIAN_POINT('Ctrl Pts',(3.37421686970398,8.66146314401847,3.68983204449811));
#6731=CARTESIAN_POINT('',(3.37322402134567,8.16709525359626,3.69073972290333));
#6732=CARTESIAN_POINT('Ctrl Pts',(3.37322402134567,8.16709525359626,3.69073972290333));
#6733=CARTESIAN_POINT('Ctrl Pts',(3.34674480921457,8.19220600358596,3.71494091863454));
#6734=CARTESIAN_POINT('Ctrl Pts',(3.32647578802547,8.22505176138498,3.73297426060902));
#6735=CARTESIAN_POINT('Ctrl Pts',(3.31270511112872,8.26563252699334,3.74515484954916));
#6736=CARTESIAN_POINT('Ctrl Pts',(3.29893443423198,8.30621329260169,3.75733543848931));
#6737=CARTESIAN_POINT('Ctrl Pts',(3.29199881504919,8.35565008164391,3.76336867741054));
#6738=CARTESIAN_POINT('Ctrl Pts',(3.29199881504919,8.41394289412,3.76336867741054));
#6739=CARTESIAN_POINT('Ctrl Pts',(3.60479345028267,8.09445344112605,3.46489021194022));
#6740=CARTESIAN_POINT('Ctrl Pts',(3.57263368815162,8.09445344112605,3.49834850146789));
#6741=CARTESIAN_POINT('Ctrl Pts',(3.54261229562906,8.09684557384013,3.52865577684166));
#6742=CARTESIAN_POINT('Ctrl Pts',(3.51494421787439,8.10162983926828,3.55600437924806));
#6743=CARTESIAN_POINT('Ctrl Pts',(3.49983855090291,8.10424185738178,3.57093562542099));
#6744=CARTESIAN_POINT('Ctrl Pts',(3.48543352610253,8.10756690435285,3.58498455200292));
#6745=CARTESIAN_POINT('Ctrl Pts',(3.47175849540622,8.11160498018152,3.59817911582716));
#6746=CARTESIAN_POINT('Ctrl Pts',(3.44626416007616,8.11913315774473,3.62277771762482));
#6747=CARTESIAN_POINT('Ctrl Pts',(3.42323943582087,8.1297226519202,3.64447625623965));
#6748=CARTESIAN_POINT('Ctrl Pts',(3.40283684438608,8.14337346270793,3.66342754950724));
#6749=CARTESIAN_POINT('Ctrl Pts',(3.39225045334907,8.15045652475095,3.67326089846337));
#6750=CARTESIAN_POINT('Ctrl Pts',(3.38236933680313,8.15836378838039,3.68235408736479));
#6751=CARTESIAN_POINT('Ctrl Pts',(3.37321052850356,8.16709525359626,3.69072496000349));
#6752=CARTESIAN_POINT('',(3.40585184822542,8.41394289412,3.66063834465835));
#6753=CARTESIAN_POINT('',(3.60479345028267,8.30363495666525,3.46489021194022));
#6754=CARTESIAN_POINT('Ctrl Pts',(3.40584504318738,8.41394289412,3.66063103054596));
#6755=CARTESIAN_POINT('Ctrl Pts',(3.40584504318738,8.39717562909643,3.66063103054596));
#6756=CARTESIAN_POINT('Ctrl Pts',(3.40863394629732,8.38243244310049,3.65804217313377));
#6757=CARTESIAN_POINT('Ctrl Pts',(3.41419396942162,8.3697133361322,3.6528454031296));
#6758=CARTESIAN_POINT('Ctrl Pts',(3.41975363358299,8.35699505032737,3.64764896863623));
#6759=CARTESIAN_POINT('Ctrl Pts',(3.42808411727277,8.34630058220382,3.63984490344504));
#6760=CARTESIAN_POINT('Ctrl Pts',(3.43913164907409,8.33762993176157,3.6293764616442));
#6761=CARTESIAN_POINT('Ctrl Pts',(3.44303659373363,8.33456513767469,3.62567620654296));
#6762=CARTESIAN_POINT('Ctrl Pts',(3.44728067205882,8.33175319805576,3.62164272694249));
#6763=CARTESIAN_POINT('Ctrl Pts',(3.45186040555475,8.32919411290477,3.61727241724527));
#6764=CARTESIAN_POINT('Ctrl Pts',(3.4627488840427,8.3231097973785,3.60688185125137));
#6765=CARTESIAN_POINT('Ctrl Pts',(3.4763441521475,8.31811175290545,3.59382033016268));
#6766=CARTESIAN_POINT('Ctrl Pts',(3.49255574555123,8.31419997948559,3.57799585860815));
#6767=CARTESIAN_POINT('Ctrl Pts',(3.50874334269737,8.31029399623826,3.56219481029687));
#6768=CARTESIAN_POINT('Ctrl Pts',(3.52753967899291,8.30747107064645,3.54363880787821));
#6769=CARTESIAN_POINT('Ctrl Pts',(3.54881550147801,8.30573120271016,3.52220222821879));
#6770=CARTESIAN_POINT('Ctrl Pts',(3.56590467543441,8.30433370534688,3.50498393082574));
#6771=CARTESIAN_POINT('Ctrl Pts',(3.58459282280477,8.30363495666525,3.48590648811919));
#6772=CARTESIAN_POINT('Ctrl Pts',(3.60479345028267,8.30363495666525,3.46489021194022));
#6773=CARTESIAN_POINT('',(3.60432731413987,8.52492344094948,3.46537510416192));
#6774=CARTESIAN_POINT('Ctrl Pts',(3.40585866656755,8.41394289412,3.66064567307008));
#6775=CARTESIAN_POINT('Ctrl Pts',(3.40585866656755,8.43090067928835,3.66064567307008));
#6776=CARTESIAN_POINT('Ctrl Pts',(3.40864757524934,8.44579390797763,3.65805681047384));
#6777=CARTESIAN_POINT('Ctrl Pts',(3.41420760951741,8.45862258018782,3.65286003010154));
#6778=CARTESIAN_POINT('Ctrl Pts',(3.4197672848223,8.47145042416194,3.64766358524026));
#6779=CARTESIAN_POINT('Ctrl Pts',(3.42809778522714,8.48221397822938,3.63985950449739));
#6780=CARTESIAN_POINT('Ctrl Pts',(3.43914533931609,8.49091324239013,3.62939104196012));
#6781=CARTESIAN_POINT('Ctrl Pts',(3.44305031785306,8.49398817097266,3.6256907548926));
#6782=CARTESIAN_POINT('Ctrl Pts',(3.44729443526856,8.49680518507927,3.62165723824139));
#6783=CARTESIAN_POINT('Ctrl Pts',(3.45187421299637,8.49936428470996,3.61728688633494));
#6784=CARTESIAN_POINT('Ctrl Pts',(3.46280385497498,8.50547157733712,3.60685703919016));
#6785=CARTESIAN_POINT('Ctrl Pts',(3.47643991989606,8.51048437892698,3.59375587555806));
#6786=CARTESIAN_POINT('Ctrl Pts',(3.49269166444091,8.51440268947952,3.57789112991788));
#6787=CARTESIAN_POINT('Ctrl Pts',(3.50891932942301,8.51831519442734,3.56204989043957));
#6788=CARTESIAN_POINT('Ctrl Pts',(3.52775508248008,8.52113644926268,3.54345307483549));
#6789=CARTESIAN_POINT('Ctrl Pts',(3.54906937799681,8.52286645398553,3.52197480833769));
#6790=CARTESIAN_POINT('Ctrl Pts',(3.56596460278812,8.52423777862816,3.50494960849832));
#6791=CARTESIAN_POINT('Ctrl Pts',(3.58441644409093,8.52492344094948,3.48611320338801));
#6792=CARTESIAN_POINT('Ctrl Pts',(3.60434173144913,8.52492344094948,3.46538896566234));
#6793=CARTESIAN_POINT('',(3.79207169692985,8.41394289412,3.25886364325719));
#6794=CARTESIAN_POINT('Ctrl Pts',(3.79207169692985,8.41394289412,3.25886364325719));
#6795=CARTESIAN_POINT('Ctrl Pts',(3.79207169692985,8.43103763939273,3.25886364325719));
#6796=CARTESIAN_POINT('Ctrl Pts',(3.78959481463139,8.44603434459925,3.26175245247089));
#6797=CARTESIAN_POINT('Ctrl Pts',(3.78462130851037,8.45893300973956,3.2675130529455));
#6798=CARTESIAN_POINT('Ctrl Pts',(3.77964811663324,8.47183085989613,3.2732732894448));
#6799=CARTESIAN_POINT('Ctrl Pts',(3.77217856389006,8.48263093510145,3.28190501375952));
#6800=CARTESIAN_POINT('Ctrl Pts',(3.76215382809621,8.49133323535551,3.29335673344706));
#6801=CARTESIAN_POINT('Ctrl Pts',(3.75879943102281,8.49424512960433,3.2971886164807));
#6802=CARTESIAN_POINT('Ctrl Pts',(3.75515862248287,8.49692214605581,3.30133595067336));
#6803=CARTESIAN_POINT('Ctrl Pts',(3.75122824295624,8.49936428470996,3.30579592068952));
#6804=CARTESIAN_POINT('Ctrl Pts',(3.74159738603204,8.50534841113028,3.31672446660242));
#6805=CARTESIAN_POINT('Ctrl Pts',(3.7294080094113,8.51028174672992,3.33046655199306));
#6806=CARTESIAN_POINT('Ctrl Pts',(3.71456699762477,8.51416429150888,3.34693770783935));
#6807=CARTESIAN_POINT('Ctrl Pts',(3.69974726458326,8.51804126957301,3.36338524767275));
#6808=CARTESIAN_POINT('Ctrl Pts',(3.68228332778233,8.52087046786193,3.3825541951091));
#6809=CARTESIAN_POINT('Ctrl Pts',(3.66204676742167,8.52265188637564,3.40432276278505));
#6810=CARTESIAN_POINT('Ctrl Pts',(3.64484382834359,8.52416625609153,3.42282804910212));
#6811=CARTESIAN_POINT('Ctrl Pts',(3.62563655954881,8.52492344094948,3.44321141539447));
#6812=CARTESIAN_POINT('Ctrl Pts',(3.60432731413987,8.52492344094948,3.46537510416192));
#6813=CARTESIAN_POINT('Ctrl Pts',(3.60479345028267,8.30363495666525,3.46489021194022));
#6814=CARTESIAN_POINT('Ctrl Pts',(3.62982783600441,8.30363495666525,3.43884500295479));
#6815=CARTESIAN_POINT('Ctrl Pts',(3.65195764577751,8.30467558005092,3.41526286827776));
#6816=CARTESIAN_POINT('Ctrl Pts',(3.671339137279,8.30675682682225,3.39429947692944));
#6817=CARTESIAN_POINT('Ctrl Pts',(3.69075448426137,8.3088417091038,3.37329946684645));
#6818=CARTESIAN_POINT('Ctrl Pts',(3.70741212386716,8.31197085345647,3.35492715977406));
#6819=CARTESIAN_POINT('Ctrl Pts',(3.72143564579991,8.31614425988026,3.33929883870399));
#6820=CARTESIAN_POINT('Ctrl Pts',(3.73320441796891,8.31964665176198,3.3261832924853));
#6821=CARTESIAN_POINT('Ctrl Pts',(3.74311747886388,8.32388450120769,3.31499955214927));
#6822=CARTESIAN_POINT('Ctrl Pts',(3.75122824295624,8.3288578082174,3.30579592068952));
#6823=CARTESIAN_POINT('Ctrl Pts',(3.76297414659186,8.33606008709289,3.29246734067003));
#6824=CARTESIAN_POINT('Ctrl Pts',(3.77213668797966,8.34538064373408,3.28193356987884));
#6825=CARTESIAN_POINT('Ctrl Pts',(3.77878753997711,8.35681947814096,3.27425788961617));
#6826=CARTESIAN_POINT('Ctrl Pts',(3.78543890875812,8.36825920136652,3.26658161293889));
#6827=CARTESIAN_POINT('Ctrl Pts',(3.78957826819967,8.3818175315588,3.26176379188011));
#6828=CARTESIAN_POINT('Ctrl Pts',(3.79123852273102,8.3974944687178,3.25983288893163));
#6829=CARTESIAN_POINT('Ctrl Pts',(3.79179405478202,8.40274007467089,3.25918679614585));
#6830=CARTESIAN_POINT('Ctrl Pts',(3.79207169692985,8.4082228831383,3.25886364325719));
#6831=CARTESIAN_POINT('Ctrl Pts',(3.79207169692985,8.41394289412,3.25886364325719));
#6832=CARTESIAN_POINT('Origin',(0.,11.575,0.));
#6833=CARTESIAN_POINT('',(3.42108770999251,9.53787315928397,3.64640355404399));
#6834=CARTESIAN_POINT('',(3.30512807290687,9.53787315928397,3.75181668284618));
#6835=CARTESIAN_POINT('Origin',(0.,9.53787315928397,0.));
#6836=CARTESIAN_POINT('',(3.42109455227012,9.88964786226467,3.64641084696002));
#6837=CARTESIAN_POINT('',(3.42109455227012,9.88964786226467,3.64641084696002));
#6838=CARTESIAN_POINT('',(3.52415717809566,9.72351334670782,3.54690233647289));
#6839=CARTESIAN_POINT('Ctrl Pts',(3.52415717809566,9.72351334670782,3.54690233647289));
#6840=CARTESIAN_POINT('Ctrl Pts',(3.50061847110327,9.75714381544403,3.57029009721197));
#6841=CARTESIAN_POINT('Ctrl Pts',(3.47947449756638,9.78976537011815,3.59083862184359));
#6842=CARTESIAN_POINT('Ctrl Pts',(3.46086569224897,9.82137801073018,3.60868517061464));
#6843=CARTESIAN_POINT('Ctrl Pts',(3.44225688693157,9.85299065134221,3.6265317193857));
#6844=CARTESIAN_POINT('Ctrl Pts',(3.42894290465336,9.87574726852038,3.63904745410346));
#6845=CARTESIAN_POINT('Ctrl Pts',(3.42109455227012,9.88964786226467,3.64641084696002));
#6846=CARTESIAN_POINT('',(3.72735465964141,9.57419406551907,3.33272069661553));
#6847=CARTESIAN_POINT('Ctrl Pts',(3.72735465964141,9.57419406551907,3.33272069661553));
#6848=CARTESIAN_POINT('Ctrl Pts',(3.69477646083567,9.57419406551907,3.36915654353321));
#6849=CARTESIAN_POINT('Ctrl Pts',(3.66226216755262,9.58574052645184,3.40444600643992));
#6850=CARTESIAN_POINT('Ctrl Pts',(3.62988222984962,9.60883344831736,3.4386269058771));
#6851=CARTESIAN_POINT('Ctrl Pts',(3.59750229214662,9.63192637018289,3.47280780531428));
#6852=CARTESIAN_POINT('Ctrl Pts',(3.56232805429954,9.67015300297971,3.50897623797707));
#6853=CARTESIAN_POINT('Ctrl Pts',(3.52415717809566,9.72351334670782,3.54690233647289));
#6854=CARTESIAN_POINT('',(3.88981809864504,9.87417784664602,3.14157845037387));
#6855=CARTESIAN_POINT('Ctrl Pts',(3.88981809864504,9.87417784664602,3.14157845037387));
#6856=CARTESIAN_POINT('Ctrl Pts',(3.88981809864504,9.77552847168649,3.14157845037387));
#6857=CARTESIAN_POINT('Ctrl Pts',(3.87612426943448,9.70086883109211,3.15876427142086));
#6858=CARTESIAN_POINT('Ctrl Pts',(3.84806540687044,9.6501989248629,3.19258400435244));
#6859=CARTESIAN_POINT('Ctrl Pts',(3.82000654430639,9.59952901863368,3.22640373728402));
#6860=CARTESIAN_POINT('Ctrl Pts',(3.78025687238099,9.57419406551907,3.27355422960241));
#6861=CARTESIAN_POINT('Ctrl Pts',(3.72735465964141,9.57419406551907,3.33272069661553));
#6862=CARTESIAN_POINT('',(3.85706896045291,10.127751580917,3.18170065133581));
#6863=CARTESIAN_POINT('Ctrl Pts',(3.85706896045291,10.127751580917,3.18170065133581));
#6864=CARTESIAN_POINT('Ctrl Pts',(3.86420243273842,10.1044344559266,3.17305298219662));
#6865=CARTESIAN_POINT('Ctrl Pts',(3.87144950681531,10.0678893465666,3.16420837489353));
#6866=CARTESIAN_POINT('Ctrl Pts',(3.87880644241513,10.018116252837,3.15516411343038));
#6867=CARTESIAN_POINT('Ctrl Pts',(3.88616337801494,9.96834315910739,3.14611985196723));
#6868=CARTESIAN_POINT('Ctrl Pts',(3.88981809864504,9.92036369037707,3.14157845037387));
#6869=CARTESIAN_POINT('Ctrl Pts',(3.88981809864504,9.87417784664602,3.14157845037387));
#6870=CARTESIAN_POINT('',(3.73943479086223,10.127751580917,3.31916065373298));
#6871=CARTESIAN_POINT('Origin',(0.,10.127751580917,0.));
#6872=CARTESIAN_POINT('',(3.73943479086223,10.1116089559236,3.31916065373298));
#6873=CARTESIAN_POINT('',(3.73943479086223,10.1116089559236,3.31916065373298));
#6874=CARTESIAN_POINT('',(3.77008174311823,10.0329136590809,3.28430870208733));
#6875=CARTESIAN_POINT('Ctrl Pts',(3.77008174311823,10.0329136590809,3.28430870208733));
#6876=CARTESIAN_POINT('Ctrl Pts',(3.76448546583454,10.0517467215732,3.29073270930787));
#6877=CARTESIAN_POINT('Ctrl Pts',(3.75872550817582,10.0678893465666,3.29731147793134));
#6878=CARTESIAN_POINT('Ctrl Pts',(3.75279929478317,10.081341534061,3.30404259256369));
#6879=CARTESIAN_POINT('Ctrl Pts',(3.74687308139051,10.0947937215555,3.31077370719603));
#6880=CARTESIAN_POINT('Ctrl Pts',(3.74241145562479,10.1048828621764,3.31580708187097));
#6881=CARTESIAN_POINT('Ctrl Pts',(3.73943479086223,10.1116089559236,3.31916065373298));
#6882=CARTESIAN_POINT('',(3.78813857517589,9.91587962787891,3.26346535689662));
#6883=CARTESIAN_POINT('Ctrl Pts',(3.78813857517589,9.91587962787891,3.26346535689662));
#6884=CARTESIAN_POINT('Ctrl Pts',(3.78813857517589,9.93695472162027,3.26346535689662));
#6885=CARTESIAN_POINT('Ctrl Pts',(3.78645722213019,9.95690879973708,3.26542007969199));
#6886=CARTESIAN_POINT('Ctrl Pts',(3.78308545827348,9.97574186222936,3.26932170576707));
#6887=CARTESIAN_POINT('Ctrl Pts',(3.77971369441677,9.99457492472164,3.27322333184215));
#6888=CARTESIAN_POINT('Ctrl Pts',(3.77538347949226,10.0136321903388,3.27822280050998));
#6889=CARTESIAN_POINT('Ctrl Pts',(3.77008174311823,10.0329136590809,3.28430870208733));
#6890=CARTESIAN_POINT('',(3.70891678334515,9.78472079980772,3.35322774273098));
#6891=CARTESIAN_POINT('Ctrl Pts',(3.70891678334515,9.78472079980772,3.35322774273098));
#6892=CARTESIAN_POINT('Ctrl Pts',(3.73477884570778,9.78472079980772,3.32462239752094));
#6893=CARTESIAN_POINT('Ctrl Pts',(3.75431249388514,9.79626726074048,3.30238749426812));
#6894=CARTESIAN_POINT('Ctrl Pts',(3.76787183366347,9.81936018260601,3.28684375130389));
#6895=CARTESIAN_POINT('Ctrl Pts',(3.78143117344181,9.84245310447153,3.27130000833966));
#6896=CARTESIAN_POINT('Ctrl Pts',(3.78813857517589,9.87462625289584,3.26346535689662));
#6897=CARTESIAN_POINT('Ctrl Pts',(3.78813857517589,9.91587962787891,3.26346535689662));
#6898=CARTESIAN_POINT('',(3.56306712801371,9.90040961226026,3.50781308533795));
#6899=CARTESIAN_POINT('Ctrl Pts',(3.56306712801371,9.90040961226026,3.50781308533795));
#6900=CARTESIAN_POINT('Ctrl Pts',(3.5929527089161,9.859604643527,3.47745675553235));
#6901=CARTESIAN_POINT('Ctrl Pts',(3.618915802701,9.83012193260159,3.45031959191573));
#6902=CARTESIAN_POINT('Ctrl Pts',(3.64119547328434,9.81196147948404,3.4266449372139));
#6903=CARTESIAN_POINT('Ctrl Pts',(3.66347514386767,9.79380102636649,3.40297028251207));
#6904=CARTESIAN_POINT('Ctrl Pts',(3.68606193753631,9.78472079980772,3.37850688500961));
#6905=CARTESIAN_POINT('Ctrl Pts',(3.70891678334515,9.78472079980772,3.35322774273098));
#6906=CARTESIAN_POINT('',(3.40536619883315,10.1479298621587,3.66110380244055));
#6907=CARTESIAN_POINT('Ctrl Pts',(3.40536619883315,10.1479298621587,3.66110380244055));
#6908=CARTESIAN_POINT('Ctrl Pts',(3.43557277643596,10.0963631434299,3.63300723268952));
#6909=CARTESIAN_POINT('Ctrl Pts',(3.46362654580293,10.0499530965739,3.60621829211609));
#6910=CARTESIAN_POINT('Ctrl Pts',(3.48963862669338,10.0086997215908,3.58086892464518));
#6911=CARTESIAN_POINT('Ctrl Pts',(3.51565070758382,9.96744634660776,3.55551955717428));
#6912=CARTESIAN_POINT('Ctrl Pts',(3.54010241847819,9.93134964349757,3.53113952824119));
#6913=CARTESIAN_POINT('Ctrl Pts',(3.56306712801371,9.90040961226026,3.50781308533795));
#6914=CARTESIAN_POINT('',(3.30514129341917,10.1479298621587,3.75183169011291));
#6915=CARTESIAN_POINT('Origin',(0.,10.1479298621587,0.));
#6916=CARTESIAN_POINT('',(3.30512807290687,11.575,3.75181668284618));
#6917=CARTESIAN_POINT('Origin',(0.,11.575,0.));
#6918=CARTESIAN_POINT('',(3.58657305743281,13.2241294008505,3.48376142570712));
#6919=CARTESIAN_POINT('',(3.48962466819471,13.1662849946242,3.58085460122678));
#6920=CARTESIAN_POINT('Ctrl Pts',(3.58656588663604,13.2241294008505,3.48375446046627));
#6921=CARTESIAN_POINT('Ctrl Pts',(3.57711900046483,13.2084524031467,3.49348014006312));
#6922=CARTESIAN_POINT('Ctrl Pts',(3.56498548646331,13.195277655464,3.50589880804764));
#6923=CARTESIAN_POINT('Ctrl Pts',(3.55008117589924,13.1846051578023,3.52092653211138));
#6924=CARTESIAN_POINT('Ctrl Pts',(3.54921219320277,13.1839829072288,3.52180271032322));
#6925=CARTESIAN_POINT('Ctrl Pts',(3.5483337815955,13.1833691627297,3.52268774683424));
#6926=CARTESIAN_POINT('Ctrl Pts',(3.54744592072631,13.182763924305,3.52358162095363));
#6927=CARTESIAN_POINT('Ctrl Pts',(3.53223095101914,13.1723921592935,3.53889963768432));
#6928=CARTESIAN_POINT('Ctrl Pts',(3.51424380688117,13.1669163513408,3.55681629660613));
#6929=CARTESIAN_POINT('Ctrl Pts',(3.49336441622835,13.1663365004466,3.57720631994152));
#6930=CARTESIAN_POINT('Ctrl Pts',(3.49212799470809,13.1663021632317,3.57841376244163));
#6931=CARTESIAN_POINT('Ctrl Pts',(3.49088142151832,13.1662849946242,3.5796298663832));
#6932=CARTESIAN_POINT('Ctrl Pts',(3.48962466819471,13.1662849946242,3.58085460122678));
#6933=CARTESIAN_POINT('',(3.62108154271724,13.3371277758042,3.44789333671918));
#6934=CARTESIAN_POINT('Ctrl Pts',(3.62108154271724,13.3371277758042,3.44789333671918));
#6935=CARTESIAN_POINT('Ctrl Pts',(3.61922627441218,13.3173979008123,3.44984179543299));
#6936=CARTESIAN_POINT('Ctrl Pts',(3.6158244618692,13.2981164320702,3.45341351928933));
#6937=CARTESIAN_POINT('Ctrl Pts',(3.61086172427196,13.2792833695779,3.45859474477536));
#6938=CARTESIAN_POINT('Ctrl Pts',(3.60589898667471,13.2604503070856,3.4637759702614));
#6939=CARTESIAN_POINT('Ctrl Pts',(3.597827666254,13.2420656508432,3.47218903154244));
#6940=CARTESIAN_POINT('Ctrl Pts',(3.58658023289959,13.2241294008505,3.48376839548411));
#6941=CARTESIAN_POINT('',(3.62664262723043,13.3371277758042,3.44204347078231));
#6942=CARTESIAN_POINT('Origin',(0.,13.3371277758042,0.));
#6943=CARTESIAN_POINT('',(3.75679673744424,13.1878084946154,3.29949666978591));
#6944=CARTESIAN_POINT('Ctrl Pts',(3.75679673744424,13.1878084946154,3.29949666978591));
#6945=CARTESIAN_POINT('Ctrl Pts',(3.72543102097108,13.1878084946154,3.33520957787671));
#6946=CARTESIAN_POINT('Ctrl Pts',(3.69756024187686,13.2014848852348,3.36593272876145));
#6947=CARTESIAN_POINT('Ctrl Pts',(3.67352882706039,13.2288376664736,3.3919590146634));
#6948=CARTESIAN_POINT('Ctrl Pts',(3.64949741224393,13.2561904477124,3.41798530056534));
#6949=CARTESIAN_POINT('Ctrl Pts',(3.63374242273084,13.2922871508226,3.43456290837077));
#6950=CARTESIAN_POINT('Ctrl Pts',(3.62664262723043,13.3371277758042,3.44204347078231));
#6951=CARTESIAN_POINT('',(3.85878043533451,13.2725572758307,3.1796247502307));
#6952=CARTESIAN_POINT('Ctrl Pts',(3.85878043533451,13.2725572758307,3.1796247502307));
#6953=CARTESIAN_POINT('Ctrl Pts',(3.84765947917594,13.2443076820922,3.1931211000889));
#6954=CARTESIAN_POINT('Ctrl Pts',(3.83347847662889,13.2231204867884,3.21019728689802));
#6955=CARTESIAN_POINT('Ctrl Pts',(3.81609431581816,13.2089956899192,3.23073121339122));
#6956=CARTESIAN_POINT('Ctrl Pts',(3.79871015500744,13.19487089305,3.25126513988443));
#6957=CARTESIAN_POINT('Ctrl Pts',(3.77898946136393,13.1878084946154,3.27422810274053));
#6958=CARTESIAN_POINT('Ctrl Pts',(3.75679673744424,13.1878084946154,3.29949666978591));
#6959=CARTESIAN_POINT('',(3.89066317990036,13.4938457601149,3.14053180543799));
#6960=CARTESIAN_POINT('Ctrl Pts',(3.89066317990036,13.4938457601149,3.14053180543799));
#6961=CARTESIAN_POINT('Ctrl Pts',(3.89066317990036,13.4445210726351,3.14053180543799));
#6962=CARTESIAN_POINT('Ctrl Pts',(3.88799176247182,13.4016982757777,3.14384997121992));
#6963=CARTESIAN_POINT('Ctrl Pts',(3.88262354606107,13.3653773695426,3.15046574334212));
#6964=CARTESIAN_POINT('Ctrl Pts',(3.87725532965031,13.3290564633075,3.15708151546432));
#6965=CARTESIAN_POINT('Ctrl Pts',(3.86933108604905,13.2981164320702,3.16682052087805));
#6966=CARTESIAN_POINT('Ctrl Pts',(3.85878043533451,13.2725572758307,3.1796247502307));
#6967=CARTESIAN_POINT('',(3.85749693388973,13.7581812443815,3.18118176240078));
#6968=CARTESIAN_POINT('Ctrl Pts',(3.85749693388973,13.7581812443815,3.18118176240078));
#6969=CARTESIAN_POINT('Ctrl Pts',(3.86519982752366,13.7294832443932,3.17184124343825));
#6970=CARTESIAN_POINT('Ctrl Pts',(3.87265484700135,13.690920306909,3.16273223368928));
#6971=CARTESIAN_POINT('Ctrl Pts',(3.87986731952773,13.6424924319289,3.15385947424116));
#6972=CARTESIAN_POINT('Ctrl Pts',(3.88707979205412,13.5940645569488,3.14498671479304));
#6973=CARTESIAN_POINT('Ctrl Pts',(3.89066317990036,13.5445156663441,3.14053180543799));
#6974=CARTESIAN_POINT('Ctrl Pts',(3.89066317990036,13.4938457601149,3.14053180543799));
#6975=CARTESIAN_POINT('',(3.74211257081003,13.7581812443815,3.31614135823332));
#6976=CARTESIAN_POINT('Origin',(0.,13.7581812443815,0.));
#6977=CARTESIAN_POINT('',(3.74211257081003,13.7406934006386,3.31614135823332));
#6978=CARTESIAN_POINT('',(3.74211257081003,13.7406934006386,3.31614135823332));
#6979=CARTESIAN_POINT('',(3.77140687016818,13.6539267912992,3.28278695928448));
#6980=CARTESIAN_POINT('Ctrl Pts',(3.77140687016818,13.6539267912992,3.28278695928448));
#6981=CARTESIAN_POINT('Ctrl Pts',(3.76757961247585,13.6696210100428,3.28718387755355));
#6982=CARTESIAN_POINT('Ctrl Pts',(3.76256776338573,13.6859878381611,3.29292764847644));
#6983=CARTESIAN_POINT('Ctrl Pts',(3.75635284897544,13.7030272756541,3.30000201127122));
#6984=CARTESIAN_POINT('Ctrl Pts',(3.75013793456515,13.7200667131471,3.307076374066));
#6985=CARTESIAN_POINT('Ctrl Pts',(3.7453839235327,13.7326220881419,3.31244978757193));
#6986=CARTESIAN_POINT('Ctrl Pts',(3.74211257081003,13.7406934006386,3.31614135823332));
#6987=CARTESIAN_POINT('',(3.78813857517589,13.53016666635,3.26346535689662));
#6988=CARTESIAN_POINT('Ctrl Pts',(3.78813857517589,13.53016666635,3.26346535689662));
#6989=CARTESIAN_POINT('Ctrl Pts',(3.78813857517589,13.5503449475917,3.26346535689662));
#6990=CARTESIAN_POINT('Ctrl Pts',(3.78660330708538,13.5710837366457,3.2652500000938));
#6991=CARTESIAN_POINT('Ctrl Pts',(3.7835252193282,13.592383033512,3.26881276843864));
#6992=CARTESIAN_POINT('Ctrl Pts',(3.78044713157102,13.6136823303782,3.27237553678347));
#6993=CARTESIAN_POINT('Ctrl Pts',(3.776411745612,13.6341969163073,3.27703714308645));
#6994=CARTESIAN_POINT('Ctrl Pts',(3.77140687016818,13.6539267912992,3.28278695928448));
#6995=CARTESIAN_POINT('',(3.7771419868355,13.4373465726381,3.27618656545752));
#6996=CARTESIAN_POINT('Ctrl Pts',(3.7771419868355,13.4373465726381,3.27618656545752));
#6997=CARTESIAN_POINT('Ctrl Pts',(3.78154917443005,13.4507987601325,3.2711054832375));
#6998=CARTESIAN_POINT('Ctrl Pts',(3.78447818062286,13.4664929788761,3.26771019638122));
#6999=CARTESIAN_POINT('Ctrl Pts',(3.78594268106496,13.4844292288687,3.26601255602159));
#7000=CARTESIAN_POINT('Ctrl Pts',(3.78740718150706,13.5023654788614,3.26431491566195));
#7001=CARTESIAN_POINT('Ctrl Pts',(3.78813857517589,13.5176112913551,3.26346535689662));
#7002=CARTESIAN_POINT('Ctrl Pts',(3.78813857517589,13.53016666635,3.26346535689662));
#7003=CARTESIAN_POINT('',(3.73362457947809,13.3969900101546,3.32569504012576));
#7004=CARTESIAN_POINT('Ctrl Pts',(3.73362457947809,13.3969900101546,3.32569504012576));
#7005=CARTESIAN_POINT('Ctrl Pts',(3.7449581740295,13.3969900101546,3.31297126759688));
#7006=CARTESIAN_POINT('Ctrl Pts',(3.75406668981124,13.4009135648405,3.30261931345895));
#7007=CARTESIAN_POINT('Ctrl Pts',(3.7610102860862,13.4087606742123,3.2946929490248));
#7008=CARTESIAN_POINT('Ctrl Pts',(3.76795388236117,13.4166077835841,3.28676658459066));
#7009=CARTESIAN_POINT('Ctrl Pts',(3.77332242425356,13.4261364163927,3.2805901700482));
#7010=CARTESIAN_POINT('Ctrl Pts',(3.7771419868355,13.4373465726381,3.27618656545752));
#7011=CARTESIAN_POINT('',(3.67945501168252,13.4440726663853,3.38552962140407));
#7012=CARTESIAN_POINT('Ctrl Pts',(3.67945501168252,13.4440726663853,3.38552962140407));
#7013=CARTESIAN_POINT('Ctrl Pts',(3.68431290813428,13.4292752601414,3.38024997140997));
#7014=CARTESIAN_POINT('Ctrl Pts',(3.69098278189437,13.4177287992086,3.37298143233277));
#7015=CARTESIAN_POINT('Ctrl Pts',(3.69942926449856,13.409433283587,3.36369188799623));
#7016=CARTESIAN_POINT('Ctrl Pts',(3.70787574710274,13.4011377679654,3.35440234365969));
#7017=CARTESIAN_POINT('Ctrl Pts',(3.71930846004473,13.3969900101546,3.34176717384644));
#7018=CARTESIAN_POINT('Ctrl Pts',(3.73362457947809,13.3969900101546,3.32569504012576));
#7019=CARTESIAN_POINT('',(3.66804853088237,13.5678327913345,3.39788463245762));
#7020=CARTESIAN_POINT('Ctrl Pts',(3.66804853088237,13.5678327913345,3.39788463245762));
#7021=CARTESIAN_POINT('Ctrl Pts',(3.66804853088237,13.5427220413448,3.39788463245762));
#7022=CARTESIAN_POINT('Ctrl Pts',(3.66881062398024,13.5195170179169,3.39706250053102));
#7023=CARTESIAN_POINT('Ctrl Pts',(3.67033315004934,13.4982177210506,3.39541670020763));
#7024=CARTESIAN_POINT('Ctrl Pts',(3.67185567611844,13.4769184241843,3.39377089988424));
#7025=CARTESIAN_POINT('Ctrl Pts',(3.674900733759,13.4588700726292,3.39047929327353));
#7026=CARTESIAN_POINT('Ctrl Pts',(3.67945501168252,13.4440726663853,3.38552962140407));
#7027=CARTESIAN_POINT('',(3.66804853088237,13.600790650696,3.39788463245762));
#7028=CARTESIAN_POINT('',(3.66804853088237,13.600790650696,3.39788463245762));
#7029=CARTESIAN_POINT('',(3.56731141396669,13.600790650696,3.50349672130331));
#7030=CARTESIAN_POINT('Origin',(0.,13.600790650696,0.));
#7031=CARTESIAN_POINT('',(3.56731141396669,13.5651423538356,3.50349672130331));
#7032=CARTESIAN_POINT('',(3.56731141396669,13.5651423538356,3.50349672130331));
#7033=CARTESIAN_POINT('',(3.55929004470924,13.4346561351392,3.51164553707143));
#7034=CARTESIAN_POINT('Ctrl Pts',(3.55929004470924,13.4346561351392,3.51164553707143));
#7035=CARTESIAN_POINT('Ctrl Pts',(3.56369904736593,13.4525923851318,3.50717671494875));
#7036=CARTESIAN_POINT('Ctrl Pts',(3.56613300215586,13.4740037835605,3.50469625841411));
#7037=CARTESIAN_POINT('Ctrl Pts',(3.5666043959259,13.4988903304253,3.50421647210358));
#7038=CARTESIAN_POINT('Ctrl Pts',(3.56707578969594,13.5237768772901,3.50373668579305));
#7039=CARTESIAN_POINT('Ctrl Pts',(3.56731141396669,13.5458608850936,3.50349672130331));
#7040=CARTESIAN_POINT('Ctrl Pts',(3.56731141396669,13.5651423538356,3.50349672130331));
#7041=CARTESIAN_POINT('',(3.49829908172228,13.3754665101634,3.57240864616872));
#7042=CARTESIAN_POINT('Ctrl Pts',(3.49829908172228,13.3754665101634,3.57240864616872));
#7043=CARTESIAN_POINT('Ctrl Pts',(3.51591987572451,13.3754665101634,3.55515339527705));
#7044=CARTESIAN_POINT('Ctrl Pts',(3.52933477984003,13.3808473851612,3.54177511894557));
#7045=CARTESIAN_POINT('Ctrl Pts',(3.53868012115371,13.3916091351568,3.53241319787926));
#7046=CARTESIAN_POINT('Ctrl Pts',(3.54802546246739,13.4023708851524,3.52305127681295));
#7047=CARTESIAN_POINT('Ctrl Pts',(3.55488104205255,13.4167198851465,3.51611435919411));
#7048=CARTESIAN_POINT('Ctrl Pts',(3.55929004470924,13.4346561351392,3.51164553707143));
#7049=CARTESIAN_POINT('',(3.43187103917672,13.4171682913963,3.63627022797538));
#7050=CARTESIAN_POINT('Ctrl Pts',(3.43187103917672,13.4171682913963,3.63627022797538));
#7051=CARTESIAN_POINT('Ctrl Pts',(3.43871924962094,13.4046129164015,3.62980696380076));
#7052=CARTESIAN_POINT('Ctrl Pts',(3.44709917271076,13.3945237757806,3.62186337940203));
#7053=CARTESIAN_POINT('Ctrl Pts',(3.45698011213155,13.3869008695338,3.61240757732664));
#7054=CARTESIAN_POINT('Ctrl Pts',(3.46686105155234,13.3792779632869,3.60295177525125));
#7055=CARTESIAN_POINT('Ctrl Pts',(3.48067828772005,13.3754665101634,3.58966389706039));
#7056=CARTESIAN_POINT('Ctrl Pts',(3.49829908172228,13.3754665101634,3.57240864616872));
#7057=CARTESIAN_POINT('',(3.41127174191628,13.542273635095,3.65560187974613));
#7058=CARTESIAN_POINT('Ctrl Pts',(3.41127174191628,13.542273635095,3.65560187974613));
#7059=CARTESIAN_POINT('Ctrl Pts',(3.41127174191628,13.5220953538533,3.65560187974613));
#7060=CARTESIAN_POINT('Ctrl Pts',(3.41258375692134,13.5002355491748,3.65437887620621));
#7061=CARTESIAN_POINT('Ctrl Pts',(3.41520383312175,13.4766942210594,3.65192863821714));
#7062=CARTESIAN_POINT('Ctrl Pts',(3.41782390932217,13.4531528929441,3.64947840022807));
#7063=CARTESIAN_POINT('Ctrl Pts',(3.42339230243625,13.4333109163897,3.64427236457253));
#7064=CARTESIAN_POINT('Ctrl Pts',(3.43187103917672,13.4171682913963,3.63627022797538));
#7065=CARTESIAN_POINT('',(3.46353470377631,13.7622169006298,3.6061235913564));
#7066=CARTESIAN_POINT('Ctrl Pts',(3.46353470377631,13.7622169006298,3.6061235913564));
#7067=CARTESIAN_POINT('Ctrl Pts',(3.44962843191494,13.7317252756423,3.619479998582));
#7068=CARTESIAN_POINT('Ctrl Pts',(3.43742496420192,13.6959648772195,3.63104881698518));
#7069=CARTESIAN_POINT('Ctrl Pts',(3.42697635658371,13.6549357053613,3.64088355372926));
#7070=CARTESIAN_POINT('Ctrl Pts',(3.4165277489655,13.6139065335031,3.65071829047335));
#7071=CARTESIAN_POINT('Ctrl Pts',(3.41127174191628,13.576352510081,3.65560187974613));
#7072=CARTESIAN_POINT('Ctrl Pts',(3.41127174191628,13.542273635095,3.65560187974613));
#7073=CARTESIAN_POINT('',(3.46353470377631,13.7823951818715,3.6061235913564));
#7074=CARTESIAN_POINT('',(3.46353470377631,13.7823951818715,3.6061235913564));
#7075=CARTESIAN_POINT('',(3.33130479475285,13.7823951818715,3.72862016902455));
#7076=CARTESIAN_POINT('Origin',(0.,13.7823951818715,0.));
#7077=CARTESIAN_POINT('',(3.29199881504919,13.503262291361,3.76336867741054));
#7078=CARTESIAN_POINT('Ctrl Pts',(3.29199881504919,13.503262291361,3.76336867741054));
#7079=CARTESIAN_POINT('Ctrl Pts',(3.29199881504919,13.5678327913345,3.76336867741054));
#7080=CARTESIAN_POINT('Ctrl Pts',(3.29605459837226,13.6232109631868,3.75983242992804));
#7081=CARTESIAN_POINT('Ctrl Pts',(3.30413176694392,13.6693968069179,3.75272078192237));
#7082=CARTESIAN_POINT('Ctrl Pts',(3.31220893551558,13.7155826506489,3.74560913391671));
#7083=CARTESIAN_POINT('Ctrl Pts',(3.32127317523096,13.7532487756335,3.73758283636461));
#7084=CARTESIAN_POINT('Ctrl Pts',(3.33130479475285,13.7823951818715,3.72862016902455));
#7085=CARTESIAN_POINT('',(3.34632505554414,13.2550694320878,3.71514584142231));
#7086=CARTESIAN_POINT('Ctrl Pts',(3.34632505554414,13.2550694320878,3.71514584142231));
#7087=CARTESIAN_POINT('Ctrl Pts',(3.32899975155571,13.2842158383259,3.73075117733806));
#7088=CARTESIAN_POINT('Ctrl Pts',(3.31556947815252,13.3186310179993,3.74264033466293));
#7089=CARTESIAN_POINT('Ctrl Pts',(3.30615058065329,13.358314971108,3.75094232672883));
#7090=CARTESIAN_POINT('Ctrl Pts',(3.29673168315406,13.3979989242167,3.75924431879474));
#7091=CARTESIAN_POINT('Ctrl Pts',(3.29199881504919,13.4463146976344,3.76336867741054));
#7092=CARTESIAN_POINT('Ctrl Pts',(3.29199881504919,13.503262291361,3.76336867741054));
#7093=CARTESIAN_POINT('Ctrl Pts',(3.48962466819471,13.1662849946242,3.58085460122678));
#7094=CARTESIAN_POINT('Ctrl Pts',(3.46040133618642,13.1662849946242,3.60933340632208));
#7095=CARTESIAN_POINT('Ctrl Pts',(3.43348226405076,13.1737957993087,3.63487489757639));
#7096=CARTESIAN_POINT('Ctrl Pts',(3.40904456796338,13.1888174086775,3.65765158724002));
#7097=CARTESIAN_POINT('Ctrl Pts',(3.38783984997938,13.2018517384766,3.67741504117606));
#7098=CARTESIAN_POINT('Ctrl Pts',(3.36924497506715,13.2202034360337,3.6944073751771));
#7099=CARTESIAN_POINT('Ctrl Pts',(3.35337851705077,13.2438725013489,3.70875349967916));
#7100=CARTESIAN_POINT('Ctrl Pts',(3.35095943694869,13.2474812062584,3.71094078207634));
#7101=CARTESIAN_POINT('Ctrl Pts',(3.3486037073283,13.2512135165047,3.71306648564789));
#7102=CARTESIAN_POINT('Ctrl Pts',(3.34631167029746,13.2550694320878,3.71513098089839));
#7103=CARTESIAN_POINT('Origin',(0.,11.575,0.));
#7104=CARTESIAN_POINT('',(3.66712688188864,13.971398416169,3.39886457507173));
#7105=CARTESIAN_POINT('',(3.51171606629515,13.8772331037076,3.55919236200076));
#7106=CARTESIAN_POINT('Ctrl Pts',(3.66711955003699,13.971398416169,3.39885777956897));
#7107=CARTESIAN_POINT('Ctrl Pts',(3.65598384896472,13.9500021264462,3.41087238852112));
#7108=CARTESIAN_POINT('Ctrl Pts',(3.64220817565817,13.9318461625863,3.42562327607994));
#7109=CARTESIAN_POINT('Ctrl Pts',(3.625692833907,13.9169305245892,3.44301488148911));
#7110=CARTESIAN_POINT('Ctrl Pts',(3.62005679878292,13.911840405298,3.44894995085836));
#7111=CARTESIAN_POINT('Ctrl Pts',(3.61410140003329,13.9071276504173,3.45519222864205));
#7112=CARTESIAN_POINT('Ctrl Pts',(3.60782174478382,13.9027922599471,3.4617368845516));
#7113=CARTESIAN_POINT('Ctrl Pts',(3.59260364017874,13.8922858829157,3.47759719125302));
#7114=CARTESIAN_POINT('Ctrl Pts',(3.57465758657764,13.8850185787226,3.4960974426135));
#7115=CARTESIAN_POINT('Ctrl Pts',(3.55385970648765,13.8809903473677,3.5171126206881));
#7116=CARTESIAN_POINT('Ctrl Pts',(3.54092719819342,13.878485518261,3.53018024890686));
#7117=CARTESIAN_POINT('Ctrl Pts',(3.5268913291532,13.8772331037076,3.54421952294945));
#7118=CARTESIAN_POINT('Ctrl Pts',(3.51171606629515,13.8772331037076,3.55919236200076));
#7119=CARTESIAN_POINT('',(3.69897674088772,14.1254259629808,3.36418951172071));
#7120=CARTESIAN_POINT('Ctrl Pts',(3.69897674088772,14.1254259629808,3.36418951172071));
#7121=CARTESIAN_POINT('Ctrl Pts',(3.69897674088772,14.0953827442431,3.36418951172071));
#7122=CARTESIAN_POINT('Ctrl Pts',(3.69626500504178,14.0672452520672,3.36717836764109));
#7123=CARTESIAN_POINT('Ctrl Pts',(3.69081987757563,14.0410134864529,3.37313631976127));
#7124=CARTESIAN_POINT('Ctrl Pts',(3.68537475010949,14.0147817208387,3.37909427188145));
#7125=CARTESIAN_POINT('Ctrl Pts',(3.67749792964991,13.9915766974107,3.38768968686311));
#7126=CARTESIAN_POINT('Ctrl Pts',(3.66713421851519,13.971398416169,3.39887137500009));
#7127=CARTESIAN_POINT('',(3.66026841931344,14.3036674472827,3.40626409706833));
#7128=CARTESIAN_POINT('Ctrl Pts',(3.66026841931344,14.3036674472827,3.40626409706833));
#7129=CARTESIAN_POINT('Ctrl Pts',(3.6721820621687,14.2763146660439,3.39346205663358));
#7130=CARTESIAN_POINT('Ctrl Pts',(3.68158745793295,14.2486255801178,3.38322629392432));
#7131=CARTESIAN_POINT('Ctrl Pts',(3.68855023976616,14.2206001895043,3.37561803661507));
#7132=CARTESIAN_POINT('Ctrl Pts',(3.69551302159937,14.1925747988908,3.36800977930582));
#7133=CARTESIAN_POINT('Ctrl Pts',(3.69897674088772,14.1608500567163,3.36418951172071));
#7134=CARTESIAN_POINT('Ctrl Pts',(3.69897674088772,14.1254259629808,3.36418951172071));
#7135=CARTESIAN_POINT('',(3.7925252211053,14.0870872286215,3.2583665305917));
#7136=CARTESIAN_POINT('Ctrl Pts',(3.7925252211053,14.0870872286215,3.2583665305917));
#7137=CARTESIAN_POINT('Ctrl Pts',(3.7925252211053,14.1521061348449,3.2583665305917));
#7138=CARTESIAN_POINT('Ctrl Pts',(3.78141436618027,14.2023276348243,3.27143425766543));
#7139=CARTESIAN_POINT('Ctrl Pts',(3.75879339414211,14.2377517285597,3.29722189434585));
#7140=CARTESIAN_POINT('Ctrl Pts',(3.73617242210395,14.2731758222952,3.32300953102627));
#7141=CARTESIAN_POINT('Ctrl Pts',(3.70364629842748,14.2951477285362,3.35965153958795));
#7142=CARTESIAN_POINT('Ctrl Pts',(3.66026841931344,14.3036674472827,3.40626409706833));
#7143=CARTESIAN_POINT('',(3.77581952301052,13.9619818849229,3.27771062329374));
#7144=CARTESIAN_POINT('Ctrl Pts',(3.77581952301052,13.9619818849229,3.27771062329374));
#7145=CARTESIAN_POINT('Ctrl Pts',(3.77905296405338,13.9718468224188,3.27398580093469));
#7146=CARTESIAN_POINT('Ctrl Pts',(3.78264840296901,13.9879894474122,3.2698329781324));
#7147=CARTESIAN_POINT('Ctrl Pts',(3.78660162918464,14.010409759903,3.26524855137496));
#7148=CARTESIAN_POINT('Ctrl Pts',(3.79055485540026,14.0328300723938,3.26066412461751));
#7149=CARTESIAN_POINT('Ctrl Pts',(3.7925252211053,14.0583892286333,3.2583665305917));
#7150=CARTESIAN_POINT('Ctrl Pts',(3.7925252211053,14.0870872286215,3.2583665305917));
#7151=CARTESIAN_POINT('',(3.77581952301051,13.9471844786789,3.27771062329374));
#7152=CARTESIAN_POINT('',(3.77581952301051,13.9471844786789,3.27771062329374));
#7153=CARTESIAN_POINT('',(3.88050363517117,13.9471844786789,3.15307651950018));
#7154=CARTESIAN_POINT('Origin',(0.,13.9471844786789,0.));
#7155=CARTESIAN_POINT('',(3.88939545242755,14.0850694004974,3.1421016875709));
#7156=CARTESIAN_POINT('Ctrl Pts',(3.88939545242755,14.0850694004974,3.1421016875709));
#7157=CARTESIAN_POINT('Ctrl Pts',(3.88939545242755,14.0577166192586,3.1421016875709));
#7158=CARTESIAN_POINT('Ctrl Pts',(3.88826905209933,14.0303638380198,3.1434975182672));
#7159=CARTESIAN_POINT('Ctrl Pts',(3.88601174954145,14.003011056781,3.14628553739577));
#7160=CARTESIAN_POINT('Ctrl Pts',(3.88375444698358,13.9756582755422,3.14907355652433));
#7161=CARTESIAN_POINT('Ctrl Pts',(3.88191749438866,13.9570494161749,3.15133647741773));
#7162=CARTESIAN_POINT('Ctrl Pts',(3.88050363517117,13.9471844786789,3.15307651950018));
#7163=CARTESIAN_POINT('',(3.8052076556385,14.4119575566133,3.24354662335385));
#7164=CARTESIAN_POINT('Ctrl Pts',(3.8052076556385,14.4119575566133,3.24354662335385));
#7165=CARTESIAN_POINT('Ctrl Pts',(3.83196910466416,14.3783270878771,3.21215109169254));
#7166=CARTESIAN_POINT('Ctrl Pts',(3.85254156772433,14.3341590722702,3.18726640901314));
#7167=CARTESIAN_POINT('Ctrl Pts',(3.86732104088084,14.2794535097926,3.16923144739547));
#7168=CARTESIAN_POINT('Ctrl Pts',(3.88210051403735,14.2247479473151,3.15119648577779));
#7169=CARTESIAN_POINT('Ctrl Pts',(3.88939545242755,14.1599532442167,3.1421016875709));
#7170=CARTESIAN_POINT('Ctrl Pts',(3.88939545242755,14.0850694004974,3.1421016875709));
#7171=CARTESIAN_POINT('',(3.5734328163074,14.5121763534472,3.49725290874672));
#7172=CARTESIAN_POINT('Ctrl Pts',(3.5734328163074,14.5121763534472,3.49725290874672));
#7173=CARTESIAN_POINT('Ctrl Pts',(3.62424217429901,14.5121763534472,3.4453367814433));
#7174=CARTESIAN_POINT('Ctrl Pts',(3.66828433740437,14.5043292440754,3.39809979313096));
#7175=CARTESIAN_POINT('Ctrl Pts',(3.70620908063362,14.4886350253318,3.35622023279595));
#7176=CARTESIAN_POINT('Ctrl Pts',(3.74413382386287,14.4729408065883,3.31434067246095));
#7177=CARTESIAN_POINT('Ctrl Pts',(3.77699178003535,14.4473816503488,3.27664843390979));
#7178=CARTESIAN_POINT('Ctrl Pts',(3.8052076556385,14.4119575566133,3.24354662335385));
#7179=CARTESIAN_POINT('',(3.35381476372419,14.4146479941122,3.70838597384707));
#7180=CARTESIAN_POINT('Ctrl Pts',(3.35381476372419,14.4146479941122,3.70838597384707));
#7181=CARTESIAN_POINT('Ctrl Pts',(3.37742742467731,14.4460364315993,3.687030998536));
#7182=CARTESIAN_POINT('Ctrl Pts',(3.40775649655247,14.4701382675269,3.65922675574011));
#7183=CARTESIAN_POINT('Ctrl Pts',(3.44432434946681,14.486953501895,3.62447648303448));
#7184=CARTESIAN_POINT('Ctrl Pts',(3.48089220238115,14.5037687362631,3.58972621032886));
#7185=CARTESIAN_POINT('Ctrl Pts',(3.52419164837726,14.5121763534472,3.547566686442));
#7186=CARTESIAN_POINT('Ctrl Pts',(3.5734328163074,14.5121763534472,3.49725290874672));
#7187=CARTESIAN_POINT('',(3.29199881504919,14.1886512442049,3.76336867741054));
#7188=CARTESIAN_POINT('Ctrl Pts',(3.29199881504919,14.1886512442049,3.76336867741054));
#7189=CARTESIAN_POINT('Ctrl Pts',(3.29199881504919,14.237079119185,3.76336867741054));
#7190=CARTESIAN_POINT('Ctrl Pts',(3.2972397078981,14.2802382207298,3.75880347146699));
#7191=CARTESIAN_POINT('Ctrl Pts',(3.30766406276755,14.3181285488393,3.74960777259117));
#7192=CARTESIAN_POINT('Ctrl Pts',(3.318088417637,14.3560188769487,3.74041207371534));
#7193=CARTESIAN_POINT('Ctrl Pts',(3.33352782966587,14.388192025373,3.72673320615658));
#7194=CARTESIAN_POINT('Ctrl Pts',(3.35381476372419,14.4146479941122,3.70838597384707));
#7195=CARTESIAN_POINT('Ctrl Pts',(3.51171606629515,13.8772331037076,3.55919236200076));
#7196=CARTESIAN_POINT('Ctrl Pts',(3.48059476635648,13.8772331037076,3.58989853291903));
#7197=CARTESIAN_POINT('Ctrl Pts',(3.45184769500015,13.8841553751892,3.61746297165325));
#7198=CARTESIAN_POINT('Ctrl Pts',(3.42567677172668,13.8979999181522,3.64207889201377));
#7199=CARTESIAN_POINT('Ctrl Pts',(3.39950584845321,13.9118444611153,3.6666948123743));
#7200=CARTESIAN_POINT('Ctrl Pts',(3.37591080579237,13.9326112755599,3.68836250249352));
#7201=CARTESIAN_POINT('Ctrl Pts',(3.35504830143339,13.9603003614861,3.70724303155983));
#7202=CARTESIAN_POINT('Ctrl Pts',(3.33970624228327,13.9806626145877,3.7211275676029));
#7203=CARTESIAN_POINT('Ctrl Pts',(3.3271016473303,14.0038287373902,3.73236731990526));
#7204=CARTESIAN_POINT('Ctrl Pts',(3.31731232184293,14.0297987298936,3.74104784242985));
#7205=CARTESIAN_POINT('Ctrl Pts',(3.30752160728377,14.0557724074501,3.74972959669089));
#7206=CARTESIAN_POINT('Ctrl Pts',(3.30054686095154,14.0845507504829,3.75585148729027));
#7207=CARTESIAN_POINT('Ctrl Pts',(3.29643023095969,14.1161337589922,3.75946109601031));
#7208=CARTESIAN_POINT('Ctrl Pts',(3.29346870857543,14.1388547193038,3.76205786498007));
#7209=CARTESIAN_POINT('Ctrl Pts',(3.2919856471066,14.1630272143747,3.76335362399604));
#7210=CARTESIAN_POINT('Ctrl Pts',(3.2919856471066,14.1886512442049,3.76335362399604));
#7211=CARTESIAN_POINT('',(3.39697802558065,14.1893238535796,3.6688745135485));
#7212=CARTESIAN_POINT('',(3.42157135705287,14.120045087983,3.64593601817083));
#7213=CARTESIAN_POINT('Ctrl Pts',(3.39697123827288,14.1893238535796,3.66886718297989));
#7214=CARTESIAN_POINT('Ctrl Pts',(3.39697123827288,14.1781136973342,3.66886718297989));
#7215=CARTESIAN_POINT('Ctrl Pts',(3.39902927073116,14.1660067285892,3.66696488033545));
#7216=CARTESIAN_POINT('Ctrl Pts',(3.40313571901757,14.1530029473445,3.663149912022));
#7217=CARTESIAN_POINT('Ctrl Pts',(3.40724216730398,14.1399991660998,3.65933494370855));
#7218=CARTESIAN_POINT('Ctrl Pts',(3.41339705456798,14.1290132129793,3.6536072880743));
#7219=CARTESIAN_POINT('Ctrl Pts',(3.42157135705287,14.120045087983,3.64593601817083));
#7220=CARTESIAN_POINT('',(3.42157135705287,14.2612930566751,3.64593601817083));
#7221=CARTESIAN_POINT('Ctrl Pts',(3.39698482615784,14.1893238535796,3.66888185844862));
#7222=CARTESIAN_POINT('Ctrl Pts',(3.39698482615784,14.2027760410741,3.66888185844862));
#7223=CARTESIAN_POINT('Ctrl Pts',(3.39887810536066,14.2157798223188,3.66713160614362));
#7224=CARTESIAN_POINT('Ctrl Pts',(3.40265652500454,14.2283351973136,3.6636223295045));
#7225=CARTESIAN_POINT('Ctrl Pts',(3.40643494464843,14.2408905723085,3.66011305286539));
#7226=CARTESIAN_POINT('Ctrl Pts',(3.41275676134164,14.2518765254289,3.65423560655054));
#7227=CARTESIAN_POINT('Ctrl Pts',(3.4215850433383,14.2612930566751,3.6459506019149));
#7228=CARTESIAN_POINT('',(3.55123585620203,14.3056852754069,3.51976190865591));
#7229=CARTESIAN_POINT('Ctrl Pts',(3.55123585620203,14.3056852754069,3.51976190865591));
#7230=CARTESIAN_POINT('Ctrl Pts',(3.52991066763532,14.3056852754069,3.54127778849201));
#7231=CARTESIAN_POINT('Ctrl Pts',(3.51106735752236,14.3040317848647,3.55990465281333));
#7232=CARTESIAN_POINT('Ctrl Pts',(3.49483594841783,14.3007248037803,3.57576868570192));
#7233=CARTESIAN_POINT('Ctrl Pts',(3.48535972629343,14.2987941219082,3.58503042622445));
#7234=CARTESIAN_POINT('Ctrl Pts',(3.47677298845746,14.2962998546396,3.59334986427813));
#7235=CARTESIAN_POINT('Ctrl Pts',(3.46909535950906,14.2932420019745,3.60074678179856));
#7236=CARTESIAN_POINT('Ctrl Pts',(3.45380919114102,14.2871538136813,3.61547405337964));
#7237=CARTESIAN_POINT('Ctrl Pts',(3.44117185733102,14.2797976222135,3.62746767156334));
#7238=CARTESIAN_POINT('Ctrl Pts',(3.43126636550955,14.2711734275712,3.63681332060402));
#7239=CARTESIAN_POINT('Ctrl Pts',(3.42767504051341,14.2680466483714,3.64020166957345));
#7240=CARTESIAN_POINT('Ctrl Pts',(3.4244424548793,14.2647531914061,3.64324160278964));
#7241=CARTESIAN_POINT('Ctrl Pts',(3.42157135705287,14.2612930566751,3.64593601817083));
#7242=CARTESIAN_POINT('',(3.58656588663604,14.3043400566574,3.48375446046627));
#7243=CARTESIAN_POINT('Ctrl Pts',(3.58656588663604,14.3043400566574,3.48375446046627));
#7244=CARTESIAN_POINT('Ctrl Pts',(3.5840664669994,14.3043400566574,3.48632764216058));
#7245=CARTESIAN_POINT('Ctrl Pts',(3.57984722468845,14.3045642597823,3.49066847946034));
#7246=CARTESIAN_POINT('Ctrl Pts',(3.57388894543598,14.3050126660322,3.49675818518961));
#7247=CARTESIAN_POINT('Ctrl Pts',(3.5679306661835,14.305461072282,3.50284789091888));
#7248=CARTESIAN_POINT('Ctrl Pts',(3.56038989898072,14.3056852754069,3.51052600981145));
#7249=CARTESIAN_POINT('Ctrl Pts',(3.55123585620203,14.3056852754069,3.51976190865591));
#7250=CARTESIAN_POINT('',(3.60012915476964,14.2162282285686,3.46973631115934));
#7251=CARTESIAN_POINT('Ctrl Pts',(3.60012915476964,14.2162282285686,3.46973631115934));
#7252=CARTESIAN_POINT('Ctrl Pts',(3.60012915476964,14.2310256348125,3.46973631115934));
#7253=CARTESIAN_POINT('Ctrl Pts',(3.59880746467021,14.2460472441813,3.47110924048911));
#7254=CARTESIAN_POINT('Ctrl Pts',(3.59615938095746,14.2612930566751,3.4738505590701));
#7255=CARTESIAN_POINT('Ctrl Pts',(3.59351129724472,14.2765388691688,3.47659187765108));
#7256=CARTESIAN_POINT('Ctrl Pts',(3.590315016091,14.2908878691629,3.4798946879248));
#7257=CARTESIAN_POINT('Ctrl Pts',(3.58656588663604,14.3043400566574,3.48375446046627));
#7258=CARTESIAN_POINT('',(3.58093752188248,14.1247533536061,3.48953957770565));
#7259=CARTESIAN_POINT('Ctrl Pts',(3.58093752188248,14.1247533536061,3.48953957770565));
#7260=CARTESIAN_POINT('Ctrl Pts',(3.58844823238948,14.1373087286009,3.48183214683359));
#7261=CARTESIAN_POINT('Ctrl Pts',(3.59351129724472,14.1513214239077,3.47659187765108));
#7262=CARTESIAN_POINT('Ctrl Pts',(3.59615938095746,14.1667914395263,3.4738505590701));
#7263=CARTESIAN_POINT('Ctrl Pts',(3.59880746467021,14.182261455145,3.47110924048911));
#7264=CARTESIAN_POINT('Ctrl Pts',(3.60012915476964,14.1987403848257,3.46973631115934));
#7265=CARTESIAN_POINT('Ctrl Pts',(3.60012915476964,14.2162282285686,3.46973631115934));
#7266=CARTESIAN_POINT('',(3.50452708351898,14.0864146192468,3.56627115077947));
#7267=CARTESIAN_POINT('Ctrl Pts',(3.50452708351898,14.0864146192468,3.56627115077947));
#7268=CARTESIAN_POINT('Ctrl Pts',(3.52177172327993,14.0864146192468,3.54932507334097));
#7269=CARTESIAN_POINT('Ctrl Pts',(3.53618435275265,14.0891304746666,3.53492218983086));
#7270=CARTESIAN_POINT('Ctrl Pts',(3.54786223721332,14.0945621855062,3.523162435335));
#7271=CARTESIAN_POINT('Ctrl Pts',(3.5491793834931,14.095174827098,3.52183605495014));
#7272=CARTESIAN_POINT('Ctrl Pts',(3.55046170350549,14.0958220185518,3.52054325833306));
#7273=CARTESIAN_POINT('Ctrl Pts',(3.55170930904009,14.0965037598677,3.51928415790456));
#7274=CARTESIAN_POINT('Ctrl Pts',(3.5640182473281,14.1032298536149,3.50686181042127));
#7275=CARTESIAN_POINT('Ctrl Pts',(3.57373975764661,14.1126463848611,3.49692586562471));
#7276=CARTESIAN_POINT('Ctrl Pts',(3.58093752188248,14.1247533536061,3.48953957770565));
#7277=CARTESIAN_POINT('Ctrl Pts',(3.42157135705287,14.120045087983,3.64593601817083));
#7278=CARTESIAN_POINT('Ctrl Pts',(3.43138052003474,14.1092833379874,3.63673049428667));
#7279=CARTESIAN_POINT('Ctrl Pts',(3.4419702518078,14.1009878223658,3.62671850219618));
#7280=CARTESIAN_POINT('Ctrl Pts',(3.4533199312244,14.0951585411182,3.61587907051775));
#7281=CARTESIAN_POINT('Ctrl Pts',(3.46111154745359,14.0911567080526,3.60843774211712));
#7282=CARTESIAN_POINT('Ctrl Pts',(3.47163312165999,14.0885285149955,3.59834703262347));
#7283=CARTESIAN_POINT('Ctrl Pts',(3.48481499729721,14.0872739619469,3.58553544601255));
#7284=CARTESIAN_POINT('Ctrl Pts',(3.49083453741138,14.0867010668135,3.5796849994105));
#7285=CARTESIAN_POINT('Ctrl Pts',(3.49740832233587,14.0864146192468,3.57326666242526));
#7286=CARTESIAN_POINT('Ctrl Pts',(3.50452708351898,14.0864146192468,3.56627115077947));
#7287=CARTESIAN_POINT('Origin',(0.,11.575,0.));
#7288=CARTESIAN_POINT('',(3.20037149438106,15.6244247079824,3.84157809955771));
#7289=CARTESIAN_POINT('',(3.56816068106817,15.5196228771525,3.50260322532814));
#7290=CARTESIAN_POINT('Ctrl Pts',(3.2003650938462,15.6244247079824,3.84157041665134));
#7291=CARTESIAN_POINT('Ctrl Pts',(3.31425327041425,15.5933785535525,3.74669157665656));
#7292=CARTESIAN_POINT('Ctrl Pts',(3.42391934582419,15.5623323991225,3.64674496288562));
#7293=CARTESIAN_POINT('Ctrl Pts',(3.52893009906679,15.5312862446925,3.54212540092816));
#7294=CARTESIAN_POINT('Ctrl Pts',(3.54208018730592,15.5273984555125,3.52902430005231));
#7295=CARTESIAN_POINT('Ctrl Pts',(3.55515731832227,15.5235106663325,3.51584996916029));
#7296=CARTESIAN_POINT('Ctrl Pts',(3.56816068106817,15.5196228771525,3.50260322532814));
#7297=CARTESIAN_POINT('',(3.20037789530658,15.5264826333523,3.84158578293301));
#7298=CARTESIAN_POINT('',(3.20037789530658,15.5264826333523,3.84158578293301));
#7299=CARTESIAN_POINT('',(3.3342093209567,15.4895161693868,3.72602310841539));
#7300=CARTESIAN_POINT('Ctrl Pts',(3.3342093209567,15.4895161693868,3.72602310841539));
#7301=CARTESIAN_POINT('Ctrl Pts',(3.29028465764199,15.5018383240419,3.76532882863838));
#7302=CARTESIAN_POINT('Ctrl Pts',(3.24566488285338,15.5141604786971,3.80385775027168));
#7303=CARTESIAN_POINT('Ctrl Pts',(3.20037789530658,15.5264826333523,3.84158578293301));
#7304=CARTESIAN_POINT('',(3.29884546846081,15.4205375098223,3.75736857063765));
#7305=CARTESIAN_POINT('Ctrl Pts',(3.29884546846081,15.4205375098223,3.75736857063765));
#7306=CARTESIAN_POINT('Ctrl Pts',(3.29884546846081,15.4502631200214,3.75736857063765));
#7307=CARTESIAN_POINT('Ctrl Pts',(3.31073234573677,15.4732560065429,3.74703133818975));
#7308=CARTESIAN_POINT('Ctrl Pts',(3.3342093209567,15.4895161693868,3.72602310841539));
#7309=CARTESIAN_POINT('',(3.33051574112882,15.346985679458,3.72932499234019));
#7310=CARTESIAN_POINT('Ctrl Pts',(3.33051574112882,15.346985679458,3.72932499234019));
#7311=CARTESIAN_POINT('Ctrl Pts',(3.31819835657017,15.3627377122131,3.74032517152714));
#7312=CARTESIAN_POINT('Ctrl Pts',(3.30981171488818,15.3757585457404,3.74771671276097));
#7313=CARTESIAN_POINT('Ctrl Pts',(3.30542724660394,15.3860481800401,3.7515797629543));
#7314=CARTESIAN_POINT('Ctrl Pts',(3.30104277831971,15.3963378143398,3.75544281314764));
#7315=CARTESIAN_POINT('Ctrl Pts',(3.29884546846081,15.4078342576005,3.75736857063765));
#7316=CARTESIAN_POINT('Ctrl Pts',(3.29884546846081,15.4205375098223,3.75736857063765));
#7317=CARTESIAN_POINT('',(3.30514129341917,15.3542265332245,3.75183169011291));
#7318=CARTESIAN_POINT('Ctrl Pts',(3.30514129341917,15.3542265332245,3.75183169011291));
#7319=CARTESIAN_POINT('Ctrl Pts',(3.31362485605625,15.3518129153023,3.74435817437364));
#7320=CARTESIAN_POINT('Ctrl Pts',(3.32208307016174,15.3493992973802,3.7368558842451));
#7321=CARTESIAN_POINT('Ctrl Pts',(3.33051574112882,15.346985679458,3.72932499234019));
#7322=CARTESIAN_POINT('',(3.30514129341917,15.2658118977607,3.75183169011291));
#7323=CARTESIAN_POINT('',(3.30514129341917,15.2658118977607,3.75183169011291));
#7324=CARTESIAN_POINT('',(3.5681749537109,15.1903545795631,3.50261723574104));
#7325=CARTESIAN_POINT('Ctrl Pts',(3.5681749537109,15.1903545795631,3.50261723574104));
#7326=CARTESIAN_POINT('Ctrl Pts',(3.48354616710456,15.2155070189623,3.5888300007701));
#7327=CARTESIAN_POINT('Ctrl Pts',(3.39579149642894,15.2406594583615,3.67197423541578));
#7328=CARTESIAN_POINT('Ctrl Pts',(3.30514129341917,15.2658118977607,3.75183169011291));
#7329=CARTESIAN_POINT('',(3.5681749537109,15.2879155566266,3.50261723574104));
#7330=CARTESIAN_POINT('',(3.5681749537109,15.2879155566266,3.50261723574104));
#7331=CARTESIAN_POINT('',(3.43268679157382,15.3275497035587,3.63550015697354));
#7332=CARTESIAN_POINT('Ctrl Pts',(3.43268679157382,15.3275497035587,3.63550015697354));
#7333=CARTESIAN_POINT('Ctrl Pts',(3.47868473631851,15.314338321248,3.59206829600614));
#7334=CARTESIAN_POINT('Ctrl Pts',(3.52385830204954,15.3011269389373,3.54776335244396));
#7335=CARTESIAN_POINT('Ctrl Pts',(3.5681749537109,15.2879155566266,3.50261723574104));
#7336=CARTESIAN_POINT('',(3.35347615703448,15.411010070656,3.70869217711598));
#7337=CARTESIAN_POINT('Ctrl Pts',(3.35347615703448,15.411010070656,3.70869217711598));
#7338=CARTESIAN_POINT('Ctrl Pts',(3.35347615703448,15.3934795825899,3.70869217711598));
#7339=CARTESIAN_POINT('Ctrl Pts',(3.35866839427379,15.3775370010515,3.70401699241985));
#7340=CARTESIAN_POINT('Ctrl Pts',(3.36899375462768,15.3631823260409,3.69460161339213));
#7341=CARTESIAN_POINT('Ctrl Pts',(3.37931911498157,15.3488276510302,3.6851862343644));
#7342=CARTESIAN_POINT('Ctrl Pts',(3.40072838016486,15.3369501102028,3.66567570696294));
#7343=CARTESIAN_POINT('Ctrl Pts',(3.43268679157382,15.3275497035587,3.63550015697354));
#7344=CARTESIAN_POINT('',(3.39929214818798,15.4677936080875,3.66674418137775));
#7345=CARTESIAN_POINT('Ctrl Pts',(3.39929214818798,15.4677936080875,3.66674418137775));
#7346=CARTESIAN_POINT('Ctrl Pts',(3.38550459364198,15.4677936080875,3.67952607277583));
#7347=CARTESIAN_POINT('Ctrl Pts',(3.37439611746585,15.462267693371,3.6896854428398));
#7348=CARTESIAN_POINT('Ctrl Pts',(3.36603586830577,15.451215863938,3.69729665210665));
#7349=CARTESIAN_POINT('Ctrl Pts',(3.35767561914569,15.440164034505,3.7049078613735));
#7350=CARTESIAN_POINT('Ctrl Pts',(3.35347615703448,15.426762103411,3.70869217711598));
#7351=CARTESIAN_POINT('Ctrl Pts',(3.35347615703448,15.411010070656,3.70869217711598));
#7352=CARTESIAN_POINT('',(3.44071418499278,15.4594094616211,3.62790378835898));
#7353=CARTESIAN_POINT('Ctrl Pts',(3.44071418499278,15.4594094616211,3.62790378835898));
#7354=CARTESIAN_POINT('Ctrl Pts',(3.42393881661574,15.4649988925987,3.64381359504089));
#7355=CARTESIAN_POINT('Ctrl Pts',(3.41009860985917,15.4677936080875,3.65672594217384));
#7356=CARTESIAN_POINT('Ctrl Pts',(3.39929214818798,15.4677936080875,3.66674418137775));
#7357=CARTESIAN_POINT('',(3.44872476806159,15.4567417786545,3.62028969483915));
#7358=CARTESIAN_POINT('Ctrl Pts',(3.44872476806159,15.4567417786545,3.62028969483915));
#7359=CARTESIAN_POINT('Ctrl Pts',(3.44605737978124,15.45763100631,3.62283067603234));
#7360=CARTESIAN_POINT('Ctrl Pts',(3.44338718325066,15.4585202339656,3.6253687092723));
#7361=CARTESIAN_POINT('Ctrl Pts',(3.44071418499278,15.4594094616211,3.62790378835898));
#7362=CARTESIAN_POINT('',(3.5681749537109,15.422061900089,3.50261723574104));
#7363=CARTESIAN_POINT('Ctrl Pts',(3.5681749537109,15.422061900089,3.50261723574104));
#7364=CARTESIAN_POINT('Ctrl Pts',(3.52901967915066,15.4336218596108,3.54250537098056));
#7365=CARTESIAN_POINT('Ctrl Pts',(3.48919548679802,15.4451818191327,3.58173687673552));
#7366=CARTESIAN_POINT('Ctrl Pts',(3.44872476806159,15.4567417786545,3.62028969483915));
#7367=CARTESIAN_POINT('',(3.56816068106816,11.575,3.50260322532816));
#7368=CARTESIAN_POINT('Origin',(0.,11.575,0.));
#7369=CARTESIAN_POINT('',(3.81869305678171,15.7374458439288,3.22764361502862));
#7370=CARTESIAN_POINT('',(3.60479345028267,15.6654766408333,3.46489021194022));
#7371=CARTESIAN_POINT('Ctrl Pts',(3.81868542189699,15.7374458439288,3.22763716185562));
#7372=CARTESIAN_POINT('Ctrl Pts',(3.8031494840947,15.720806899196,3.24601805667931));
#7373=CARTESIAN_POINT('Ctrl Pts',(3.78503725420457,15.7071703899949,3.26718449350983));
#7374=CARTESIAN_POINT('Ctrl Pts',(3.76420716130973,15.6965363163254,3.29100963941836));
#7375=CARTESIAN_POINT('Ctrl Pts',(3.75360141116616,15.6911219224043,3.30314033638239));
#7376=CARTESIAN_POINT('Ctrl Pts',(3.74229051799246,15.6864858769254,3.31595966520187));
#7377=CARTESIAN_POINT('Ctrl Pts',(3.73025241830323,15.6826281798888,3.32944693541478));
#7378=CARTESIAN_POINT('Ctrl Pts',(3.70578170419875,15.6747863606879,3.35686348303862));
#7379=CARTESIAN_POINT('Ctrl Pts',(3.67851833858212,15.6696335477701,3.38680670431433));
#7380=CARTESIAN_POINT('Ctrl Pts',(3.6482690529187,15.6671697411354,3.41908363710449));
#7381=CARTESIAN_POINT('Ctrl Pts',(3.63441107289411,15.6660410076007,3.43387053471385));
#7382=CARTESIAN_POINT('Ctrl Pts',(3.61992601794308,15.6654766408333,3.4491466306284));
#7383=CARTESIAN_POINT('Ctrl Pts',(3.60479345028267,15.6654766408333,3.46489021194022));
#7384=CARTESIAN_POINT('',(3.89024067447186,15.9849660938273,3.14105515632641));
#7385=CARTESIAN_POINT('Ctrl Pts',(3.89024067447186,15.9849660938273,3.14105515632641));
#7386=CARTESIAN_POINT('Ctrl Pts',(3.89024067447186,15.9253280626017,3.14105515632641));
#7387=CARTESIAN_POINT('Ctrl Pts',(3.88434570808072,15.8755549688722,3.14839849885545));
#7388=CARTESIAN_POINT('Ctrl Pts',(3.87243197132074,15.8356468126385,3.16298444951804));
#7389=CARTESIAN_POINT('Ctrl Pts',(3.86051823456077,15.7957386564049,3.17757040018063));
#7390=CARTESIAN_POINT('Ctrl Pts',(3.84272585115246,15.7630050001683,3.19922540671234));
#7391=CARTESIAN_POINT('Ctrl Pts',(3.81870069663868,15.7374458439288,3.22765007240427));
#7392=CARTESIAN_POINT('',(3.82087078037551,16.231813734351,3.22508084861025));
#7393=CARTESIAN_POINT('Ctrl Pts',(3.82087078037551,16.231813734351,3.22508084861025));
#7394=CARTESIAN_POINT('Ctrl Pts',(3.84458758147785,16.2058061718617,3.19698269027263));
#7395=CARTESIAN_POINT('Ctrl Pts',(3.86194013419364,16.1722878046879,3.17583691519919));
#7396=CARTESIAN_POINT('Ctrl Pts',(3.87328281235552,16.1312586328298,3.16194248143627));
#7397=CARTESIAN_POINT('Ctrl Pts',(3.8846254905174,16.0902294609716,3.14804804767334));
#7398=CARTESIAN_POINT('Ctrl Pts',(3.89024067447186,16.0414652813041,3.14105515632641));
#7399=CARTESIAN_POINT('Ctrl Pts',(3.89024067447186,15.9849660938273,3.14105515632641));
#7400=CARTESIAN_POINT('',(3.60480786945647,16.3051281561959,3.46490407150107));
#7401=CARTESIAN_POINT('Ctrl Pts',(3.60480786945647,16.3051281561959,3.46490407150107));
#7402=CARTESIAN_POINT('Ctrl Pts',(3.65576872567059,16.3051281561959,3.41188554870102));
#7403=CARTESIAN_POINT('Ctrl Pts',(3.69812194959207,16.2994109765108,3.36553110834182));
#7404=CARTESIAN_POINT('Ctrl Pts',(3.73272968689595,16.2879766171405,3.32669942810673));
#7405=CARTESIAN_POINT('Ctrl Pts',(3.76733742419984,16.2765422577702,3.28786774787164));
#7406=CARTESIAN_POINT('Ctrl Pts',(3.79657552070971,16.2578212968403,3.25386432788294));
#7407=CARTESIAN_POINT('Ctrl Pts',(3.82087078037551,16.231813734351,3.22508084861025));
#7408=CARTESIAN_POINT('',(3.37421686970398,16.2324863437257,3.68983204449811));
#7409=CARTESIAN_POINT('Ctrl Pts',(3.37421686970398,16.2324863437257,3.68983204449811));
#7410=CARTESIAN_POINT('Ctrl Pts',(3.40102047844628,16.2580454999653,3.66532112158982));
#7411=CARTESIAN_POINT('Ctrl Pts',(3.43386120279642,16.2765422577702,3.63478260552003));
#7412=CARTESIAN_POINT('Ctrl Pts',(3.4722563867631,16.2879766171405,3.59772644665807));
#7413=CARTESIAN_POINT('Ctrl Pts',(3.51065157072978,16.2994109765108,3.5606702877961));
#7414=CARTESIAN_POINT('Ctrl Pts',(3.5550899609549,16.3051281561959,3.51662945959868));
#7415=CARTESIAN_POINT('Ctrl Pts',(3.60480786945647,16.3051281561959,3.46490407150107));
#7416=CARTESIAN_POINT('',(3.29199881504919,15.9849660938273,3.76336867741054));
#7417=CARTESIAN_POINT('Ctrl Pts',(3.29199881504919,15.9849660938273,3.76336867741054));
#7418=CARTESIAN_POINT('Ctrl Pts',(3.29199881504919,16.0437073125532,3.76336867741054));
#7419=CARTESIAN_POINT('Ctrl Pts',(3.29893443423198,16.0932562031578,3.75733543848931));
#7420=CARTESIAN_POINT('Ctrl Pts',(3.31270511112873,16.1336127656413,3.74515484954916));
#7421=CARTESIAN_POINT('Ctrl Pts',(3.32647578802547,16.1739693281247,3.73297426060902));
#7422=CARTESIAN_POINT('Ctrl Pts',(3.34708235221178,16.2069271874862,3.71464557139291));
#7423=CARTESIAN_POINT('Ctrl Pts',(3.37421686970398,16.2324863437257,3.68983204449811));
#7424=CARTESIAN_POINT('',(3.37322402134568,15.7381184533035,3.69073972290332));
#7425=CARTESIAN_POINT('Ctrl Pts',(3.37322402134568,15.7381184533035,3.69073972290332));
#7426=CARTESIAN_POINT('Ctrl Pts',(3.34674480921457,15.7632292032932,3.71494091863454));
#7427=CARTESIAN_POINT('Ctrl Pts',(3.32647578802547,15.7960749610923,3.73297426060901));
#7428=CARTESIAN_POINT('Ctrl Pts',(3.31270511112873,15.8366557267006,3.74515484954916));
#7429=CARTESIAN_POINT('Ctrl Pts',(3.29893443423198,15.877236492309,3.75733543848931));
#7430=CARTESIAN_POINT('Ctrl Pts',(3.29199881504919,15.9266732813512,3.76336867741054));
#7431=CARTESIAN_POINT('Ctrl Pts',(3.29199881504919,15.9849660938273,3.76336867741054));
#7432=CARTESIAN_POINT('Ctrl Pts',(3.60479345028267,15.6654766408333,3.46489021194022));
#7433=CARTESIAN_POINT('Ctrl Pts',(3.57263368815162,15.6654766408333,3.49834850146789));
#7434=CARTESIAN_POINT('Ctrl Pts',(3.54261229562906,15.6678687735474,3.52865577684166));
#7435=CARTESIAN_POINT('Ctrl Pts',(3.51494421787439,15.6726530389755,3.55600437924806));
#7436=CARTESIAN_POINT('Ctrl Pts',(3.49983855090291,15.675265057089,3.57093562542098));
#7437=CARTESIAN_POINT('Ctrl Pts',(3.48543352610253,15.6785901040601,3.58498455200292));
#7438=CARTESIAN_POINT('Ctrl Pts',(3.47175849540622,15.6826281798888,3.59817911582716));
#7439=CARTESIAN_POINT('Ctrl Pts',(3.44626416007616,15.690156357452,3.62277771762482));
#7440=CARTESIAN_POINT('Ctrl Pts',(3.42323943582088,15.7007458516275,3.64447625623965));
#7441=CARTESIAN_POINT('Ctrl Pts',(3.40283684438608,15.7143966624152,3.66342754950724));
#7442=CARTESIAN_POINT('Ctrl Pts',(3.39225045334907,15.7214797244582,3.67326089846337));
#7443=CARTESIAN_POINT('Ctrl Pts',(3.38236933680313,15.7293869880877,3.68235408736479));
#7444=CARTESIAN_POINT('Ctrl Pts',(3.37321052850356,15.7381184533035,3.69072496000348));
#7445=CARTESIAN_POINT('',(3.40585184822543,15.9849660938273,3.66063834465835));
#7446=CARTESIAN_POINT('',(3.60479345028267,15.8746581563725,3.46489021194022));
#7447=CARTESIAN_POINT('Ctrl Pts',(3.40584504318738,15.9849660938273,3.66063103054596));
#7448=CARTESIAN_POINT('Ctrl Pts',(3.40584504318738,15.9681988288037,3.66063103054596));
#7449=CARTESIAN_POINT('Ctrl Pts',(3.40863394629732,15.9534556428078,3.65804217313376));
#7450=CARTESIAN_POINT('Ctrl Pts',(3.41419396942162,15.9407365358395,3.6528454031296));
#7451=CARTESIAN_POINT('Ctrl Pts',(3.41975363358299,15.9280182500346,3.64764896863623));
#7452=CARTESIAN_POINT('Ctrl Pts',(3.42808411727277,15.9173237819111,3.63984490344503));
#7453=CARTESIAN_POINT('Ctrl Pts',(3.43913164907409,15.9086531314688,3.62937646164419));
#7454=CARTESIAN_POINT('Ctrl Pts',(3.44303659373363,15.905588337382,3.62567620654296));
#7455=CARTESIAN_POINT('Ctrl Pts',(3.44728067205882,15.902776397763,3.62164272694248));
#7456=CARTESIAN_POINT('Ctrl Pts',(3.45186040555475,15.900217312612,3.61727241724526));
#7457=CARTESIAN_POINT('Ctrl Pts',(3.4627488840427,15.8941329970858,3.60688185125137));
#7458=CARTESIAN_POINT('Ctrl Pts',(3.4763441521475,15.8891349526127,3.59382033016268));
#7459=CARTESIAN_POINT('Ctrl Pts',(3.49255574555123,15.8852231791929,3.57799585860815));
#7460=CARTESIAN_POINT('Ctrl Pts',(3.50874334269737,15.8813171959455,3.56219481029688));
#7461=CARTESIAN_POINT('Ctrl Pts',(3.52753967899291,15.8784942703537,3.54363880787821));
#7462=CARTESIAN_POINT('Ctrl Pts',(3.54881550147801,15.8767544024174,3.52220222821879));
#7463=CARTESIAN_POINT('Ctrl Pts',(3.56590467543441,15.8753569050542,3.50498393082574));
#7464=CARTESIAN_POINT('Ctrl Pts',(3.58459282280477,15.8746581563725,3.48590648811919));
#7465=CARTESIAN_POINT('Ctrl Pts',(3.60479345028267,15.8746581563725,3.46489021194022));
#7466=CARTESIAN_POINT('',(3.60432731413987,16.0959466406567,3.46537510416192));
#7467=CARTESIAN_POINT('Ctrl Pts',(3.40585866656755,15.9849660938273,3.66064567307008));
#7468=CARTESIAN_POINT('Ctrl Pts',(3.40585866656755,16.0019238789956,3.66064567307008));
#7469=CARTESIAN_POINT('Ctrl Pts',(3.40864757524934,16.0168171076849,3.65805681047384));
#7470=CARTESIAN_POINT('Ctrl Pts',(3.41420760951741,16.0296457798951,3.65286003010154));
#7471=CARTESIAN_POINT('Ctrl Pts',(3.4197672848223,16.0424736238692,3.64766358524026));
#7472=CARTESIAN_POINT('Ctrl Pts',(3.42809778522715,16.0532371779366,3.63985950449739));
#7473=CARTESIAN_POINT('Ctrl Pts',(3.4391453393161,16.0619364420974,3.62939104196012));
#7474=CARTESIAN_POINT('Ctrl Pts',(3.44305031785306,16.0650113706799,3.6256907548926));
#7475=CARTESIAN_POINT('Ctrl Pts',(3.44729443526856,16.0678283847865,3.62165723824139));
#7476=CARTESIAN_POINT('Ctrl Pts',(3.45187421299637,16.0703874844172,3.61728688633493));
#7477=CARTESIAN_POINT('Ctrl Pts',(3.46280385497498,16.0764947770444,3.60685703919016));
#7478=CARTESIAN_POINT('Ctrl Pts',(3.47643991989606,16.0815075786342,3.59375587555806));
#7479=CARTESIAN_POINT('Ctrl Pts',(3.4926916644409,16.0854258891868,3.57789112991788));
#7480=CARTESIAN_POINT('Ctrl Pts',(3.508919329423,16.0893383941346,3.56204989043958));
#7481=CARTESIAN_POINT('Ctrl Pts',(3.52775508248008,16.0921596489699,3.54345307483549));
#7482=CARTESIAN_POINT('Ctrl Pts',(3.54906937799681,16.0938896536928,3.52197480833769));
#7483=CARTESIAN_POINT('Ctrl Pts',(3.56596460278812,16.0952609783354,3.50494960849832));
#7484=CARTESIAN_POINT('Ctrl Pts',(3.58441644409093,16.0959466406567,3.48611320338801));
#7485=CARTESIAN_POINT('Ctrl Pts',(3.60434173144913,16.0959466406567,3.46538896566234));
#7486=CARTESIAN_POINT('',(3.79207169692985,15.9849660938273,3.25886364325719));
#7487=CARTESIAN_POINT('Ctrl Pts',(3.79207169692985,15.9849660938273,3.25886364325719));
#7488=CARTESIAN_POINT('Ctrl Pts',(3.79207169692985,16.0020608391,3.25886364325719));
#7489=CARTESIAN_POINT('Ctrl Pts',(3.78959481463139,16.0170575443065,3.26175245247088));
#7490=CARTESIAN_POINT('Ctrl Pts',(3.78462130851037,16.0299562094468,3.2675130529455));
#7491=CARTESIAN_POINT('Ctrl Pts',(3.77964811663324,16.0428540596034,3.2732732894448));
#7492=CARTESIAN_POINT('Ctrl Pts',(3.77217856389006,16.0536541348087,3.28190501375952));
#7493=CARTESIAN_POINT('Ctrl Pts',(3.76215382809621,16.0623564350628,3.29335673344705));
#7494=CARTESIAN_POINT('Ctrl Pts',(3.75879943102281,16.0652683293116,3.2971886164807));
#7495=CARTESIAN_POINT('Ctrl Pts',(3.75515862248287,16.0679453457631,3.30133595067335));
#7496=CARTESIAN_POINT('Ctrl Pts',(3.75122824295624,16.0703874844172,3.30579592068952));
#7497=CARTESIAN_POINT('Ctrl Pts',(3.74159738603204,16.0763716108375,3.31672446660242));
#7498=CARTESIAN_POINT('Ctrl Pts',(3.72940800941131,16.0813049464372,3.33046655199306));
#7499=CARTESIAN_POINT('Ctrl Pts',(3.71456699762477,16.0851874912161,3.34693770783935));
#7500=CARTESIAN_POINT('Ctrl Pts',(3.69974726458327,16.0890644692803,3.36338524767274));
#7501=CARTESIAN_POINT('Ctrl Pts',(3.68228332778234,16.0918936675692,3.38255419510909));
#7502=CARTESIAN_POINT('Ctrl Pts',(3.66204676742169,16.0936750860829,3.40432276278504));
#7503=CARTESIAN_POINT('Ctrl Pts',(3.6448438283436,16.0951894557988,3.42282804910211));
#7504=CARTESIAN_POINT('Ctrl Pts',(3.62563655954881,16.0959466406567,3.44321141539446));
#7505=CARTESIAN_POINT('Ctrl Pts',(3.60432731413987,16.0959466406567,3.46537510416192));
#7506=CARTESIAN_POINT('Ctrl Pts',(3.60479345028267,15.8746581563725,3.46489021194022));
#7507=CARTESIAN_POINT('Ctrl Pts',(3.62982783600442,15.8746581563725,3.43884500295477));
#7508=CARTESIAN_POINT('Ctrl Pts',(3.65195764577754,15.8756987797582,3.41526286827773));
#7509=CARTESIAN_POINT('Ctrl Pts',(3.67133913727904,15.8777800265295,3.3942994769294));
#7510=CARTESIAN_POINT('Ctrl Pts',(3.6907544842614,15.8798649088111,3.37329946684641));
#7511=CARTESIAN_POINT('Ctrl Pts',(3.70741212386719,15.8829940531637,3.35492715977403));
#7512=CARTESIAN_POINT('Ctrl Pts',(3.72143564579993,15.8871674595875,3.33929883870396));
#7513=CARTESIAN_POINT('Ctrl Pts',(3.73320441796893,15.8906698514693,3.32618329248529));
#7514=CARTESIAN_POINT('Ctrl Pts',(3.74311747886389,15.894907700915,3.31499955214927));
#7515=CARTESIAN_POINT('Ctrl Pts',(3.75122824295624,15.8998810079247,3.30579592068952));
#7516=CARTESIAN_POINT('Ctrl Pts',(3.76297414659186,15.9070832868002,3.29246734067003));
#7517=CARTESIAN_POINT('Ctrl Pts',(3.77213668797966,15.9164038434413,3.28193356987884));
#7518=CARTESIAN_POINT('Ctrl Pts',(3.77878753997711,15.9278426778482,3.27425788961617));
#7519=CARTESIAN_POINT('Ctrl Pts',(3.78543890875812,15.9392824010738,3.26658161293889));
#7520=CARTESIAN_POINT('Ctrl Pts',(3.78957826819967,15.9528407312661,3.26176379188011));
#7521=CARTESIAN_POINT('Ctrl Pts',(3.79123852273102,15.9685176684251,3.25983288893163));
#7522=CARTESIAN_POINT('Ctrl Pts',(3.79179405478202,15.9737632743782,3.25918679614585));
#7523=CARTESIAN_POINT('Ctrl Pts',(3.79207169692985,15.9792460828456,3.25886364325719));
#7524=CARTESIAN_POINT('Ctrl Pts',(3.79207169692985,15.9849660938273,3.25886364325719));
#7525=CARTESIAN_POINT('Origin',(0.,11.575,0.));
#7526=CARTESIAN_POINT('',(3.42108770999251,17.1088963589912,3.64640355404399));
#7527=CARTESIAN_POINT('',(3.30512807290688,17.1088963589912,3.75181668284618));
#7528=CARTESIAN_POINT('Origin',(0.,17.1088963589912,0.));
#7529=CARTESIAN_POINT('',(3.42109455227012,17.4606710619719,3.64641084696002));
#7530=CARTESIAN_POINT('',(3.42109455227012,17.4606710619719,3.64641084696002));
#7531=CARTESIAN_POINT('',(3.52415717809566,17.2945365464151,3.54690233647288));
#7532=CARTESIAN_POINT('Ctrl Pts',(3.52415717809566,17.2945365464151,3.54690233647288));
#7533=CARTESIAN_POINT('Ctrl Pts',(3.50061847110327,17.3281670151513,3.57029009721197));
#7534=CARTESIAN_POINT('Ctrl Pts',(3.47947449756638,17.3607885698254,3.59083862184359));
#7535=CARTESIAN_POINT('Ctrl Pts',(3.46086569224897,17.3924012104374,3.60868517061464));
#7536=CARTESIAN_POINT('Ctrl Pts',(3.44225688693157,17.4240138510495,3.62653171938569));
#7537=CARTESIAN_POINT('Ctrl Pts',(3.42894290465336,17.4467704682277,3.63904745410346));
#7538=CARTESIAN_POINT('Ctrl Pts',(3.42109455227012,17.4606710619719,3.64641084696002));
#7539=CARTESIAN_POINT('',(3.72735465964141,17.1452172652263,3.33272069661553));
#7540=CARTESIAN_POINT('Ctrl Pts',(3.72735465964141,17.1452172652263,3.33272069661553));
#7541=CARTESIAN_POINT('Ctrl Pts',(3.69477646083568,17.1452172652263,3.36915654353321));
#7542=CARTESIAN_POINT('Ctrl Pts',(3.66226216755263,17.1567637261591,3.40444600643992));
#7543=CARTESIAN_POINT('Ctrl Pts',(3.62988222984962,17.1798566480246,3.4386269058771));
#7544=CARTESIAN_POINT('Ctrl Pts',(3.59750229214662,17.2029495698902,3.47280780531428));
#7545=CARTESIAN_POINT('Ctrl Pts',(3.56232805429954,17.241176202687,3.50897623797707));
#7546=CARTESIAN_POINT('Ctrl Pts',(3.52415717809566,17.2945365464151,3.54690233647288));
#7547=CARTESIAN_POINT('',(3.88981809864504,17.4452010463533,3.14157845037387));
#7548=CARTESIAN_POINT('Ctrl Pts',(3.88981809864504,17.4452010463533,3.14157845037387));
#7549=CARTESIAN_POINT('Ctrl Pts',(3.88981809864504,17.3465516713938,3.14157845037387));
#7550=CARTESIAN_POINT('Ctrl Pts',(3.87612426943448,17.2718920307994,3.15876427142086));
#7551=CARTESIAN_POINT('Ctrl Pts',(3.84806540687044,17.2212221245702,3.19258400435244));
#7552=CARTESIAN_POINT('Ctrl Pts',(3.82000654430639,17.170552218341,3.22640373728402));
#7553=CARTESIAN_POINT('Ctrl Pts',(3.78025687238099,17.1452172652263,3.27355422960241));
#7554=CARTESIAN_POINT('Ctrl Pts',(3.72735465964141,17.1452172652263,3.33272069661553));
#7555=CARTESIAN_POINT('',(3.85706896045291,17.6987747806243,3.18170065133581));
#7556=CARTESIAN_POINT('Ctrl Pts',(3.85706896045291,17.6987747806243,3.18170065133581));
#7557=CARTESIAN_POINT('Ctrl Pts',(3.86420243273842,17.6754576556338,3.17305298219662));
#7558=CARTESIAN_POINT('Ctrl Pts',(3.87144950681531,17.6389125462738,3.16420837489353));
#7559=CARTESIAN_POINT('Ctrl Pts',(3.87880644241513,17.5891394525442,3.15516411343038));
#7560=CARTESIAN_POINT('Ctrl Pts',(3.88616337801495,17.5393663588147,3.14611985196723));
#7561=CARTESIAN_POINT('Ctrl Pts',(3.88981809864504,17.4913868900843,3.14157845037387));
#7562=CARTESIAN_POINT('Ctrl Pts',(3.88981809864504,17.4452010463533,3.14157845037387));
#7563=CARTESIAN_POINT('',(3.73943479086224,17.6987747806243,3.31916065373297));
#7564=CARTESIAN_POINT('Origin',(0.,17.6987747806243,0.));
#7565=CARTESIAN_POINT('',(3.73943479086224,17.6826321556309,3.31916065373297));
#7566=CARTESIAN_POINT('',(3.73943479086224,17.6826321556309,3.31916065373297));
#7567=CARTESIAN_POINT('',(3.77008174311823,17.6039368587882,3.28430870208733));
#7568=CARTESIAN_POINT('Ctrl Pts',(3.77008174311823,17.6039368587882,3.28430870208733));
#7569=CARTESIAN_POINT('Ctrl Pts',(3.76448546583454,17.6227699212805,3.29073270930787));
#7570=CARTESIAN_POINT('Ctrl Pts',(3.75872550817582,17.6389125462738,3.29731147793134));
#7571=CARTESIAN_POINT('Ctrl Pts',(3.75279929478317,17.6523647337683,3.30404259256369));
#7572=CARTESIAN_POINT('Ctrl Pts',(3.74687308139051,17.6658169212628,3.31077370719603));
#7573=CARTESIAN_POINT('Ctrl Pts',(3.74241145562479,17.6759060618837,3.31580708187097));
#7574=CARTESIAN_POINT('Ctrl Pts',(3.73943479086224,17.6826321556309,3.31916065373297));
#7575=CARTESIAN_POINT('',(3.78813857517589,17.4869028275862,3.26346535689662));
#7576=CARTESIAN_POINT('Ctrl Pts',(3.78813857517589,17.4869028275862,3.26346535689662));
#7577=CARTESIAN_POINT('Ctrl Pts',(3.78813857517589,17.5079779213275,3.26346535689662));
#7578=CARTESIAN_POINT('Ctrl Pts',(3.78645722213019,17.5279319994444,3.26542007969199));
#7579=CARTESIAN_POINT('Ctrl Pts',(3.78308545827348,17.5467650619366,3.26932170576707));
#7580=CARTESIAN_POINT('Ctrl Pts',(3.77971369441677,17.5655981244289,3.27322333184215));
#7581=CARTESIAN_POINT('Ctrl Pts',(3.77538347949226,17.5846553900461,3.27822280050998));
#7582=CARTESIAN_POINT('Ctrl Pts',(3.77008174311824,17.6039368587882,3.28430870208733));
#7583=CARTESIAN_POINT('',(3.70891678334515,17.355743999515,3.35322774273097));
#7584=CARTESIAN_POINT('Ctrl Pts',(3.70891678334515,17.355743999515,3.35322774273097));
#7585=CARTESIAN_POINT('Ctrl Pts',(3.73477884570778,17.355743999515,3.32462239752094));
#7586=CARTESIAN_POINT('Ctrl Pts',(3.75431249388514,17.3672904604477,3.30238749426812));
#7587=CARTESIAN_POINT('Ctrl Pts',(3.76787183366348,17.3903833823133,3.28684375130389));
#7588=CARTESIAN_POINT('Ctrl Pts',(3.78143117344181,17.4134763041788,3.27130000833966));
#7589=CARTESIAN_POINT('Ctrl Pts',(3.78813857517589,17.4456494526031,3.26346535689662));
#7590=CARTESIAN_POINT('Ctrl Pts',(3.78813857517589,17.4869028275862,3.26346535689662));
#7591=CARTESIAN_POINT('',(3.56306712801371,17.4714328119675,3.50781308533795));
#7592=CARTESIAN_POINT('Ctrl Pts',(3.56306712801371,17.4714328119675,3.50781308533795));
#7593=CARTESIAN_POINT('Ctrl Pts',(3.5929527089161,17.4306278432343,3.47745675553235));
#7594=CARTESIAN_POINT('Ctrl Pts',(3.618915802701,17.4011451323089,3.45031959191573));
#7595=CARTESIAN_POINT('Ctrl Pts',(3.64119547328434,17.3829846791913,3.4266449372139));
#7596=CARTESIAN_POINT('Ctrl Pts',(3.66347514386767,17.3648242260738,3.40297028251207));
#7597=CARTESIAN_POINT('Ctrl Pts',(3.68606193753631,17.355743999515,3.37850688500961));
#7598=CARTESIAN_POINT('Ctrl Pts',(3.70891678334515,17.355743999515,3.35322774273097));
#7599=CARTESIAN_POINT('',(3.40536619883315,17.718953061866,3.66110380244055));
#7600=CARTESIAN_POINT('Ctrl Pts',(3.40536619883315,17.718953061866,3.66110380244055));
#7601=CARTESIAN_POINT('Ctrl Pts',(3.43557277643596,17.6673863431371,3.63300723268952));
#7602=CARTESIAN_POINT('Ctrl Pts',(3.46362654580293,17.6209762962812,3.60621829211609));
#7603=CARTESIAN_POINT('Ctrl Pts',(3.48963862669338,17.5797229212981,3.58086892464518));
#7604=CARTESIAN_POINT('Ctrl Pts',(3.51565070758383,17.538469546315,3.55551955717428));
#7605=CARTESIAN_POINT('Ctrl Pts',(3.54010241847819,17.5023728432048,3.53113952824119));
#7606=CARTESIAN_POINT('Ctrl Pts',(3.56306712801371,17.4714328119675,3.50781308533795));
#7607=CARTESIAN_POINT('',(3.30514129341917,17.718953061866,3.75183169011291));
#7608=CARTESIAN_POINT('Origin',(0.,17.718953061866,0.));
#7609=CARTESIAN_POINT('',(3.30512807290688,11.575,3.75181668284618));
#7610=CARTESIAN_POINT('Origin',(0.,11.575,0.));
#7611=CARTESIAN_POINT('',(3.42108770999251,16.3818056249145,3.64640355404399));
#7612=CARTESIAN_POINT('',(3.30512807290688,16.3818056249145,3.75181668284618));
#7613=CARTESIAN_POINT('Origin',(0.,16.3818056249145,0.));
#7614=CARTESIAN_POINT('',(3.42109455227012,16.7335803278952,3.64641084696002));
#7615=CARTESIAN_POINT('',(3.42109455227012,16.7335803278952,3.64641084696002));
#7616=CARTESIAN_POINT('',(3.52415717809566,16.5674458123383,3.54690233647288));
#7617=CARTESIAN_POINT('Ctrl Pts',(3.52415717809566,16.5674458123383,3.54690233647288));
#7618=CARTESIAN_POINT('Ctrl Pts',(3.50061847110327,16.6010762810745,3.57029009721197));
#7619=CARTESIAN_POINT('Ctrl Pts',(3.47947449756638,16.6336978357487,3.59083862184359));
#7620=CARTESIAN_POINT('Ctrl Pts',(3.46086569224897,16.6653104763607,3.60868517061464));
#7621=CARTESIAN_POINT('Ctrl Pts',(3.44225688693157,16.6969231169727,3.62653171938569));
#7622=CARTESIAN_POINT('Ctrl Pts',(3.42894290465336,16.7196797341509,3.63904745410346));
#7623=CARTESIAN_POINT('Ctrl Pts',(3.42109455227012,16.7335803278952,3.64641084696002));
#7624=CARTESIAN_POINT('',(3.72735465964141,16.4181265311496,3.33272069661553));
#7625=CARTESIAN_POINT('Ctrl Pts',(3.72735465964141,16.4181265311496,3.33272069661553));
#7626=CARTESIAN_POINT('Ctrl Pts',(3.69477646083568,16.4181265311496,3.36915654353321));
#7627=CARTESIAN_POINT('Ctrl Pts',(3.66226216755263,16.4296729920824,3.40444600643992));
#7628=CARTESIAN_POINT('Ctrl Pts',(3.62988222984962,16.4527659139479,3.4386269058771));
#7629=CARTESIAN_POINT('Ctrl Pts',(3.59750229214662,16.4758588358134,3.47280780531428));
#7630=CARTESIAN_POINT('Ctrl Pts',(3.56232805429954,16.5140854686102,3.50897623797707));
#7631=CARTESIAN_POINT('Ctrl Pts',(3.52415717809566,16.5674458123383,3.54690233647288));
#7632=CARTESIAN_POINT('',(3.88981809864504,16.7181103122765,3.14157845037387));
#7633=CARTESIAN_POINT('Ctrl Pts',(3.88981809864504,16.7181103122765,3.14157845037387));
#7634=CARTESIAN_POINT('Ctrl Pts',(3.88981809864504,16.619460937317,3.14157845037387));
#7635=CARTESIAN_POINT('Ctrl Pts',(3.87612426943448,16.5448012967226,3.15876427142086));
#7636=CARTESIAN_POINT('Ctrl Pts',(3.84806540687044,16.4941313904934,3.19258400435244));
#7637=CARTESIAN_POINT('Ctrl Pts',(3.82000654430639,16.4434614842642,3.22640373728402));
#7638=CARTESIAN_POINT('Ctrl Pts',(3.78025687238099,16.4181265311496,3.27355422960241));
#7639=CARTESIAN_POINT('Ctrl Pts',(3.72735465964141,16.4181265311496,3.33272069661553));
#7640=CARTESIAN_POINT('',(3.85706896045291,16.9716840465475,3.18170065133581));
#7641=CARTESIAN_POINT('Ctrl Pts',(3.85706896045291,16.9716840465475,3.18170065133581));
#7642=CARTESIAN_POINT('Ctrl Pts',(3.86420243273842,16.9483669215571,3.17305298219662));
#7643=CARTESIAN_POINT('Ctrl Pts',(3.87144950681531,16.9118218121971,3.16420837489353));
#7644=CARTESIAN_POINT('Ctrl Pts',(3.87880644241513,16.8620487184675,3.15516411343038));
#7645=CARTESIAN_POINT('Ctrl Pts',(3.88616337801495,16.8122756247379,3.14611985196723));
#7646=CARTESIAN_POINT('Ctrl Pts',(3.88981809864504,16.7642961560076,3.14157845037387));
#7647=CARTESIAN_POINT('Ctrl Pts',(3.88981809864504,16.7181103122765,3.14157845037387));
#7648=CARTESIAN_POINT('',(3.73943479086224,16.9716840465475,3.31916065373297));
#7649=CARTESIAN_POINT('Origin',(0.,16.9716840465475,0.));
#7650=CARTESIAN_POINT('',(3.73943479086224,16.9555414215541,3.31916065373297));
#7651=CARTESIAN_POINT('',(3.73943479086224,16.9555414215541,3.31916065373297));
#7652=CARTESIAN_POINT('',(3.77008174311823,16.8768461247114,3.28430870208733));
#7653=CARTESIAN_POINT('Ctrl Pts',(3.77008174311823,16.8768461247114,3.28430870208733));
#7654=CARTESIAN_POINT('Ctrl Pts',(3.76448546583454,16.8956791872037,3.29073270930787));
#7655=CARTESIAN_POINT('Ctrl Pts',(3.75872550817582,16.9118218121971,3.29731147793134));
#7656=CARTESIAN_POINT('Ctrl Pts',(3.75279929478317,16.9252739996916,3.30404259256369));
#7657=CARTESIAN_POINT('Ctrl Pts',(3.74687308139051,16.938726187186,3.31077370719603));
#7658=CARTESIAN_POINT('Ctrl Pts',(3.74241145562479,16.9488153278069,3.31580708187097));
#7659=CARTESIAN_POINT('Ctrl Pts',(3.73943479086224,16.9555414215541,3.31916065373297));
#7660=CARTESIAN_POINT('',(3.78813857517589,16.7598120935094,3.26346535689662));
#7661=CARTESIAN_POINT('Ctrl Pts',(3.78813857517589,16.7598120935094,3.26346535689662));
#7662=CARTESIAN_POINT('Ctrl Pts',(3.78813857517589,16.7808871872508,3.26346535689662));
#7663=CARTESIAN_POINT('Ctrl Pts',(3.78645722213019,16.8008412653676,3.26542007969199));
#7664=CARTESIAN_POINT('Ctrl Pts',(3.78308545827348,16.8196743278599,3.26932170576707));
#7665=CARTESIAN_POINT('Ctrl Pts',(3.77971369441677,16.8385073903522,3.27322333184215));
#7666=CARTESIAN_POINT('Ctrl Pts',(3.77538347949226,16.8575646559693,3.27822280050998));
#7667=CARTESIAN_POINT('Ctrl Pts',(3.77008174311824,16.8768461247114,3.28430870208733));
#7668=CARTESIAN_POINT('',(3.70891678334515,16.6286532654382,3.35322774273097));
#7669=CARTESIAN_POINT('Ctrl Pts',(3.70891678334515,16.6286532654382,3.35322774273097));
#7670=CARTESIAN_POINT('Ctrl Pts',(3.73477884570778,16.6286532654382,3.32462239752094));
#7671=CARTESIAN_POINT('Ctrl Pts',(3.75431249388514,16.640199726371,3.30238749426812));
#7672=CARTESIAN_POINT('Ctrl Pts',(3.76787183366348,16.6632926482365,3.28684375130389));
#7673=CARTESIAN_POINT('Ctrl Pts',(3.78143117344181,16.6863855701021,3.27130000833966));
#7674=CARTESIAN_POINT('Ctrl Pts',(3.78813857517589,16.7185587185264,3.26346535689662));
#7675=CARTESIAN_POINT('Ctrl Pts',(3.78813857517589,16.7598120935094,3.26346535689662));
#7676=CARTESIAN_POINT('',(3.56306712801371,16.7443420778908,3.50781308533795));
#7677=CARTESIAN_POINT('Ctrl Pts',(3.56306712801371,16.7443420778908,3.50781308533795));
#7678=CARTESIAN_POINT('Ctrl Pts',(3.5929527089161,16.7035371091575,3.47745675553235));
#7679=CARTESIAN_POINT('Ctrl Pts',(3.618915802701,16.6740543982321,3.45031959191573));
#7680=CARTESIAN_POINT('Ctrl Pts',(3.64119547328434,16.6558939451146,3.4266449372139));
#7681=CARTESIAN_POINT('Ctrl Pts',(3.66347514386767,16.637733491997,3.40297028251207));
#7682=CARTESIAN_POINT('Ctrl Pts',(3.68606193753631,16.6286532654382,3.37850688500961));
#7683=CARTESIAN_POINT('Ctrl Pts',(3.70891678334515,16.6286532654382,3.35322774273097));
#7684=CARTESIAN_POINT('',(3.40536619883315,16.9918623277892,3.66110380244055));
#7685=CARTESIAN_POINT('Ctrl Pts',(3.40536619883315,16.9918623277892,3.66110380244055));
#7686=CARTESIAN_POINT('Ctrl Pts',(3.43557277643596,16.9402956090604,3.63300723268952));
#7687=CARTESIAN_POINT('Ctrl Pts',(3.46362654580293,16.8938855622044,3.60621829211609));
#7688=CARTESIAN_POINT('Ctrl Pts',(3.48963862669338,16.8526321872214,3.58086892464518));
#7689=CARTESIAN_POINT('Ctrl Pts',(3.51565070758383,16.8113788122383,3.55551955717428));
#7690=CARTESIAN_POINT('Ctrl Pts',(3.54010241847819,16.7752821091281,3.53113952824119));
#7691=CARTESIAN_POINT('Ctrl Pts',(3.56306712801371,16.7443420778908,3.50781308533795));
#7692=CARTESIAN_POINT('',(3.30514129341917,16.9918623277892,3.75183169011291));
#7693=CARTESIAN_POINT('Origin',(0.,16.9918623277892,0.));
#7694=CARTESIAN_POINT('',(3.30512807290688,11.575,3.75181668284618));
#7695=CARTESIAN_POINT('Origin',(0.,11.575,0.));
#7696=CARTESIAN_POINT('',(3.6631802086935,14.8011390894907,3.40311779946606));
#7697=CARTESIAN_POINT('',(3.59770453737313,14.8011390894907,3.47225028789182));
#7698=CARTESIAN_POINT('Origin',(0.,14.8011390894907,0.));
#7699=CARTESIAN_POINT('',(3.66318753516334,15.135823049097,3.40312460580331));
#7700=CARTESIAN_POINT('',(3.66318753516334,15.135823049097,3.40312460580331));
#7701=CARTESIAN_POINT('',(3.30514129341917,15.135823049097,3.75183169011291));
#7702=CARTESIAN_POINT('Origin',(0.,15.135823049097,0.));
#7703=CARTESIAN_POINT('',(3.30514129341917,15.0110256404303,3.75183169011291));
#7704=CARTESIAN_POINT('',(3.30514129341917,15.0110256404303,3.75183169011291));
#7705=CARTESIAN_POINT('',(3.46347626545472,15.0110256404303,3.60617971807172));
#7706=CARTESIAN_POINT('Origin',(0.,15.0110256404303,0.));
#7707=CARTESIAN_POINT('',(3.46347626545472,14.8177517315535,3.60617971807172));
#7708=CARTESIAN_POINT('',(3.46347626545472,14.8177517315535,3.60617971807172));
#7709=CARTESIAN_POINT('',(3.53151931557269,14.8177517315535,3.53957219507344));
#7710=CARTESIAN_POINT('Origin',(0.,14.8177517315535,0.));
#7711=CARTESIAN_POINT('',(3.53151931557269,15.0110256404303,3.53957219507344));
#7712=CARTESIAN_POINT('',(3.53151931557269,15.0110256404303,3.53957219507344));
#7713=CARTESIAN_POINT('',(3.59771892819128,15.0110256404303,3.47226417689297));
#7714=CARTESIAN_POINT('Origin',(0.,15.0110256404303,0.));
#7715=CARTESIAN_POINT('',(3.59770453737313,11.575,3.47225028789182));
#7716=CARTESIAN_POINT('Origin',(0.,11.575,0.));
#7717=CARTESIAN_POINT('',(3.66318020814683,12.7700936896188,3.4031177989582));
#7718=CARTESIAN_POINT('',(3.66317288247181,12.6432703489932,3.40311099335934));
#7719=CARTESIAN_POINT('',(3.66317288247181,11.575,3.40311099335934));
#7720=CARTESIAN_POINT('',(3.42411334573451,12.8786836426146,3.64357623715531));
#7721=CARTESIAN_POINT('Ctrl Pts',(3.42411334573451,12.8786836426146,3.64357623715531));
#7722=CARTESIAN_POINT('Ctrl Pts',(3.50649242071946,12.842486991616,3.56615908661273));
#7723=CARTESIAN_POINT('Ctrl Pts',(3.58624492745124,12.8062903406174,3.4859470804824));
#7724=CARTESIAN_POINT('Ctrl Pts',(3.66318753516334,12.7700936896188,3.40312460580331));
#7725=CARTESIAN_POINT('',(3.66318753516334,12.9876787820021,3.40312460580331));
#7726=CARTESIAN_POINT('Ctrl Pts',(3.66318753516334,12.9876787820021,3.40312460580331));
#7727=CARTESIAN_POINT('Ctrl Pts',(3.58624492745124,12.9513470688729,3.4859470804824));
#7728=CARTESIAN_POINT('Ctrl Pts',(3.50649242071946,12.9150153557437,3.56615908661273));
#7729=CARTESIAN_POINT('Ctrl Pts',(3.42411334573451,12.8786836426146,3.64357623715531));
#7730=CARTESIAN_POINT('',(3.66318753516334,13.1177436137619,3.40312460580331));
#7731=CARTESIAN_POINT('',(3.66318753516334,13.1177436137619,3.40312460580331));
#7732=CARTESIAN_POINT('',(3.30514129341917,12.9459445836493,3.75183169011291));
#7733=CARTESIAN_POINT('Ctrl Pts',(3.30514129341917,12.9459445836493,3.75183169011291));
#7734=CARTESIAN_POINT('Ctrl Pts',(3.43020235161982,13.0032109270202,3.64166031202392));
#7735=CARTESIAN_POINT('Ctrl Pts',(3.54975004661288,13.060477270391,3.52523085879495));
#7736=CARTESIAN_POINT('Ctrl Pts',(3.66318753516334,13.1177436137619,3.40312460580331));
#7737=CARTESIAN_POINT('',(3.30514129341917,12.8150693791059,3.75183169011291));
#7738=CARTESIAN_POINT('',(3.30514129341917,12.8150693791059,3.75183169011291));
#7739=CARTESIAN_POINT('Ctrl Pts',(3.66317288247181,12.6432703489932,3.40311099335934));
#7740=CARTESIAN_POINT('Ctrl Pts',(3.5622833954355,12.6942023221112,3.51171034076795));
#7741=CARTESIAN_POINT('Ctrl Pts',(3.45656148722711,12.7451342952291,3.61582012714548));
#7742=CARTESIAN_POINT('Ctrl Pts',(3.34642479787687,12.7960662683471,3.71502908092988));
#7743=CARTESIAN_POINT('Ctrl Pts',(3.33272718268417,12.8024006386,3.72736762207023));
#7744=CARTESIAN_POINT('Ctrl Pts',(3.31896132698798,12.808735008853,3.73963040609866));
#7745=CARTESIAN_POINT('Ctrl Pts',(3.30512807290688,12.8150693791059,3.75181668284618));
#7746=CARTESIAN_POINT('Origin',(0.,11.575,0.));
#7747=CARTESIAN_POINT('',(3.42108770999251,8.81078242520722,3.64640355404399));
#7748=CARTESIAN_POINT('',(3.30512807290687,8.81078242520722,3.75181668284618));
#7749=CARTESIAN_POINT('Origin',(0.,8.81078242520722,0.));
#7750=CARTESIAN_POINT('',(3.42109455227012,9.16255712818792,3.64641084696002));
#7751=CARTESIAN_POINT('',(3.42109455227012,9.16255712818792,3.64641084696002));
#7752=CARTESIAN_POINT('',(3.52415717809566,8.99642261263107,3.54690233647289));
#7753=CARTESIAN_POINT('Ctrl Pts',(3.52415717809566,8.99642261263107,3.54690233647289));
#7754=CARTESIAN_POINT('Ctrl Pts',(3.50061847110327,9.03005308136728,3.57029009721197));
#7755=CARTESIAN_POINT('Ctrl Pts',(3.47947449756638,9.0626746360414,3.59083862184359));
#7756=CARTESIAN_POINT('Ctrl Pts',(3.46086569224897,9.09428727665343,3.60868517061464));
#7757=CARTESIAN_POINT('Ctrl Pts',(3.44225688693157,9.12589991726546,3.6265317193857));
#7758=CARTESIAN_POINT('Ctrl Pts',(3.42894290465336,9.14865653444363,3.63904745410346));
#7759=CARTESIAN_POINT('Ctrl Pts',(3.42109455227012,9.16255712818792,3.64641084696002));
#7760=CARTESIAN_POINT('',(3.72735465964141,8.84710333144232,3.33272069661553));
#7761=CARTESIAN_POINT('Ctrl Pts',(3.72735465964141,8.84710333144232,3.33272069661553));
#7762=CARTESIAN_POINT('Ctrl Pts',(3.69477646083567,8.84710333144232,3.36915654353321));
#7763=CARTESIAN_POINT('Ctrl Pts',(3.66226216755262,8.85864979237508,3.40444600643992));
#7764=CARTESIAN_POINT('Ctrl Pts',(3.62988222984962,8.88174271424061,3.4386269058771));
#7765=CARTESIAN_POINT('Ctrl Pts',(3.59750229214662,8.90483563610614,3.47280780531428));
#7766=CARTESIAN_POINT('Ctrl Pts',(3.56232805429954,8.94306226890296,3.50897623797707));
#7767=CARTESIAN_POINT('Ctrl Pts',(3.52415717809566,8.99642261263107,3.54690233647289));
#7768=CARTESIAN_POINT('',(3.88981809864504,9.14708711256927,3.14157845037387));
#7769=CARTESIAN_POINT('Ctrl Pts',(3.88981809864504,9.14708711256927,3.14157845037387));
#7770=CARTESIAN_POINT('Ctrl Pts',(3.88981809864504,9.04843773760973,3.14157845037387));
#7771=CARTESIAN_POINT('Ctrl Pts',(3.87612426943448,8.97377809701536,3.15876427142086));
#7772=CARTESIAN_POINT('Ctrl Pts',(3.84806540687044,8.92310819078615,3.19258400435244));
#7773=CARTESIAN_POINT('Ctrl Pts',(3.82000654430639,8.87243828455693,3.22640373728402));
#7774=CARTESIAN_POINT('Ctrl Pts',(3.78025687238099,8.84710333144232,3.27355422960241));
#7775=CARTESIAN_POINT('Ctrl Pts',(3.72735465964141,8.84710333144232,3.33272069661553));
#7776=CARTESIAN_POINT('',(3.85706896045291,9.40066084684026,3.18170065133581));
#7777=CARTESIAN_POINT('Ctrl Pts',(3.85706896045291,9.40066084684026,3.18170065133581));
#7778=CARTESIAN_POINT('Ctrl Pts',(3.86420243273842,9.37734372184982,3.17305298219662));
#7779=CARTESIAN_POINT('Ctrl Pts',(3.87144950681531,9.34079861248981,3.16420837489353));
#7780=CARTESIAN_POINT('Ctrl Pts',(3.87880644241512,9.29102551876023,3.15516411343038));
#7781=CARTESIAN_POINT('Ctrl Pts',(3.88616337801494,9.24125242503064,3.14611985196723));
#7782=CARTESIAN_POINT('Ctrl Pts',(3.88981809864504,9.19327295630032,3.14157845037387));
#7783=CARTESIAN_POINT('Ctrl Pts',(3.88981809864504,9.14708711256927,3.14157845037387));
#7784=CARTESIAN_POINT('',(3.73943479086223,9.40066084684025,3.31916065373298));
#7785=CARTESIAN_POINT('Origin',(0.,9.40066084684025,0.));
#7786=CARTESIAN_POINT('',(3.73943479086223,9.38451822184688,3.31916065373298));
#7787=CARTESIAN_POINT('',(3.73943479086223,9.38451822184688,3.31916065373298));
#7788=CARTESIAN_POINT('',(3.77008174311823,9.30582292500416,3.28430870208733));
#7789=CARTESIAN_POINT('Ctrl Pts',(3.77008174311823,9.30582292500416,3.28430870208733));
#7790=CARTESIAN_POINT('Ctrl Pts',(3.76448546583454,9.32465598749643,3.29073270930787));
#7791=CARTESIAN_POINT('Ctrl Pts',(3.75872550817582,9.34079861248981,3.29731147793134));
#7792=CARTESIAN_POINT('Ctrl Pts',(3.75279929478317,9.35425079998429,3.30404259256369));
#7793=CARTESIAN_POINT('Ctrl Pts',(3.74687308139051,9.36770298747877,3.31077370719603));
#7794=CARTESIAN_POINT('Ctrl Pts',(3.74241145562479,9.37779212809964,3.31580708187097));
#7795=CARTESIAN_POINT('Ctrl Pts',(3.73943479086223,9.38451822184688,3.31916065373298));
#7796=CARTESIAN_POINT('',(3.78813857517589,9.18878889380216,3.26346535689662));
#7797=CARTESIAN_POINT('Ctrl Pts',(3.78813857517589,9.18878889380216,3.26346535689662));
#7798=CARTESIAN_POINT('Ctrl Pts',(3.78813857517589,9.20986398754352,3.26346535689662));
#7799=CARTESIAN_POINT('Ctrl Pts',(3.78645722213019,9.22981806566033,3.26542007969199));
#7800=CARTESIAN_POINT('Ctrl Pts',(3.78308545827348,9.24865112815261,3.26932170576707));
#7801=CARTESIAN_POINT('Ctrl Pts',(3.77971369441677,9.26748419064488,3.27322333184215));
#7802=CARTESIAN_POINT('Ctrl Pts',(3.77538347949226,9.28654145626207,3.27822280050998));
#7803=CARTESIAN_POINT('Ctrl Pts',(3.77008174311823,9.30582292500416,3.28430870208733));
#7804=CARTESIAN_POINT('',(3.70891678334515,9.05763006573096,3.35322774273098));
#7805=CARTESIAN_POINT('Ctrl Pts',(3.70891678334515,9.05763006573096,3.35322774273098));
#7806=CARTESIAN_POINT('Ctrl Pts',(3.73477884570778,9.05763006573096,3.32462239752094));
#7807=CARTESIAN_POINT('Ctrl Pts',(3.75431249388514,9.06917652666373,3.30238749426812));
#7808=CARTESIAN_POINT('Ctrl Pts',(3.76787183366347,9.09226944852925,3.28684375130389));
#7809=CARTESIAN_POINT('Ctrl Pts',(3.78143117344181,9.11536237039478,3.27130000833966));
#7810=CARTESIAN_POINT('Ctrl Pts',(3.78813857517589,9.14753551881908,3.26346535689662));
#7811=CARTESIAN_POINT('Ctrl Pts',(3.78813857517589,9.18878889380216,3.26346535689662));
#7812=CARTESIAN_POINT('',(3.56306712801371,9.17331887818351,3.50781308533795));
#7813=CARTESIAN_POINT('Ctrl Pts',(3.56306712801371,9.17331887818351,3.50781308533795));
#7814=CARTESIAN_POINT('Ctrl Pts',(3.5929527089161,9.13251390945025,3.47745675553235));
#7815=CARTESIAN_POINT('Ctrl Pts',(3.618915802701,9.10303119852484,3.45031959191573));
#7816=CARTESIAN_POINT('Ctrl Pts',(3.64119547328434,9.08487074540729,3.4266449372139));
#7817=CARTESIAN_POINT('Ctrl Pts',(3.66347514386767,9.06671029228974,3.40297028251207));
#7818=CARTESIAN_POINT('Ctrl Pts',(3.68606193753631,9.05763006573096,3.37850688500961));
#7819=CARTESIAN_POINT('Ctrl Pts',(3.70891678334515,9.05763006573096,3.35322774273098));
#7820=CARTESIAN_POINT('',(3.40536619883315,9.42083912808198,3.66110380244055));
#7821=CARTESIAN_POINT('Ctrl Pts',(3.40536619883315,9.42083912808198,3.66110380244055));
#7822=CARTESIAN_POINT('Ctrl Pts',(3.43557277643596,9.36927240935313,3.63300723268952));
#7823=CARTESIAN_POINT('Ctrl Pts',(3.46362654580293,9.32286236249717,3.60621829211609));
#7824=CARTESIAN_POINT('Ctrl Pts',(3.48963862669338,9.28160898751409,3.58086892464518));
#7825=CARTESIAN_POINT('Ctrl Pts',(3.51565070758382,9.24035561253101,3.55551955717428));
#7826=CARTESIAN_POINT('Ctrl Pts',(3.54010241847819,9.20425890942082,3.53113952824119));
#7827=CARTESIAN_POINT('Ctrl Pts',(3.56306712801371,9.17331887818351,3.50781308533795));
#7828=CARTESIAN_POINT('',(3.30514129341917,9.42083912808198,3.75183169011291));
#7829=CARTESIAN_POINT('Origin',(0.,9.42083912808198,0.));
#7830=CARTESIAN_POINT('',(3.30512807290687,11.575,3.75181668284618));
#7831=CARTESIAN_POINT('Origin',(0.,11.575,0.));
#7832=CARTESIAN_POINT('',(3.6631802086935,7.23011588978344,3.40311779946606));
#7833=CARTESIAN_POINT('',(3.59770453737313,7.23011588978345,3.47225028789182));
#7834=CARTESIAN_POINT('Origin',(0.,7.23011588978345,0.));
#7835=CARTESIAN_POINT('',(3.66318753516334,7.56479984938975,3.40312460580331));
#7836=CARTESIAN_POINT('',(3.66318753516334,7.56479984938975,3.40312460580331));
#7837=CARTESIAN_POINT('',(3.30514129341917,7.56479984938975,3.75183169011291));
#7838=CARTESIAN_POINT('Origin',(0.,7.56479984938975,0.));
#7839=CARTESIAN_POINT('',(3.30514129341917,7.44000244072299,3.75183169011291));
#7840=CARTESIAN_POINT('',(3.30514129341917,7.44000244072299,3.75183169011291));
#7841=CARTESIAN_POINT('',(3.46347626545471,7.44000244072299,3.60617971807172));
#7842=CARTESIAN_POINT('Origin',(0.,7.44000244072299,0.));
#7843=CARTESIAN_POINT('',(3.46347626545471,7.24672853184623,3.60617971807173));
#7844=CARTESIAN_POINT('',(3.46347626545471,7.24672853184623,3.60617971807173));
#7845=CARTESIAN_POINT('',(3.53151931557269,7.24672853184623,3.53957219507344));
#7846=CARTESIAN_POINT('Origin',(0.,7.24672853184623,0.));
#7847=CARTESIAN_POINT('',(3.53151931557269,7.44000244072299,3.53957219507344));
#7848=CARTESIAN_POINT('',(3.53151931557269,7.44000244072299,3.53957219507344));
#7849=CARTESIAN_POINT('',(3.59771892819128,7.44000244072299,3.47226417689297));
#7850=CARTESIAN_POINT('Origin',(0.,7.44000244072299,0.));
#7851=CARTESIAN_POINT('',(3.59770453737313,11.575,3.47225028789182));
#7852=CARTESIAN_POINT('Origin',(0.,11.575,0.));
#7853=CARTESIAN_POINT('',(3.66318020814683,5.19907048991155,3.4031177989582));
#7854=CARTESIAN_POINT('',(3.66317288247181,5.07224714928592,3.40311099335934));
#7855=CARTESIAN_POINT('',(3.66317288247181,11.575,3.40311099335934));
#7856=CARTESIAN_POINT('',(3.42411334573451,5.3076604429073,3.64357623715531));
#7857=CARTESIAN_POINT('Ctrl Pts',(3.42411334573451,5.3076604429073,3.64357623715531));
#7858=CARTESIAN_POINT('Ctrl Pts',(3.50649242071946,5.27146379190872,3.56615908661273));
#7859=CARTESIAN_POINT('Ctrl Pts',(3.58624492745124,5.23526714091014,3.4859470804824));
#7860=CARTESIAN_POINT('Ctrl Pts',(3.66318753516334,5.19907048991155,3.40312460580331));
#7861=CARTESIAN_POINT('',(3.66318753516334,5.41665558229483,3.40312460580331));
#7862=CARTESIAN_POINT('Ctrl Pts',(3.66318753516334,5.41665558229483,3.40312460580331));
#7863=CARTESIAN_POINT('Ctrl Pts',(3.58624492745124,5.38032386916565,3.4859470804824));
#7864=CARTESIAN_POINT('Ctrl Pts',(3.50649242071946,5.34399215603648,3.56615908661273));
#7865=CARTESIAN_POINT('Ctrl Pts',(3.42411334573451,5.3076604429073,3.64357623715531));
#7866=CARTESIAN_POINT('',(3.66318753516334,5.54672041405467,3.40312460580331));
#7867=CARTESIAN_POINT('',(3.66318753516334,5.54672041405467,3.40312460580331));
#7868=CARTESIAN_POINT('',(3.30514129341917,5.37492138394199,3.75183169011291));
#7869=CARTESIAN_POINT('Ctrl Pts',(3.30514129341917,5.37492138394199,3.75183169011291));
#7870=CARTESIAN_POINT('Ctrl Pts',(3.43020235161982,5.43218772731288,3.64166031202392));
#7871=CARTESIAN_POINT('Ctrl Pts',(3.54975004661288,5.48945407068377,3.52523085879495));
#7872=CARTESIAN_POINT('Ctrl Pts',(3.66318753516334,5.54672041405467,3.40312460580331));
#7873=CARTESIAN_POINT('',(3.30514129341917,5.2440461793986,3.75183169011291));
#7874=CARTESIAN_POINT('',(3.30514129341917,5.2440461793986,3.75183169011291));
#7875=CARTESIAN_POINT('Ctrl Pts',(3.66317288247181,5.07224714928592,3.40311099335934));
#7876=CARTESIAN_POINT('Ctrl Pts',(3.56228339543551,5.12317912240389,3.51171034076794));
#7877=CARTESIAN_POINT('Ctrl Pts',(3.45656148722712,5.17411109552186,3.61582012714547));
#7878=CARTESIAN_POINT('Ctrl Pts',(3.34642479787689,5.22504306863983,3.71502908092987));
#7879=CARTESIAN_POINT('Ctrl Pts',(3.33272718268418,5.23137743889276,3.72736762207022));
#7880=CARTESIAN_POINT('Ctrl Pts',(3.31896132698798,5.23771180914568,3.73963040609866));
#7881=CARTESIAN_POINT('Ctrl Pts',(3.30512807290688,5.2440461793986,3.75181668284618));
#7882=CARTESIAN_POINT('Origin',(0.,11.575,0.));
#7883=CARTESIAN_POINT('Origin',(0.,19.6,0.));
#7884=CARTESIAN_POINT('Origin',(0.,3.55,0.));
#7885=CARTESIAN_POINT('',(-4.94852280908756,12.4351490788822,0.715696846079422));
#7886=CARTESIAN_POINT('',(-4.96124432485719,12.4205623687783,0.62133304199302));
#7887=CARTESIAN_POINT('Ctrl Pts',(-4.94851291528342,12.4351490788822,0.715695415154539));
#7888=CARTESIAN_POINT('Ctrl Pts',(-4.95063950893118,12.4302868421809,0.700991567807364));
#7889=CARTESIAN_POINT('Ctrl Pts',(-4.95256549854055,12.4266401646549,0.687214012446045));
#7890=CARTESIAN_POINT('Ctrl Pts',(-4.95431426101677,12.4242090463043,0.674366519843538));
#7891=CARTESIAN_POINT('Ctrl Pts',(-4.95586107379751,12.4220586771218,0.66300267482265));
#7892=CARTESIAN_POINT('Ctrl Pts',(-4.95788617965927,12.4208593286126,0.647864610764414));
#7893=CARTESIAN_POINT('Ctrl Pts',(-4.96028580976438,12.4206110007765,0.628939333680196));
#7894=CARTESIAN_POINT('Ctrl Pts',(-4.96059910208716,12.4205785794444,0.626468476190864));
#7895=CARTESIAN_POINT('Ctrl Pts',(-4.96091870588573,12.4205623687783,0.623933057065549));
#7896=CARTESIAN_POINT('Ctrl Pts',(-4.96124432485719,12.4205623687783,0.62133304199302));
#7897=CARTESIAN_POINT('',(-4.98475746736249,12.6798816595144,0.390375450014321));
#7898=CARTESIAN_POINT('Ctrl Pts',(-4.96124432485719,12.4205623687783,0.62133304199302));
#7899=CARTESIAN_POINT('Ctrl Pts',(-4.96574555618733,12.4205623687783,0.585391434381314));
#7900=CARTESIAN_POINT('Ctrl Pts',(-4.96938918293675,12.4264610913709,0.553164804330307));
#7901=CARTESIAN_POINT('Ctrl Pts',(-4.97239439806665,12.438258536556,0.524684619629171));
#7902=CARTESIAN_POINT('Ctrl Pts',(-4.97528328998859,12.4495993366724,0.497306820715557));
#7903=CARTESIAN_POINT('Ctrl Pts',(-4.97758197856265,12.4663910520193,0.473390724042731));
#7904=CARTESIAN_POINT('Ctrl Pts',(-4.97944103384665,12.4886336825965,0.452953629463496));
#7905=CARTESIAN_POINT('Ctrl Pts',(-4.98105801306461,12.5079799988173,0.435177742165004));
#7906=CARTESIAN_POINT('Ctrl Pts',(-4.98223945170203,12.53066459935,0.421182742510453));
#7907=CARTESIAN_POINT('Ctrl Pts',(-4.98308112981964,12.5566874841946,0.410977436893379));
#7908=CARTESIAN_POINT('Ctrl Pts',(-4.98392287456323,12.5827124289722,0.400771323439474));
#7909=CARTESIAN_POINT('Ctrl Pts',(-4.98442481520191,12.6120761865898,0.394355397762039));
#7910=CARTESIAN_POINT('Ctrl Pts',(-4.984630885428,12.6447787570475,0.391733246019885));
#7911=CARTESIAN_POINT('Ctrl Pts',(-4.98470210431918,12.656080927433,0.390827017385514));
#7912=CARTESIAN_POINT('Ctrl Pts',(-4.98473752841238,12.6677818949219,0.39037388851877));
#7913=CARTESIAN_POINT('Ctrl Pts',(-4.98473752841238,12.6798816595144,0.39037388851877));
#7914=CARTESIAN_POINT('',(-4.96121380220406,12.9400113230341,0.621737572630104));
#7915=CARTESIAN_POINT('Ctrl Pts',(-4.98475746736249,12.6798816595144,0.390375450014321));
#7916=CARTESIAN_POINT('Ctrl Pts',(-4.98475746736249,12.7590280680412,0.390375450014322));
#7917=CARTESIAN_POINT('Ctrl Pts',(-4.98324950664576,12.8221696140928,0.411325579253214));
#7918=CARTESIAN_POINT('Ctrl Pts',(-4.97944259438517,12.8693062976693,0.453157201887731));
#7919=CARTESIAN_POINT('Ctrl Pts',(-4.97563568212457,12.9164429812458,0.494988824522249));
#7920=CARTESIAN_POINT('Ctrl Pts',(-4.97004778297328,12.9400113230341,0.551245987031903));
#7921=CARTESIAN_POINT('Ctrl Pts',(-4.96121380220406,12.9400113230341,0.621737572630104));
#7922=CARTESIAN_POINT('',(-4.94859069132697,12.9274505448891,0.715297259964013));
#7923=CARTESIAN_POINT('Ctrl Pts',(-4.96121380220406,12.9400113230341,0.621737572630104));
#7924=CARTESIAN_POINT('Ctrl Pts',(-4.95886255256966,12.9400113230341,0.640499591610614));
#7925=CARTESIAN_POINT('Ctrl Pts',(-4.95664954948459,12.9388632949241,0.657305106288391));
#7926=CARTESIAN_POINT('Ctrl Pts',(-4.95463415592014,12.936567238704,0.672160978776296));
#7927=CARTESIAN_POINT('Ctrl Pts',(-4.95261876235569,12.934271182484,0.687016851264201));
#7928=CARTESIAN_POINT('Ctrl Pts',(-4.95060017042327,12.9312322845456,0.701395222158315));
#7929=CARTESIAN_POINT('Ctrl Pts',(-4.94859069132697,12.9274505448891,0.715297259964013));
#7930=CARTESIAN_POINT('',(-4.93871084191951,12.8982771246813,0.780599269988545));
#7931=CARTESIAN_POINT('Ctrl Pts',(-4.94859069132697,12.9274505448891,0.715297259964013));
#7932=CARTESIAN_POINT('Ctrl Pts',(-4.94704493817598,12.9239389294937,0.725991135199165));
#7933=CARTESIAN_POINT('Ctrl Pts',(-4.94532952933371,12.9192792859883,0.737615775556494));
#7934=CARTESIAN_POINT('Ctrl Pts',(-4.94342472680937,12.9134716143728,0.750167961705721));
#7935=CARTESIAN_POINT('Ctrl Pts',(-4.94151992428503,12.9076639427574,0.762720147854948));
#7936=CARTESIAN_POINT('Ctrl Pts',(-4.93993382296581,12.9025991128602,0.772861689407786));
#7937=CARTESIAN_POINT('Ctrl Pts',(-4.93871084191951,12.8982771246813,0.780599269988545));
#7938=CARTESIAN_POINT('',(-4.93871084191951,12.7791523254993,0.780599269988546));
#7939=CARTESIAN_POINT('',(-4.93871084191951,12.8982771246813,0.780599269988545));
#7940=CARTESIAN_POINT('',(-4.94059397454579,12.7791523254993,0.768590384458339));
#7941=CARTESIAN_POINT('Origin',(0.,12.7791523254993,0.));
#7942=CARTESIAN_POINT('',(-4.94818413495553,12.8204813374604,0.718104286976736));
#7943=CARTESIAN_POINT('Ctrl Pts',(-4.94059397454579,12.7791523254993,0.768590384458339));
#7944=CARTESIAN_POINT('Ctrl Pts',(-4.94146595716676,12.784554810723,0.762985172410177));
#7945=CARTESIAN_POINT('Ctrl Pts',(-4.94255743370754,12.7910377929914,0.755910532951715));
#7946=CARTESIAN_POINT('Ctrl Pts',(-4.94384947241613,12.7986012723046,0.747363629360428));
#7947=CARTESIAN_POINT('Ctrl Pts',(-4.94514151112471,12.8061647516177,0.738816725769141));
#7948=CARTESIAN_POINT('Ctrl Pts',(-4.94659352035776,12.8134581066696,0.729064608562703));
#7949=CARTESIAN_POINT('Ctrl Pts',(-4.94818413495553,12.8204813374604,0.718104286976736));
#7950=CARTESIAN_POINT('',(-4.958809778545,12.846413266534,0.64062905070443));
#7951=CARTESIAN_POINT('Ctrl Pts',(-4.94818413495553,12.8204813374604,0.718104286976736));
#7952=CARTESIAN_POINT('Ctrl Pts',(-4.9497747495533,12.8277746925124,0.707143965390769));
#7953=CARTESIAN_POINT('Ctrl Pts',(-4.95148448055932,12.8339200194543,0.695109081100557));
#7954=CARTESIAN_POINT('Ctrl Pts',(-4.95328987418777,12.8389173182862,0.681996644177171));
#7955=CARTESIAN_POINT('Ctrl Pts',(-4.95509526781622,12.8439146171181,0.668884207253785));
#7956=CARTESIAN_POINT('Ctrl Pts',(-4.95694084449565,12.846413266534,0.655095594844441));
#7957=CARTESIAN_POINT('Ctrl Pts',(-4.958809778545,12.846413266534,0.64062905070443));
#7958=CARTESIAN_POINT('',(-4.9693080171399,12.8079205593154,0.553333381596598));
#7959=CARTESIAN_POINT('Ctrl Pts',(-4.958809778545,12.846413266534,0.64062905070443));
#7960=CARTESIAN_POINT('Ctrl Pts',(-4.96099020160258,12.846413266534,0.623751415874418));
#7961=CARTESIAN_POINT('Ctrl Pts',(-4.96291194374954,12.8435769617916,0.608202273308832));
#7962=CARTESIAN_POINT('Ctrl Pts',(-4.96461271696027,12.8379043523068,0.593987012481184));
#7963=CARTESIAN_POINT('Ctrl Pts',(-4.966313490171,12.8322317428219,0.579771751653537));
#7964=CARTESIAN_POINT('Ctrl Pts',(-4.96787311693934,12.8222371451581,0.566219755901139));
#7965=CARTESIAN_POINT('Ctrl Pts',(-4.9693080171399,12.8079205593154,0.553333381596598));
#7966=CARTESIAN_POINT('',(-4.97362886384678,12.6794764731227,0.513045733936292));
#7967=CARTESIAN_POINT('Ctrl Pts',(-4.9693080171399,12.8079205593154,0.553333381596598));
#7968=CARTESIAN_POINT('Ctrl Pts',(-4.97062334232375,12.7952247190398,0.541520871817436));
#7969=CARTESIAN_POINT('Ctrl Pts',(-4.97165878660316,12.7780042973893,0.5318515927104));
#7970=CARTESIAN_POINT('Ctrl Pts',(-4.97245193809994,12.756259294364,0.524329785236523));
#7971=CARTESIAN_POINT('Ctrl Pts',(-4.97324508959672,12.7345142913388,0.516807977762646));
#7972=CARTESIAN_POINT('Ctrl Pts',(-4.97362886384678,12.7089200175917,0.513045733936292));
#7973=CARTESIAN_POINT('Ctrl Pts',(-4.97362886384678,12.6794764731227,0.513045733936292));
#7974=CARTESIAN_POINT('',(-4.96908340606911,12.5498168277546,0.555346832104555));
#7975=CARTESIAN_POINT('Ctrl Pts',(-4.97362886384678,12.6794764731227,0.513045733936292));
#7976=CARTESIAN_POINT('Ctrl Pts',(-4.97362886384678,12.6484121830866,0.513045733936292));
#7977=CARTESIAN_POINT('Ctrl Pts',(-4.97323154116367,12.6222776608171,0.516942360627111));
#7978=CARTESIAN_POINT('Ctrl Pts',(-4.97240943151408,12.6010729063142,0.524732737486249));
#7979=CARTESIAN_POINT('Ctrl Pts',(-4.97158732186449,12.5798681518113,0.532523114345388));
#7980=CARTESIAN_POINT('Ctrl Pts',(-4.97049352500471,12.5627827922914,0.542729494256615));
#7981=CARTESIAN_POINT('Ctrl Pts',(-4.96908340606912,12.5498168277546,0.555346832104555));
#7982=CARTESIAN_POINT('',(-4.95870588374664,12.5141604252784,0.641432739183505));
#7983=CARTESIAN_POINT('Ctrl Pts',(-4.96908340606911,12.5498168277546,0.555346832104555));
#7984=CARTESIAN_POINT('Ctrl Pts',(-4.96770328966407,12.537120987479,0.56769571595573));
#7985=CARTESIAN_POINT('Ctrl Pts',(-4.96612766578562,12.528004293664,0.581381831696292));
#7986=CARTESIAN_POINT('Ctrl Pts',(-4.96432331957582,12.5224667463098,0.596400854388826));
#7987=CARTESIAN_POINT('Ctrl Pts',(-4.96251897336602,12.5169291989555,0.61141987708136));
#7988=CARTESIAN_POINT('Ctrl Pts',(-4.96064646904807,12.5141604252784,0.626430711434846));
#7989=CARTESIAN_POINT('Ctrl Pts',(-4.95870588374664,12.5141604252784,0.641432739183505));
#7990=CARTESIAN_POINT('',(-4.94771754941463,12.5409027271355,0.721312034846566));
#7991=CARTESIAN_POINT('Ctrl Pts',(-4.95870588374664,12.5141604252784,0.641432739183505));
#7992=CARTESIAN_POINT('Ctrl Pts',(-4.9566959918273,12.5141604252784,0.656970553637473));
#7993=CARTESIAN_POINT('Ctrl Pts',(-4.95470853390344,12.5169291989555,0.67176220620706));
#7994=CARTESIAN_POINT('Ctrl Pts',(-4.9527633684502,12.5224667463098,0.68580975243711));
#7995=CARTESIAN_POINT('Ctrl Pts',(-4.95081820299696,12.528004293664,0.699857298667161));
#7996=CARTESIAN_POINT('Ctrl Pts',(-4.9491204253542,12.534149620606,0.711689245303989));
#7997=CARTESIAN_POINT('Ctrl Pts',(-4.94771754941463,12.5409027271355,0.721312034846566));
#7998=CARTESIAN_POINT('',(-4.94040697512599,12.5810161799213,0.769791478600833));
#7999=CARTESIAN_POINT('Ctrl Pts',(-4.94771754941463,12.5409027271355,0.721312034846566));
#8000=CARTESIAN_POINT('Ctrl Pts',(-4.94615879837066,12.5476558336651,0.732004023227206));
#8001=CARTESIAN_POINT('Ctrl Pts',(-4.94477057567107,12.5546115333906,0.741287700234357));
#8002=CARTESIAN_POINT('Ctrl Pts',(-4.94357660428417,12.561769826312,0.749166442103589));
#8003=CARTESIAN_POINT('Ctrl Pts',(-4.94238263289728,12.5689281192333,0.757045183972822));
#8004=CARTESIAN_POINT('Ctrl Pts',(-4.94132190828545,12.5753435704364,0.763919573950786));
#8005=CARTESIAN_POINT('Ctrl Pts',(-4.94040697512599,12.5810161799213,0.769791478600832));
#8006=CARTESIAN_POINT('',(-4.93871084191951,12.5810161799213,0.780599269988545));
#8007=CARTESIAN_POINT('Origin',(0.,12.5810161799213,0.));
#8008=CARTESIAN_POINT('',(-4.93871084191951,12.4635121263065,0.780599269988545));
#8009=CARTESIAN_POINT('',(-4.93871084191951,12.5810161799213,0.780599269988545));
#8010=CARTESIAN_POINT('Ctrl Pts',(-4.93871084191951,12.4635121263065,0.780599269988545));
#8011=CARTESIAN_POINT('Ctrl Pts',(-4.94006033824646,12.4591901381275,0.772061250037363));
#8012=CARTESIAN_POINT('Ctrl Pts',(-4.94160969542525,12.4543279014262,0.762119030327717));
#8013=CARTESIAN_POINT('Ctrl Pts',(-4.94333350293308,12.4489254162026,0.75076885869048));
#8014=CARTESIAN_POINT('Ctrl Pts',(-4.9450573104409,12.4435229309789,0.739418687053242));
#8015=CARTESIAN_POINT('Ctrl Pts',(-4.94679276211806,12.4389308185388,0.72772874661466));
#8016=CARTESIAN_POINT('Ctrl Pts',(-4.94853270933508,12.4351490788822,0.715698277936199));
#8017=CARTESIAN_POINT('',(-4.99614189856462,12.9408216958177,0.196636967417041));
#8018=CARTESIAN_POINT('',(-4.9881311382433,12.7807730710665,0.344307635244413));
#8019=CARTESIAN_POINT('Ctrl Pts',(-4.99613190955349,12.9408216958177,0.196636574271911));
#8020=CARTESIAN_POINT('Ctrl Pts',(-4.99502926014678,12.9408216958177,0.224652633371354));
#8021=CARTESIAN_POINT('Ctrl Pts',(-4.99384479044796,12.935809026211,0.248861050641291));
#8022=CARTESIAN_POINT('Ctrl Pts',(-4.99274426411897,12.9257836869978,0.269266992234734));
#8023=CARTESIAN_POINT('Ctrl Pts',(-4.99198929913742,12.9189062685892,0.283265540849904));
#8024=CARTESIAN_POINT('Ctrl Pts',(-4.99127275437974,12.9096698834184,0.295474723768885));
#8025=CARTESIAN_POINT('Ctrl Pts',(-4.9906339622579,12.8980745314854,0.305896477191267));
#8026=CARTESIAN_POINT('Ctrl Pts',(-4.98977898578414,12.8825550020974,0.319845230920119));
#8027=CARTESIAN_POINT('Ctrl Pts',(-4.98910267162633,12.8638911417993,0.329992482012633));
#8028=CARTESIAN_POINT('Ctrl Pts',(-4.98867454465475,12.842082950591,0.336342515174169));
#8029=CARTESIAN_POINT('Ctrl Pts',(-4.98831651316531,12.8238453255434,0.341652883316739));
#8030=CARTESIAN_POINT('Ctrl Pts',(-4.9881311382433,12.8034086990353,0.344307635244413));
#8031=CARTESIAN_POINT('Ctrl Pts',(-4.9881311382433,12.7807730710665,0.344307635244413));
#8032=CARTESIAN_POINT('',(-4.99615189408113,12.6203192599235,0.196637360818207));
#8033=CARTESIAN_POINT('Ctrl Pts',(-4.9881311382433,12.7807730710665,0.344307635244413));
#8034=CARTESIAN_POINT('Ctrl Pts',(-4.9881311382433,12.7537767858356,0.344307635244413));
#8035=CARTESIAN_POINT('Ctrl Pts',(-4.98839750726064,12.729888446037,0.340511716374802));
#8036=CARTESIAN_POINT('Ctrl Pts',(-4.98890424072206,12.7091080516706,0.332918123425995));
#8037=CARTESIAN_POINT('Ctrl Pts',(-4.98933045429876,12.6916296594141,0.326531151463102));
#8038=CARTESIAN_POINT('Ctrl Pts',(-4.98992581857284,12.6763499813411,0.317457424339954));
#8039=CARTESIAN_POINT('Ctrl Pts',(-4.99064635267017,12.6632690174516,0.305694263243434));
#8040=CARTESIAN_POINT('Ctrl Pts',(-4.99159069250501,12.6461249637216,0.290277336205146));
#8041=CARTESIAN_POINT('Ctrl Pts',(-4.99270031884219,12.6341133937682,0.271062212587571));
#8042=CARTESIAN_POINT('Ctrl Pts',(-4.99384368284249,12.6272343075915,0.248042882047014));
#8043=CARTESIAN_POINT('Ctrl Pts',(-4.99460991025126,12.6226242758128,0.23261643693665));
#8044=CARTESIAN_POINT('Ctrl Pts',(-4.99539021623551,12.6203192599235,0.21548147973676));
#8045=CARTESIAN_POINT('Ctrl Pts',(-4.99613190955349,12.6203192599235,0.196636574271911));
#8046=CARTESIAN_POINT('',(-4.99978191291555,12.7807730710665,0.0487936848629922));
#8047=CARTESIAN_POINT('Ctrl Pts',(-4.99615189408113,12.6203192599235,0.196637360818207));
#8048=CARTESIAN_POINT('Ctrl Pts',(-4.99802159564891,12.6203192599235,0.149132080080163));
#8049=CARTESIAN_POINT('Ctrl Pts',(-4.99881707184105,12.6349059700274,0.11260329691155));
#8050=CARTESIAN_POINT('Ctrl Pts',(-4.99926164724459,12.6640793902352,0.0870803237778722));
#8051=CARTESIAN_POINT('Ctrl Pts',(-4.99970622264814,12.693252810443,0.0615573506441945));
#8052=CARTESIAN_POINT('Ctrl Pts',(-4.99978191291555,12.7321507040534,0.048793684862992));
#8053=CARTESIAN_POINT('Ctrl Pts',(-4.99978191291555,12.7807730710665,0.0487936848629921));
#8054=CARTESIAN_POINT('Ctrl Pts',(-4.99978191291555,12.7807730710665,0.0487936848629922));
#8055=CARTESIAN_POINT('Ctrl Pts',(-4.99978191291555,12.8304759351242,0.0487936848629922));
#8056=CARTESIAN_POINT('Ctrl Pts',(-4.9997058090484,12.8695764219305,0.0617599683683101));
#8057=CARTESIAN_POINT('Ctrl Pts',(-4.99925102518182,12.8980745314854,0.0876880129695495));
#8058=CARTESIAN_POINT('Ctrl Pts',(-4.99879624131523,12.9265726410402,0.113616057570789));
#8059=CARTESIAN_POINT('Ctrl Pts',(-4.99798972573583,12.9408216958176,0.149941829183652));
#8060=CARTESIAN_POINT('Ctrl Pts',(-4.99615189408113,12.9408216958176,0.196637360818208));
#8061=CARTESIAN_POINT('',(-4.97398551999467,12.7009513518867,-0.509478207513884));
#8062=CARTESIAN_POINT('',(-4.9824716748997,12.5692657745598,-0.418301337342066));
#8063=CARTESIAN_POINT('Ctrl Pts',(-4.97397557234712,12.7009513518867,-0.509477188590602));
#8064=CARTESIAN_POINT('Ctrl Pts',(-4.97614513380872,12.691773749598,-0.488295973897582));
#8065=CARTESIAN_POINT('Ctrl Pts',(-4.97779607235453,12.6806629037824,-0.470885875899943));
#8066=CARTESIAN_POINT('Ctrl Pts',(-4.97904748062686,12.6676188144399,-0.4572594292777));
#8067=CARTESIAN_POINT('Ctrl Pts',(-4.97963770660913,12.6614665773042,-0.450832523670375));
#8068=CARTESIAN_POINT('Ctrl Pts',(-4.98013831220478,12.6548842840123,-0.445247193056071));
#8069=CARTESIAN_POINT('Ctrl Pts',(-4.98055780190836,12.6478719345642,-0.440504235904394));
#8070=CARTESIAN_POINT('Ctrl Pts',(-4.98149460985864,12.6322118965302,-0.429912223920521));
#8071=CARTESIAN_POINT('Ctrl Pts',(-4.98206670663359,12.6143378872415,-0.423108104593079));
#8072=CARTESIAN_POINT('Ctrl Pts',(-4.98232068261734,12.5942499066983,-0.4200959599466));
#8073=CARTESIAN_POINT('Ctrl Pts',(-4.9824215596078,12.5862711403932,-0.418899563018617));
#8074=CARTESIAN_POINT('Ctrl Pts',(-4.9824716748997,12.5779430963471,-0.418301337342066));
#8075=CARTESIAN_POINT('Ctrl Pts',(-4.9824716748997,12.5692657745598,-0.418301337342066));
#8076=CARTESIAN_POINT('',(-4.97811259745773,12.4614861943476,-0.467541407185145));
#8077=CARTESIAN_POINT('Ctrl Pts',(-4.9824716748997,12.5692657745598,-0.418301337342066));
#8078=CARTESIAN_POINT('Ctrl Pts',(-4.9824716748997,12.5479259579263,-0.418301337342066));
#8079=CARTESIAN_POINT('Ctrl Pts',(-4.98212663509581,12.528004293664,-0.422474038572553));
#8080=CARTESIAN_POINT('Ctrl Pts',(-4.98140511594926,12.509500781773,-0.430816748507481));
#8081=CARTESIAN_POINT('Ctrl Pts',(-4.9806835968027,12.4909972698819,-0.439159458442409));
#8082=CARTESIAN_POINT('Ctrl Pts',(-4.97960821035115,12.4749924074068,-0.451403093723054));
#8083=CARTESIAN_POINT('Ctrl Pts',(-4.97809268508699,12.4614861943476,-0.467539537026997));
#8084=CARTESIAN_POINT('',(-4.96319565430602,12.4185364368194,-0.605713544076563));
#8085=CARTESIAN_POINT('Ctrl Pts',(-4.97811259745773,12.4614861943476,-0.467541407185145));
#8086=CARTESIAN_POINT('Ctrl Pts',(-4.97659706613147,12.4479799812884,-0.483677915034861));
#8087=CARTESIAN_POINT('Ctrl Pts',(-4.97467836810064,12.4374451351023,-0.503303887787814));
#8088=CARTESIAN_POINT('Ctrl Pts',(-4.9722326155827,12.4298816557891,-0.526405563169339));
#8089=CARTESIAN_POINT('Ctrl Pts',(-4.96978686306475,12.422318176476,-0.549507238550864));
#8090=CARTESIAN_POINT('Ctrl Pts',(-4.96682797220956,12.4185364368194,-0.575950457861693));
#8091=CARTESIAN_POINT('Ctrl Pts',(-4.96319565430603,12.4185364368194,-0.605713544076562));
#8092=CARTESIAN_POINT('',(-4.94390084860381,12.4614861943476,-0.747023694118565));
#8093=CARTESIAN_POINT('Ctrl Pts',(-4.96319565430602,12.4185364368194,-0.605713544076563));
#8094=CARTESIAN_POINT('Ctrl Pts',(-4.95936699489419,12.4185364368194,-0.637085445762506));
#8095=CARTESIAN_POINT('Ctrl Pts',(-4.95570333760609,12.4223857075413,-0.664667140148617));
#8096=CARTESIAN_POINT('Ctrl Pts',(-4.95239298330312,12.430084248985,-0.688479294772164));
#8097=CARTESIAN_POINT('Ctrl Pts',(-4.94908262900016,12.4377827904288,-0.712291449395711));
#8098=CARTESIAN_POINT('Ctrl Pts',(-4.94620124575126,12.4482501055496,-0.7317993638879));
#8099=CARTESIAN_POINT('Ctrl Pts',(-4.94390084860381,12.4614861943476,-0.747023694118565));
#8100=CARTESIAN_POINT('',(-4.93710955904855,12.5652139106421,-0.79066377326357));
#8101=CARTESIAN_POINT('Ctrl Pts',(-4.94390084860381,12.4614861943476,-0.747023694118565));
#8102=CARTESIAN_POINT('Ctrl Pts',(-4.94164080930105,12.4747222831456,-0.761980930836411));
#8103=CARTESIAN_POINT('Ctrl Pts',(-4.93991289335814,12.4903219592289,-0.772988905484064));
#8104=CARTESIAN_POINT('Ctrl Pts',(-4.93879611437087,12.5082852225976,-0.780059575337174));
#8105=CARTESIAN_POINT('Ctrl Pts',(-4.93767933538359,12.5262484859663,-0.787130245190284));
#8106=CARTESIAN_POINT('Ctrl Pts',(-4.93710955904855,12.5452247153145,-0.790663773263571));
#8107=CARTESIAN_POINT('Ctrl Pts',(-4.93710955904855,12.5652139106421,-0.790663773263571));
#8108=CARTESIAN_POINT('',(-4.95019234649336,12.684338709824,-0.704127639791618));
#8109=CARTESIAN_POINT('Ctrl Pts',(-4.93710955904855,12.5652139106421,-0.79066377326357));
#8110=CARTESIAN_POINT('Ctrl Pts',(-4.93710955904855,12.5938470823275,-0.79066377326357));
#8111=CARTESIAN_POINT('Ctrl Pts',(-4.93831157058823,12.6176855483769,-0.783264700438475));
#8112=CARTESIAN_POINT('Ctrl Pts',(-4.94061567774126,12.6367293087904,-0.768450860665347));
#8113=CARTESIAN_POINT('Ctrl Pts',(-4.94291978489428,12.6557730692038,-0.753637020892219));
#8114=CARTESIAN_POINT('Ctrl Pts',(-4.94619810536534,12.6716428695483,-0.732208147848182));
#8115=CARTESIAN_POINT('Ctrl Pts',(-4.95019234649336,12.684338709824,-0.704127639791618));
#8116=CARTESIAN_POINT('',(-4.95019234649337,12.6863646417828,-0.704127639791618));
#8117=CARTESIAN_POINT('',(-4.95019234649336,12.684338709824,-0.704127639791618));
#8118=CARTESIAN_POINT('',(-4.9390802485499,12.8067050001401,-0.778258503830362));
#8119=CARTESIAN_POINT('Ctrl Pts',(-4.95019234649337,12.6863646417828,-0.704127639791618));
#8120=CARTESIAN_POINT('Ctrl Pts',(-4.94627418614873,12.7006812276256,-0.731673281028057));
#8121=CARTESIAN_POINT('Ctrl Pts',(-4.9433262669729,12.7180367114066,-0.750898180421167));
#8122=CARTESIAN_POINT('Ctrl Pts',(-4.94163876807365,12.7384310931259,-0.761844003895511));
#8123=CARTESIAN_POINT('Ctrl Pts',(-4.9399512691744,12.7588254748453,-0.772789827369855));
#8124=CARTESIAN_POINT('Ctrl Pts',(-4.9390802485499,12.78158344385,-0.778258503830363));
#8125=CARTESIAN_POINT('Ctrl Pts',(-4.9390802485499,12.8067050001401,-0.778258503830363));
#8126=CARTESIAN_POINT('',(-4.94599974670949,12.9015186158155,-0.732998298735837));
#8127=CARTESIAN_POINT('Ctrl Pts',(-4.9390802485499,12.8067050001401,-0.778258503830362));
#8128=CARTESIAN_POINT('Ctrl Pts',(-4.9390802485499,12.8250734499005,-0.778258503830362));
#8129=CARTESIAN_POINT('Ctrl Pts',(-4.93968378657972,12.842293871551,-0.77445681417103));
#8130=CARTESIAN_POINT('Ctrl Pts',(-4.9408645108403,12.8583662650914,-0.76684932413012));
#8131=CARTESIAN_POINT('Ctrl Pts',(-4.94204523510088,12.8744386586318,-0.759241834089209));
#8132=CARTESIAN_POINT('Ctrl Pts',(-4.94378213972187,12.8888227755398,-0.747961885442644));
#8133=CARTESIAN_POINT('Ctrl Pts',(-4.94599974670949,12.9015186158155,-0.732998298735837));
#8134=CARTESIAN_POINT('',(-4.96334276376502,12.9416320686012,-0.604506914585288));
#8135=CARTESIAN_POINT('Ctrl Pts',(-4.94599974670949,12.9015186158155,-0.732998298735837));
#8136=CARTESIAN_POINT('Ctrl Pts',(-4.94813815344756,12.9136742075687,-0.718569125839987));
#8137=CARTESIAN_POINT('Ctrl Pts',(-4.95077209563392,12.9233986809713,-0.700390100093384));
#8138=CARTESIAN_POINT('Ctrl Pts',(-4.95377763125713,12.9306920360233,-0.678444677520932));
#8139=CARTESIAN_POINT('Ctrl Pts',(-4.95678316688035,12.9379853910752,-0.65649925494848));
#8140=CARTESIAN_POINT('Ctrl Pts',(-4.96001160729789,12.9416320686012,-0.631857588245359));
#8141=CARTESIAN_POINT('Ctrl Pts',(-4.96334276376502,12.9416320686012,-0.604506914585288));
#8142=CARTESIAN_POINT('',(-4.97742531258605,12.9055704797332,-0.474802335743694));
#8143=CARTESIAN_POINT('Ctrl Pts',(-4.96334276376502,12.9416320686012,-0.604506914585288));
#8144=CARTESIAN_POINT('Ctrl Pts',(-4.9669025290093,12.9416320686012,-0.57527923390933));
#8145=CARTESIAN_POINT('Ctrl Pts',(-4.96974309821884,12.9383230464017,-0.549842147389133));
#8146=CARTESIAN_POINT('Ctrl Pts',(-4.97204032184315,12.9317050020027,-0.528218741021086));
#8147=CARTESIAN_POINT('Ctrl Pts',(-4.97433754546745,12.9250869576037,-0.506595334653039));
#8148=CARTESIAN_POINT('Ctrl Pts',(-4.97609145403248,12.9163754501805,-0.488785378429338));
#8149=CARTESIAN_POINT('Ctrl Pts',(-4.97742531258605,12.9055704797332,-0.474802335743694));
#8150=CARTESIAN_POINT('',(-4.98145993756949,12.8152139143673,-0.430414789232616));
#8151=CARTESIAN_POINT('Ctrl Pts',(-4.97742531258605,12.9055704797332,-0.474802335743694));
#8152=CARTESIAN_POINT('Ctrl Pts',(-4.97878482226565,12.8947655092859,-0.460550388391017));
#8153=CARTESIAN_POINT('Ctrl Pts',(-4.97977215711374,12.8815294204879,-0.449587067929338));
#8154=CARTESIAN_POINT('Ctrl Pts',(-4.98045258288176,12.8658622133392,-0.44191862380577));
#8155=CARTESIAN_POINT('Ctrl Pts',(-4.98113300864979,12.8501950061906,-0.434250179682202));
#8156=CARTESIAN_POINT('Ctrl Pts',(-4.98145993756949,12.8333122398666,-0.430414789232616));
#8157=CARTESIAN_POINT('Ctrl Pts',(-4.98145993756949,12.8152139143673,-0.430414789232616));
#8158=CARTESIAN_POINT('',(-4.9739954682494,12.7025720974538,-0.509479226499357));
#8159=CARTESIAN_POINT('Ctrl Pts',(-4.98145993756949,12.8152139143673,-0.430414789232616));
#8160=CARTESIAN_POINT('Ctrl Pts',(-4.98145993756949,12.7914429793832,-0.430414789232616));
#8161=CARTESIAN_POINT('Ctrl Pts',(-4.9809088706036,12.7700356316844,-0.436942171706099));
#8162=CARTESIAN_POINT('Ctrl Pts',(-4.97972980417947,12.750991871271,-0.449990086298297));
#8163=CARTESIAN_POINT('Ctrl Pts',(-4.97855073775533,12.7319481108575,-0.463038000890495));
#8164=CARTESIAN_POINT('Ctrl Pts',(-4.9767203977024,12.7158081862518,-0.48287600884974));
#8165=CARTESIAN_POINT('Ctrl Pts',(-4.9739954682494,12.7025720974538,-0.509479226499357));
#8166=CARTESIAN_POINT('',(-4.9739954682494,12.7025720974538,-0.509479226499357));
#8167=CARTESIAN_POINT('',(-4.99434588143254,13.75352362801,0.237926911097308));
#8168=CARTESIAN_POINT('',(-4.99433589292991,13.2535236205594,0.237926435252496));
#8169=CARTESIAN_POINT('',(-4.99433589292991,11.575,0.237926435252496));
#8170=CARTESIAN_POINT('',(-4.99859689141594,13.2535236205594,0.119285864740351));
#8171=CARTESIAN_POINT('Origin',(0.,13.2535236205594,0.));
#8172=CARTESIAN_POINT('',(-4.99859689141594,13.5849660890315,0.11928586474035));
#8173=CARTESIAN_POINT('',(-4.99859689141594,13.2535236205594,0.119285864740351));
#8174=CARTESIAN_POINT('',(-4.99991115272368,13.3710276741742,0.032991897026284));
#8175=CARTESIAN_POINT('Ctrl Pts',(-4.99859689141594,13.5849660890315,0.11928586474035));
#8176=CARTESIAN_POINT('Ctrl Pts',(-4.99928322014551,13.5136532840791,0.0905257039154754));
#8177=CARTESIAN_POINT('Ctrl Pts',(-4.99972132900214,13.4423404791266,0.0617596196464772));
#8178=CARTESIAN_POINT('Ctrl Pts',(-4.99991115272368,13.3710276741742,0.032991897026283));
#8179=CARTESIAN_POINT('',(-4.9997852561877,13.3710276741742,-0.0484498958519616));
#8180=CARTESIAN_POINT('Origin',(0.,13.3710276741742,0.));
#8181=CARTESIAN_POINT('',(-4.99820420728877,13.5849660890315,-0.134739387859973));
#8182=CARTESIAN_POINT('Ctrl Pts',(-4.9997852561877,13.3710276741742,-0.0484498958519616));
#8183=CARTESIAN_POINT('Ctrl Pts',(-4.99950649260126,13.4423404791266,-0.0772168941079589));
#8184=CARTESIAN_POINT('Ctrl Pts',(-4.9989794501316,13.5136532840791,-0.105981486400856));
#8185=CARTESIAN_POINT('Ctrl Pts',(-4.99820420728877,13.5849660890315,-0.134739387859973));
#8186=CARTESIAN_POINT('',(-4.99820420728877,13.2535236205594,-0.134739387859974));
#8187=CARTESIAN_POINT('',(-4.99820420728877,13.5849660890315,-0.134739387859973));
#8188=CARTESIAN_POINT('',(-4.99392072149255,13.2535236205594,-0.246892340600756));
#8189=CARTESIAN_POINT('Origin',(0.,13.2535236205594,0.));
#8190=CARTESIAN_POINT('',(-4.99392072149255,13.75352362801,-0.246892340600755));
#8191=CARTESIAN_POINT('',(-4.99392072149255,13.2535236205594,-0.246892340600756));
#8192=CARTESIAN_POINT('',(-4.99881809060377,13.75352362801,-0.109625259189865));
#8193=CARTESIAN_POINT('Origin',(0.,13.75352362801,0.));
#8194=CARTESIAN_POINT('',(-5.00001816374722,13.5067651154189,-0.00428516019471614));
#8195=CARTESIAN_POINT('Ctrl Pts',(-4.99881809060377,13.75352362801,-0.109625259189865));
#8196=CARTESIAN_POINT('Ctrl Pts',(-4.99958801409956,13.6712707904796,-0.0745174060584787));
#8197=CARTESIAN_POINT('Ctrl Pts',(-4.9999880680782,13.5890179529493,-0.0394014417167544));
#8198=CARTESIAN_POINT('Ctrl Pts',(-5.00001816374722,13.5067651154189,-0.00428516019471614));
#8199=CARTESIAN_POINT('',(-4.99900682421481,13.75352362801,0.100651735472947));
#8200=CARTESIAN_POINT('Ctrl Pts',(-5.00001816374722,13.5067651154189,-0.00428516019471614));
#8201=CARTESIAN_POINT('Ctrl Pts',(-5.00004814366367,13.5890179529493,0.0306960587060836));
#8202=CARTESIAN_POINT('Ctrl Pts',(-4.99971100573496,13.6712707904796,0.0656775921243573));
#8203=CARTESIAN_POINT('Ctrl Pts',(-4.99900682421481,13.75352362801,0.100651735472948));
#8204=CARTESIAN_POINT('Origin',(0.,13.75352362801,0.));
#8205=CARTESIAN_POINT('',(-4.98967435252543,13.1250795343667,-0.321325141709488));
#8206=CARTESIAN_POINT('',(-4.98966437411032,13.1153550609641,-0.321324499119326));
#8207=CARTESIAN_POINT('',(-4.98966437411032,11.575,-0.321324499119326));
#8208=CARTESIAN_POINT('',(-4.98079132067485,13.1153550609641,-0.438084261632517));
#8209=CARTESIAN_POINT('Origin',(0.,13.1153550609641,0.));
#8210=CARTESIAN_POINT('',(-4.97244550079062,13.2624377211785,-0.524390829503215));
#8211=CARTESIAN_POINT('Ctrl Pts',(-4.98079132067485,13.1153550609641,-0.438084261632517));
#8212=CARTESIAN_POINT('Ctrl Pts',(-4.97922926979972,13.1380454989035,-0.45584397163052));
#8213=CARTESIAN_POINT('Ctrl Pts',(-4.97770904664687,13.1613437164305,-0.4720480692064));
#8214=CARTESIAN_POINT('Ctrl Pts',(-4.976276029368,13.1852497135453,-0.48669998966247));
#8215=CARTESIAN_POINT('Ctrl Pts',(-4.97484301208913,13.20915571066,-0.50135191011854));
#8216=CARTESIAN_POINT('Ctrl Pts',(-4.97355037613667,13.2348850465377,-0.513914039799241));
#8217=CARTESIAN_POINT('Ctrl Pts',(-4.97244550079063,13.2624377211785,-0.524390829503215));
#8218=CARTESIAN_POINT('',(-4.96898650523677,13.4455819702608,-0.556213188602082));
#8219=CARTESIAN_POINT('Ctrl Pts',(-4.97244550079062,13.2624377211785,-0.524390829503215));
#8220=CARTESIAN_POINT('Ctrl Pts',(-4.97139728571873,13.2880995259909,-0.534330347940318));
#8221=CARTESIAN_POINT('Ctrl Pts',(-4.97054730505209,13.3165976355457,-0.542117761556653));
#8222=CARTESIAN_POINT('Ctrl Pts',(-4.96992586359082,13.347932049843,-0.547756251275217));
#8223=CARTESIAN_POINT('Ctrl Pts',(-4.96930442212954,13.3792664641403,-0.55339474099378));
#8224=CARTESIAN_POINT('Ctrl Pts',(-4.96898650523677,13.4118164376129,-0.556213188602083));
#8225=CARTESIAN_POINT('Ctrl Pts',(-4.96898650523677,13.4455819702608,-0.556213188602083));
#8226=CARTESIAN_POINT('',(-4.97240298925793,13.6283210329514,-0.524793781231078));
#8227=CARTESIAN_POINT('Ctrl Pts',(-4.96898650523677,13.4455819702608,-0.556213188602082));
#8228=CARTESIAN_POINT('Ctrl Pts',(-4.96898650523677,13.482588994043,-0.556213188602082));
#8229=CARTESIAN_POINT('Ctrl Pts',(-4.96931205006653,13.5160844024297,-0.553327641441338));
#8230=CARTESIAN_POINT('Ctrl Pts',(-4.969948053849,13.5460681954211,-0.547554876192823));
#8231=CARTESIAN_POINT('Ctrl Pts',(-4.97058405763147,13.5760519884125,-0.541782110944309));
#8232=CARTESIAN_POINT('Ctrl Pts',(-4.97141067253093,13.6034696009226,-0.534195948017536));
#8233=CARTESIAN_POINT('Ctrl Pts',(-4.97240298925793,13.6283210329514,-0.524793781231078));
#8234=CARTESIAN_POINT('',(-4.98079132067485,13.7758088795576,-0.438084261632518));
#8235=CARTESIAN_POINT('Ctrl Pts',(-4.97240298925793,13.6283210329514,-0.524793781231078));
#8236=CARTESIAN_POINT('Ctrl Pts',(-4.97348036170439,13.6553334590698,-0.514585714434352));
#8237=CARTESIAN_POINT('Ctrl Pts',(-4.97476169036091,13.6808602017516,-0.502158199006099));
#8238=CARTESIAN_POINT('Ctrl Pts',(-4.97619708232446,13.704901260997,-0.487506510998108));
#8239=CARTESIAN_POINT('Ctrl Pts',(-4.97763247428801,13.7289423202423,-0.472854822990117));
#8240=CARTESIAN_POINT('Ctrl Pts',(-4.97918193492472,13.7525781930958,-0.456382144660762));
#8241=CARTESIAN_POINT('Ctrl Pts',(-4.98079132067485,13.7758088795576,-0.438084261632517));
#8242=CARTESIAN_POINT('',(-4.98968433276781,13.7758088795576,-0.321325784417322));
#8243=CARTESIAN_POINT('Origin',(0.,13.7758088795576,0.));
#8244=CARTESIAN_POINT('',(-4.98968433276781,13.766084406155,-0.321325784417322));
#8245=CARTESIAN_POINT('',(-4.98968433276781,13.7758088795576,-0.321325784417322));
#8246=CARTESIAN_POINT('',(-4.98286250546824,13.6380455063541,-0.413861392254457));
#8247=CARTESIAN_POINT('Ctrl Pts',(-4.98968433276781,13.766084406155,-0.321325784417322));
#8248=CARTESIAN_POINT('Ctrl Pts',(-4.98857331977434,13.749876950484,-0.338578069779595));
#8249=CARTESIAN_POINT('Ctrl Pts',(-4.98742948136185,13.7313734385929,-0.354948472741546));
#8250=CARTESIAN_POINT('Ctrl Pts',(-4.98627874203435,13.7105738704818,-0.370437993645884));
#8251=CARTESIAN_POINT('Ctrl Pts',(-4.98512800270684,13.6897743023707,-0.385927514550223));
#8252=CARTESIAN_POINT('Ctrl Pts',(-4.98398044549639,13.6655981809948,-0.400401471725774));
#8253=CARTESIAN_POINT('Ctrl Pts',(-4.98286250546824,13.6380455063541,-0.413861392254458));
#8254=CARTESIAN_POINT('',(-4.97912366512578,13.4455819702608,-0.456648144400505));
#8255=CARTESIAN_POINT('Ctrl Pts',(-4.98286250546824,13.6380455063541,-0.413861392254457));
#8256=CARTESIAN_POINT('Ctrl Pts',(-4.98181164184178,13.6113032044969,-0.42651371755142));
#8257=CARTESIAN_POINT('Ctrl Pts',(-4.98090990211974,13.5817245978973,-0.436806647736344));
#8258=CARTESIAN_POINT('Ctrl Pts',(-4.98020109925133,13.5493096865553,-0.444743759276978));
#8259=CARTESIAN_POINT('Ctrl Pts',(-4.97949229638293,13.5168947752133,-0.452680870817612));
#8260=CARTESIAN_POINT('Ctrl Pts',(-4.97912366512578,13.4823188697818,-0.456648144400505));
#8261=CARTESIAN_POINT('Ctrl Pts',(-4.97912366512578,13.4455819702608,-0.456648144400505));
#8262=CARTESIAN_POINT('',(-4.98286250546824,13.2531184341676,-0.413861392254458));
#8263=CARTESIAN_POINT('Ctrl Pts',(-4.97912366512578,13.4455819702608,-0.456648144400505));
#8264=CARTESIAN_POINT('Ctrl Pts',(-4.97912366512578,13.4072243251728,-0.456648144400505));
#8265=CARTESIAN_POINT('Ctrl Pts',(-4.97947964502622,13.3725133576107,-0.45281534115356));
#8266=CARTESIAN_POINT('Ctrl Pts',(-4.98016504207496,13.3414490675746,-0.445147339758955));
#8267=CARTESIAN_POINT('Ctrl Pts',(-4.9808504391237,13.3103847775385,-0.437479338364351));
#8268=CARTESIAN_POINT('Ctrl Pts',(-4.98176692424065,13.2809412330695,-0.427052114372568));
#8269=CARTESIAN_POINT('Ctrl Pts',(-4.98286250546824,13.2531184341676,-0.413861392254458));
#8270=CARTESIAN_POINT('Ctrl Pts',(-4.98286250546824,13.2531184341676,-0.413861392254458));
#8271=CARTESIAN_POINT('Ctrl Pts',(-4.9839133690947,13.2269163808328,-0.401209066957495));
#8272=CARTESIAN_POINT('Ctrl Pts',(-4.98505664244695,13.2030103837181,-0.386870257187325));
#8273=CARTESIAN_POINT('Ctrl Pts',(-4.98624870637503,13.1814004428234,-0.370842066887476));
#8274=CARTESIAN_POINT('Ctrl Pts',(-4.9874407703031,13.1597905019287,-0.354813876587626));
#8275=CARTESIAN_POINT('Ctrl Pts',(-4.98859067935237,13.1410168657765,-0.338308502820809));
#8276=CARTESIAN_POINT('Ctrl Pts',(-4.98968433276781,13.1250795343667,-0.321325784417322));
#8277=CARTESIAN_POINT('',(-4.97336887001822,13.6283210329514,0.515462947535054));
#8278=CARTESIAN_POINT('',(-4.97000140888057,13.4455819702608,0.546887553090349));
#8279=CARTESIAN_POINT('Ctrl Pts',(-4.97335892653823,13.6283210329514,0.515461916946808));
#8280=CARTESIAN_POINT('Ctrl Pts',(-4.97238425515185,13.6034696009226,0.524865891286227));
#8281=CARTESIAN_POINT('Ctrl Pts',(-4.97157187759128,13.5760519884125,0.53245356134891));
#8282=CARTESIAN_POINT('Ctrl Pts',(-4.970946707892,13.5460681954211,0.538227486568372));
#8283=CARTESIAN_POINT('Ctrl Pts',(-4.97032153819272,13.5160844024297,0.544001411787834));
#8284=CARTESIAN_POINT('Ctrl Pts',(-4.97000140888057,13.482588994043,0.546887553090349));
#8285=CARTESIAN_POINT('Ctrl Pts',(-4.97000140888057,13.4455819702608,0.546887553090349));
#8286=CARTESIAN_POINT('',(-4.97342057544163,13.2624377211785,0.51506094801858));
#8287=CARTESIAN_POINT('Ctrl Pts',(-4.97000140888057,13.4455819702608,0.546887553090349));
#8288=CARTESIAN_POINT('Ctrl Pts',(-4.97000140888057,13.4118164376129,0.546887553090349));
#8289=CARTESIAN_POINT('Ctrl Pts',(-4.97031403618671,13.3793339952056,0.544068525264741));
#8290=CARTESIAN_POINT('Ctrl Pts',(-4.97092489556613,13.3481346430389,0.538428902122525));
#8291=CARTESIAN_POINT('Ctrl Pts',(-4.97153575494555,13.3169352908722,0.53278927898031));
#8292=CARTESIAN_POINT('Ctrl Pts',(-4.9723711205676,13.2883696502521,0.525000315550188));
#8293=CARTESIAN_POINT('Ctrl Pts',(-4.97340068183891,13.2624377211785,0.515058887783031));
#8294=CARTESIAN_POINT('',(-4.98160445821997,13.1153550609641,0.428738874191376));
#8295=CARTESIAN_POINT('Ctrl Pts',(-4.97342057544163,13.2624377211785,0.51506094801858));
#8296=CARTESIAN_POINT('Ctrl Pts',(-4.97450579301441,13.2348850465377,0.504582103862313));
#8297=CARTESIAN_POINT('Ctrl Pts',(-4.9757748584924,13.20915571066,0.492017571135908));
#8298=CARTESIAN_POINT('Ctrl Pts',(-4.97718038432872,13.1852497135453,0.477362987938288));
#8299=CARTESIAN_POINT('Ctrl Pts',(-4.97858591016505,13.1613437164305,0.462708404740668));
#8300=CARTESIAN_POINT('Ctrl Pts',(-4.98007572963444,13.1380454989035,0.446501483545335));
#8301=CARTESIAN_POINT('Ctrl Pts',(-4.98160445821997,13.1153550609641,0.428738874191374));
#8302=CARTESIAN_POINT('',(-4.99027840047633,13.1153550609641,0.311963918008852));
#8303=CARTESIAN_POINT('Origin',(0.,13.1153550609641,0.));
#8304=CARTESIAN_POINT('',(-4.99027840047633,13.1250795343667,0.31196391800885));
#8305=CARTESIAN_POINT('',(-4.99027840047633,13.1153550609641,0.311963918008852));
#8306=CARTESIAN_POINT('',(-4.98363019409479,13.2531184341676,0.404512161630228));
#8307=CARTESIAN_POINT('Ctrl Pts',(-4.99027840047633,13.1250795343667,0.31196391800885));
#8308=CARTESIAN_POINT('Ctrl Pts',(-4.98921661078819,13.1410168657765,0.328948658360809));
#8309=CARTESIAN_POINT('Ctrl Pts',(-4.98809767000422,13.1597229708634,0.345456160459124));
#8310=CARTESIAN_POINT('Ctrl Pts',(-4.986935679157,13.1811978496275,0.361486559018354));
#8311=CARTESIAN_POINT('Ctrl Pts',(-4.98577368830978,13.2026727283916,0.377516957577585));
#8312=CARTESIAN_POINT('Ctrl Pts',(-4.98465731845351,13.2266462565716,0.391857887042829));
#8313=CARTESIAN_POINT('Ctrl Pts',(-4.98363019409479,13.2531184341676,0.404512161630228));
#8314=CARTESIAN_POINT('',(-4.97997163387972,13.4455819702608,0.447305853028219));
#8315=CARTESIAN_POINT('Ctrl Pts',(-4.98363019409479,13.2531184341676,0.404512161630228));
#8316=CARTESIAN_POINT('Ctrl Pts',(-4.98255936231655,13.2809412330695,0.417704915987305));
#8317=CARTESIAN_POINT('Ctrl Pts',(-4.98166244164956,13.3103847775385,0.428133841073886));
#8318=CARTESIAN_POINT('Ctrl Pts',(-4.98099143198133,13.3414490675746,0.435803114867879));
#8319=CARTESIAN_POINT('Ctrl Pts',(-4.98032042231311,13.3725133576107,0.443472388661872));
#8320=CARTESIAN_POINT('Ctrl Pts',(-4.97997163387972,13.4072243251728,0.447305853028219));
#8321=CARTESIAN_POINT('Ctrl Pts',(-4.97997163387972,13.4455819702608,0.44730585302822));
#8322=CARTESIAN_POINT('',(-4.98363019409479,13.6380455063541,0.404512161630228));
#8323=CARTESIAN_POINT('Ctrl Pts',(-4.97997163387972,13.4455819702608,0.447305853028219));
#8324=CARTESIAN_POINT('Ctrl Pts',(-4.97997163387972,13.4823188697818,0.447305853028219));
#8325=CARTESIAN_POINT('Ctrl Pts',(-4.9803328213636,13.5168947752133,0.443337894826982));
#8326=CARTESIAN_POINT('Ctrl Pts',(-4.98102673192444,13.5493096865553,0.435399467448195));
#8327=CARTESIAN_POINT('Ctrl Pts',(-4.98172064248527,13.5817245978973,0.427461040069408));
#8328=CARTESIAN_POINT('Ctrl Pts',(-4.98260306973607,13.6113032044969,0.417166436217628));
#8329=CARTESIAN_POINT('Ctrl Pts',(-4.98363019409479,13.6380455063541,0.404512161630229));
#8330=CARTESIAN_POINT('',(-4.99027840047633,13.766084406155,0.311963918008852));
#8331=CARTESIAN_POINT('Ctrl Pts',(-4.98363019409479,13.6380455063541,0.404512161630228));
#8332=CARTESIAN_POINT('Ctrl Pts',(-4.98472287958279,13.6655981809948,0.391050167388314));
#8333=CARTESIAN_POINT('Ctrl Pts',(-4.98584327973549,13.6897743023707,0.37657408271846));
#8334=CARTESIAN_POINT('Ctrl Pts',(-4.98696495666917,13.7105738704818,0.361082430137078));
#8335=CARTESIAN_POINT('Ctrl Pts',(-4.98808663360284,13.7313734385929,0.345590777555695));
#8336=CARTESIAN_POINT('Ctrl Pts',(-4.98919975698362,13.749876950484,0.329218257414015));
#8337=CARTESIAN_POINT('Ctrl Pts',(-4.99027840047633,13.766084406155,0.311963918008851));
#8338=CARTESIAN_POINT('',(-4.99027840047633,13.7758088795576,0.311963918008852));
#8339=CARTESIAN_POINT('',(-4.99027840047633,13.766084406155,0.311963918008852));
#8340=CARTESIAN_POINT('',(-4.98160445821997,13.7758088795576,0.428738874191375));
#8341=CARTESIAN_POINT('Origin',(0.,13.7758088795576,0.));
#8342=CARTESIAN_POINT('Ctrl Pts',(-4.98160445821997,13.7758088795576,0.428738874191375));
#8343=CARTESIAN_POINT('Ctrl Pts',(-4.98002940452578,13.7525781930958,0.44703974443485));
#8344=CARTESIAN_POINT('Ctrl Pts',(-4.97851085151664,13.7289423202423,0.463515300764319));
#8345=CARTESIAN_POINT('Ctrl Pts',(-4.97710295056371,13.704901260997,0.478169655969489));
#8346=CARTESIAN_POINT('Ctrl Pts',(-4.97569504961079,13.6808602017516,0.492824011174659));
#8347=CARTESIAN_POINT('Ctrl Pts',(-4.97443703885487,13.6553334590698,0.50525390867156));
#8348=CARTESIAN_POINT('Ctrl Pts',(-4.97337881997394,13.6283210329514,0.515463978794475));
#8349=CARTESIAN_POINT('',(-4.99952669826903,12.7248573490015,-0.06951806127242));
#8350=CARTESIAN_POINT('',(-4.99998465157065,12.5996547539429,-0.0123888683073915));
#8351=CARTESIAN_POINT('Ctrl Pts',(-4.99951670249051,12.7248573490015,-0.0695179222818345));
#8352=CARTESIAN_POINT('Ctrl Pts',(-4.99976833408761,12.712431632987,-0.0514213461576708));
#8353=CARTESIAN_POINT('Ctrl Pts',(-4.99987029779244,12.6958865219895,-0.0373750884333104));
#8354=CARTESIAN_POINT('Ctrl Pts',(-4.99992502948981,12.675222016009,-0.0273806406295397));
#8355=CARTESIAN_POINT('Ctrl Pts',(-4.99997278944885,12.65718976036,-0.018659288276009));
#8356=CARTESIAN_POINT('Ctrl Pts',(-4.99998123620554,12.6357121934729,-0.0137430633761638));
#8357=CARTESIAN_POINT('Ctrl Pts',(-4.99998404292378,12.6107893153476,-0.012632122054766));
#8358=CARTESIAN_POINT('Ctrl Pts',(-4.9999844526332,12.6071512095284,-0.0124699528997516));
#8359=CARTESIAN_POINT('Ctrl Pts',(-4.99998465157065,12.6034396890602,-0.0123888683073915));
#8360=CARTESIAN_POINT('Ctrl Pts',(-4.99998465157065,12.5996547539429,-0.0123888683073915));
#8361=CARTESIAN_POINT('',(-4.99962772689847,12.4699951085749,-0.0626306061604913));
#8362=CARTESIAN_POINT('Ctrl Pts',(-4.99998465157065,12.5996547539429,-0.0123888683073915));
#8363=CARTESIAN_POINT('Ctrl Pts',(-4.99998465157065,12.5734527006081,-0.0123888683073915));
#8364=CARTESIAN_POINT('Ctrl Pts',(-4.99997953635778,12.5492765792322,-0.0165758077456658));
#8365=CARTESIAN_POINT('Ctrl Pts',(-4.9999377515801,12.5271263898152,-0.0249495555905407));
#8366=CARTESIAN_POINT('Ctrl Pts',(-4.99989596680242,12.5049762003981,-0.0333233034354156));
#8367=CARTESIAN_POINT('Ctrl Pts',(-4.99981751140151,12.4859324399847,-0.0458839653752124));
#8368=CARTESIAN_POINT('Ctrl Pts',(-4.99960772846756,12.4699951085749,-0.062630355639069));
#8369=CARTESIAN_POINT('',(-4.99575747203175,12.4197519959948,-0.206415312026375));
#8370=CARTESIAN_POINT('Ctrl Pts',(-4.99962772689847,12.4699951085749,-0.0626306061604913));
#8371=CARTESIAN_POINT('Ctrl Pts',(-4.99941794312539,12.4540577771651,-0.0793770634099095));
#8372=CARTESIAN_POINT('Ctrl Pts',(-4.9990887196893,12.4416995922159,-0.0991613871254173));
#8373=CARTESIAN_POINT('Ctrl Pts',(-4.99853186794494,12.4329205537275,-0.121980185025754));
#8374=CARTESIAN_POINT('Ctrl Pts',(-4.99797501620057,12.424141515239,-0.144798982926091));
#8375=CARTESIAN_POINT('Ctrl Pts',(-4.99714026506647,12.4197519959948,-0.172948324681004));
#8376=CARTESIAN_POINT('Ctrl Pts',(-4.99575747203175,12.4197519959948,-0.206415312026375));
#8377=CARTESIAN_POINT('',(-4.98703358636876,12.4501409753779,-0.36013332091045));
#8378=CARTESIAN_POINT('Ctrl Pts',(-4.99575747203175,12.4197519959948,-0.206415312026375));
#8379=CARTESIAN_POINT('Ctrl Pts',(-4.99430776965664,12.4200221202559,-0.241501669727167));
#8380=CARTESIAN_POINT('Ctrl Pts',(-4.99269329890606,12.4231960803248,-0.271781609501794));
#8381=CARTESIAN_POINT('Ctrl Pts',(-4.99117566614798,12.4292738762015,-0.297263300883715));
#8382=CARTESIAN_POINT('Ctrl Pts',(-4.9896580333899,12.4353516720781,-0.322744992265636));
#8383=CARTESIAN_POINT('Ctrl Pts',(-4.98822041148507,12.4423073718036,-0.343698472001667));
#8384=CARTESIAN_POINT('Ctrl Pts',(-4.98703358636876,12.4501409753779,-0.360133320910449));
#8385=CARTESIAN_POINT('',(-4.98703358636876,12.5591361147654,-0.360133320910449));
#8386=CARTESIAN_POINT('',(-4.98703358636876,12.4501409753779,-0.36013332091045));
#8387=CARTESIAN_POINT('',(-4.98780962240367,12.5591361147654,-0.349220805590555));
#8388=CARTESIAN_POINT('Origin',(0.,12.5591361147654,0.));
#8389=CARTESIAN_POINT('',(-4.99101839257819,12.5327989993,-0.299892322919728));
#8390=CARTESIAN_POINT('Ctrl Pts',(-4.98780962240367,12.5591361147654,-0.349220805590555));
#8391=CARTESIAN_POINT('Ctrl Pts',(-4.98822468765691,12.55562449937,-0.343292560678182));
#8392=CARTESIAN_POINT('Ctrl Pts',(-4.98868123260453,12.5515726354523,-0.336622550763671));
#8393=CARTESIAN_POINT('Ctrl Pts',(-4.98917033478002,12.5469805230122,-0.329210223035366));
#8394=CARTESIAN_POINT('Ctrl Pts',(-4.98965943695552,12.5423884105721,-0.321797895307061));
#8395=CARTESIAN_POINT('Ctrl Pts',(-4.99028931884872,12.5376612360013,-0.312026079322362));
#8396=CARTESIAN_POINT('Ctrl Pts',(-4.99101839257819,12.5327989993,-0.299892322919728));
#8397=CARTESIAN_POINT('',(-4.99488009844455,12.516591543629,-0.226655691661497));
#8398=CARTESIAN_POINT('Ctrl Pts',(-4.99101839257819,12.5327989993,-0.299892322919728));
#8399=CARTESIAN_POINT('Ctrl Pts',(-4.99169886139236,12.5282068868599,-0.288567483610602));
#8400=CARTESIAN_POINT('Ctrl Pts',(-4.99234889168268,12.5243576161381,-0.27710550588606));
#8401=CARTESIAN_POINT('Ctrl Pts',(-4.99296568151716,12.5212511871344,-0.265506503859886));
#8402=CARTESIAN_POINT('Ctrl Pts',(-4.99358247135163,12.5181447581308,-0.253907501833712));
#8403=CARTESIAN_POINT('Ctrl Pts',(-4.99423111131127,12.516591543629,-0.240957617602195));
#8404=CARTESIAN_POINT('Ctrl Pts',(-4.99488009844455,12.516591543629,-0.226655691661497));
#8405=CARTESIAN_POINT('',(-4.99770434946545,12.5392819815684,-0.152155301367272));
#8406=CARTESIAN_POINT('Ctrl Pts',(-4.99488009844455,12.516591543629,-0.226655691661497));
#8407=CARTESIAN_POINT('Ctrl Pts',(-4.99543112525583,12.516591543629,-0.214512546994867));
#8408=CARTESIAN_POINT('Ctrl Pts',(-4.99598720115736,12.5182122891961,-0.201287984096927));
#8409=CARTESIAN_POINT('Ctrl Pts',(-4.99652258808186,12.5214537803303,-0.186981355187451));
#8410=CARTESIAN_POINT('Ctrl Pts',(-4.99705797500637,12.5246952714645,-0.172674726277975));
#8411=CARTESIAN_POINT('Ctrl Pts',(-4.99743308393222,12.5306380052106,-0.161065309254356));
#8412=CARTESIAN_POINT('Ctrl Pts',(-4.99770434946545,12.5392819815684,-0.152155301367272));
#8413=CARTESIAN_POINT('',(-4.99827983525165,12.5947925172416,-0.131904089840668));
#8414=CARTESIAN_POINT('Ctrl Pts',(-4.99770434946545,12.5392819815684,-0.152155301367272));
#8415=CARTESIAN_POINT('Ctrl Pts',(-4.99789341332193,12.546035088098,-0.145945295870213));
#8416=CARTESIAN_POINT('Ctrl Pts',(-4.99803235031608,12.5535310363459,-0.141017459760404));
#8417=CARTESIAN_POINT('Ctrl Pts',(-4.9981325406983,12.561769826312,-0.137372144238801));
#8418=CARTESIAN_POINT('Ctrl Pts',(-4.99823273108052,12.5700086162781,-0.133726828717197));
#8419=CARTESIAN_POINT('Ctrl Pts',(-4.99827983525165,12.5810161799213,-0.131904089840668));
#8420=CARTESIAN_POINT('Ctrl Pts',(-4.99827983525165,12.5947925172416,-0.131904089840668));
#8421=CARTESIAN_POINT('',(-4.9975540234217,12.6454408162135,-0.157015232960221));
#8422=CARTESIAN_POINT('Ctrl Pts',(-4.99827983525165,12.5947925172416,-0.131904089840668));
#8423=CARTESIAN_POINT('Ctrl Pts',(-4.99827983525165,12.6066779847337,-0.131904089840668));
#8424=CARTESIAN_POINT('Ctrl Pts',(-4.99822084436988,12.6168076445281,-0.134199400042669));
#8425=CARTESIAN_POINT('Ctrl Pts',(-4.99809337673191,12.6251814966248,-0.138789761397103));
#8426=CARTESIAN_POINT('Ctrl Pts',(-4.99796590909393,12.6335553487215,-0.143380122751536));
#8427=CARTESIAN_POINT('Ctrl Pts',(-4.99779153971497,12.6403084552511,-0.149455453665735));
#8428=CARTESIAN_POINT('Ctrl Pts',(-4.9975540234217,12.6454408162135,-0.157015232960221));
#8429=CARTESIAN_POINT('',(-4.99444896878515,12.6632690174516,-0.235965036818839));
#8430=CARTESIAN_POINT('Ctrl Pts',(-4.9975540234217,12.6454408162135,-0.157015232960221));
#8431=CARTESIAN_POINT('Ctrl Pts',(-4.99721471443132,12.6530042955267,-0.167814917666631));
#8432=CARTESIAN_POINT('Ctrl Pts',(-4.99676987330847,12.657866532228,-0.180908556057714));
#8433=CARTESIAN_POINT('Ctrl Pts',(-4.99616540283239,12.6600275263174,-0.196293830623085));
#8434=CARTESIAN_POINT('Ctrl Pts',(-4.99556093235631,12.6621885204069,-0.211679105188456));
#8435=CARTESIAN_POINT('Ctrl Pts',(-4.99497163581129,12.6632690174516,-0.224902237749604));
#8436=CARTESIAN_POINT('Ctrl Pts',(-4.99444896878515,12.6632690174516,-0.235965036818839));
#8437=CARTESIAN_POINT('',(-4.98913028046981,12.6494926801313,-0.329816683779463));
#8438=CARTESIAN_POINT('Ctrl Pts',(-4.99444896878515,12.6632690174516,-0.235965036818839));
#8439=CARTESIAN_POINT('Ctrl Pts',(-4.99363309830534,12.6632690174516,-0.253233796341547));
#8440=CARTESIAN_POINT('Ctrl Pts',(-4.99274363465302,12.6617833340151,-0.270161028121881));
#8441=CARTESIAN_POINT('Ctrl Pts',(-4.99179091160759,12.6588119671421,-0.286746395255238));
#8442=CARTESIAN_POINT('Ctrl Pts',(-4.99083818856216,12.6558406002691,-0.303331762388596));
#8443=CARTESIAN_POINT('Ctrl Pts',(-4.98993210386209,12.6527341712655,-0.317687517600825));
#8444=CARTESIAN_POINT('Ctrl Pts',(-4.98913028046981,12.6494926801313,-0.329816683779464));
#8445=CARTESIAN_POINT('',(-4.98845185607624,12.6494926801313,-0.339923638497748));
#8446=CARTESIAN_POINT('Origin',(0.,12.6494926801313,0.));
#8447=CARTESIAN_POINT('',(-4.98845185607624,12.9302868496315,-0.339923638497748));
#8448=CARTESIAN_POINT('',(-4.98845185607624,12.6494926801313,-0.339923638497748));
#8449=CARTESIAN_POINT('',(-4.99995571306147,12.9302868496315,-0.0253548382744539));
#8450=CARTESIAN_POINT('Origin',(0.,12.9302868496315,0.));
#8451=CARTESIAN_POINT('',(-4.99995571306147,12.8358784203479,-0.0253548382744529));
#8452=CARTESIAN_POINT('',(-4.99995571306147,12.9302868496315,-0.0253548382744539));
#8453=CARTESIAN_POINT('',(-4.9948432977208,12.8358784203479,-0.227465231658814));
#8454=CARTESIAN_POINT('Origin',(0.,12.8358784203479,0.));
#8455=CARTESIAN_POINT('',(-4.9948432977208,12.752815210034,-0.227465231658814));
#8456=CARTESIAN_POINT('',(-4.9948432977208,12.8358784203479,-0.227465231658814));
#8457=CARTESIAN_POINT('',(-4.99662785139412,12.7544359556011,-0.18414699311312));
#8458=CARTESIAN_POINT('Ctrl Pts',(-4.9948432977208,12.752815210034,-0.227465231658814));
#8459=CARTESIAN_POINT('Ctrl Pts',(-4.9951382283335,12.7533554585563,-0.220988935552299));
#8460=CARTESIAN_POINT('Ctrl Pts',(-4.99547318600974,12.7537606449481,-0.213365227698972));
#8461=CARTESIAN_POINT('Ctrl Pts',(-4.99583241286369,12.7540307692093,-0.204593506692085));
#8462=CARTESIAN_POINT('Ctrl Pts',(-4.99619163971764,12.7543008934705,-0.195821785685197));
#8463=CARTESIAN_POINT('Ctrl Pts',(-4.99644877814045,12.7544359556011,-0.18900595057748));
#8464=CARTESIAN_POINT('Ctrl Pts',(-4.99662785139412,12.7544359556011,-0.18414699311312));
#8465=CARTESIAN_POINT('Ctrl Pts',(-4.99662785139412,12.7544359556011,-0.18414699311312));
#8466=CARTESIAN_POINT('Ctrl Pts',(-4.99746352657791,12.7544359556011,-0.161471858279442));
#8467=CARTESIAN_POINT('Ctrl Pts',(-4.99808593957148,12.7520048372504,-0.140410845791134));
#8468=CARTESIAN_POINT('Ctrl Pts',(-4.99855647772041,12.7471426005491,-0.120967513983531));
#8469=CARTESIAN_POINT('Ctrl Pts',(-4.99902701586933,12.7422803638478,-0.101524182175928));
#8470=CARTESIAN_POINT('Ctrl Pts',(-4.99933013647972,12.7348519466653,-0.0843736580859977));
#8471=CARTESIAN_POINT('Ctrl Pts',(-4.99953670055732,12.7248573490015,-0.0695182003535242));
#8472=CARTESIAN_POINT('',(-4.99906771090205,11.9117502304174,-0.0970669323941259));
#8473=CARTESIAN_POINT('',(-4.99981000780027,11.777228348348,-0.0435876806015632));
#8474=CARTESIAN_POINT('Ctrl Pts',(-4.99905771604121,11.9117502304174,-0.0970667383238438));
#8475=CARTESIAN_POINT('Ctrl Pts',(-4.99937235701291,11.8985141416194,-0.0808623370579346));
#8476=CARTESIAN_POINT('Ctrl Pts',(-4.99954842983683,11.8811586578383,-0.0678974454530065));
#8477=CARTESIAN_POINT('Ctrl Pts',(-4.99966157142087,11.8596837790743,-0.0581736302583453));
#8478=CARTESIAN_POINT('Ctrl Pts',(-4.99976166285461,11.8406858887471,-0.0495713942848885));
#8479=CARTESIAN_POINT('Ctrl Pts',(-4.99979962353503,11.8169842626402,-0.0447739781289429));
#8480=CARTESIAN_POINT('Ctrl Pts',(-4.99980831227875,11.7885789007538,-0.0437817366986486));
#8481=CARTESIAN_POINT('Ctrl Pts',(-4.99980944513705,11.7848753446364,-0.043652365989211));
#8482=CARTESIAN_POINT('Ctrl Pts',(-4.99981000780027,11.7810918271678,-0.0435876806015632));
#8483=CARTESIAN_POINT('Ctrl Pts',(-4.99981000780027,11.777228348348,-0.0435876806015632));
#8484=CARTESIAN_POINT('',(-4.99511610497208,11.5965152176163,-0.221393537052281));
#8485=CARTESIAN_POINT('Ctrl Pts',(-4.99981000780027,11.777228348348,-0.0435876806015632));
#8486=CARTESIAN_POINT('Ctrl Pts',(-4.99981000780027,11.7508912328826,-0.0435876806015632));
#8487=CARTESIAN_POINT('Ctrl Pts',(-4.99978014332032,11.7269008219363,-0.0475550323372337));
#8488=CARTESIAN_POINT('Ctrl Pts',(-4.9996920826808,11.7052571155089,-0.05548944385086));
#8489=CARTESIAN_POINT('Ctrl Pts',(-4.99960402204129,11.6836134090816,-0.0634238553644862));
#8490=CARTESIAN_POINT('Ctrl Pts',(-4.9994577638161,11.6643164071733,-0.0753254165732458));
#8491=CARTESIAN_POINT('Ctrl Pts',(-4.99916832221747,11.6473661097841,-0.091192577205702));
#8492=CARTESIAN_POINT('Ctrl Pts',(-4.99883826013244,11.6280369928758,-0.109286549000081));
#8493=CARTESIAN_POINT('Ctrl Pts',(-4.9983450109459,11.6142183214758,-0.131176539783063));
#8494=CARTESIAN_POINT('Ctrl Pts',(-4.9975389841315,11.6059100955842,-0.156856947840531));
#8495=CARTESIAN_POINT('Ctrl Pts',(-4.99693135151464,11.5996468436056,-0.176216419847587));
#8496=CARTESIAN_POINT('Ctrl Pts',(-4.99614490179368,11.5965152176163,-0.197729973779105));
#8497=CARTESIAN_POINT('Ctrl Pts',(-4.99509612458758,11.5965152176163,-0.221392651481674));
#8498=CARTESIAN_POINT('',(-4.98772457532719,11.6463531438046,-0.350433390357086));
#8499=CARTESIAN_POINT('Ctrl Pts',(-4.99511610497208,11.5965152176163,-0.221393537052281));
#8500=CARTESIAN_POINT('Ctrl Pts',(-4.99388414740017,11.5965152176163,-0.249189159228333));
#8501=CARTESIAN_POINT('Ctrl Pts',(-4.99256063848712,11.6007021436646,-0.27387089058612));
#8502=CARTESIAN_POINT('Ctrl Pts',(-4.99128373664252,11.6090759957613,-0.295443159893601));
#8503=CARTESIAN_POINT('Ctrl Pts',(-4.99000683479791,11.617449847858,-0.317015429201082));
#8504=CARTESIAN_POINT('Ctrl Pts',(-4.98878477360663,11.6298755638724,-0.335343569699041));
#8505=CARTESIAN_POINT('Ctrl Pts',(-4.98772457532719,11.6463531438046,-0.350433390357086));
#8506=CARTESIAN_POINT('',(-4.98349382385293,11.8299025792788,-0.406188759100571));
#8507=CARTESIAN_POINT('Ctrl Pts',(-4.98772457532719,11.6463531438046,-0.350433390357086));
#8508=CARTESIAN_POINT('Ctrl Pts',(-4.98645612381429,11.6655319663486,-0.368487282930103));
#8509=CARTESIAN_POINT('Ctrl Pts',(-4.98539325665249,11.6903158673122,-0.38229051056504));
#8510=CARTESIAN_POINT('Ctrl Pts',(-4.98464173359643,11.7207048466954,-0.391850466490459));
#8511=CARTESIAN_POINT('Ctrl Pts',(-4.98389021054037,11.7510938260785,-0.401410422415878));
#8512=CARTESIAN_POINT('Ctrl Pts',(-4.98349382385293,11.787493070273,-0.406188759100571));
#8513=CARTESIAN_POINT('Ctrl Pts',(-4.98349382385293,11.8299025792788,-0.406188759100571));
#8514=CARTESIAN_POINT('',(-4.9878096224353,12.0369528254759,-0.349220805138827));
#8515=CARTESIAN_POINT('Ctrl Pts',(-4.98349382385293,11.8299025792788,-0.406188759100571));
#8516=CARTESIAN_POINT('Ctrl Pts',(-4.98349382385293,11.8736627095905,-0.406188759100571));
#8517=CARTESIAN_POINT('Ctrl Pts',(-4.98386184579207,11.9125606032009,-0.401746890820046));
#8518=CARTESIAN_POINT('Ctrl Pts',(-4.98456224506383,11.94659626011,-0.392860312941159));
#8519=CARTESIAN_POINT('Ctrl Pts',(-4.98526264433559,11.9806319170191,-0.383973735062272));
#8520=CARTESIAN_POINT('Ctrl Pts',(-4.98639462725563,12.0107507721411,-0.369430730976589));
#8521=CARTESIAN_POINT('Ctrl Pts',(-4.9878096224353,12.0369528254759,-0.349220805138827));
#8522=CARTESIAN_POINT('',(-4.99737266997936,12.1163693582638,-0.162684964711903));
#8523=CARTESIAN_POINT('Ctrl Pts',(-4.9878096224353,12.0369528254759,-0.349220805138827));
#8524=CARTESIAN_POINT('Ctrl Pts',(-4.98916801780778,12.0618042575048,-0.329819276334576));
#8525=CARTESIAN_POINT('Ctrl Pts',(-4.99083393039417,12.08125320431,-0.304548989473071));
#8526=CARTESIAN_POINT('Ctrl Pts',(-4.99253988718079,12.0952996658915,-0.273396187443791));
#8527=CARTESIAN_POINT('Ctrl Pts',(-4.99424584396741,12.1093461274731,-0.242243385414511));
#8528=CARTESIAN_POINT('Ctrl Pts',(-4.99598400305297,12.1163693582638,-0.205342171282539));
#8529=CARTESIAN_POINT('Ctrl Pts',(-4.99737266997936,12.1163693582638,-0.162684964711903));
#8530=CARTESIAN_POINT('',(-4.99931941634346,12.1078604440366,-0.0836981109183515));
#8531=CARTESIAN_POINT('Ctrl Pts',(-4.99737266997936,12.1163693582638,-0.162684964711903));
#8532=CARTESIAN_POINT('Ctrl Pts',(-4.99788243378779,12.1163693582638,-0.147025990147999));
#8533=CARTESIAN_POINT('Ctrl Pts',(-4.9983185973347,12.1152888612191,-0.131364619595934));
#8534=CARTESIAN_POINT('Ctrl Pts',(-4.99868114134933,12.1131278671296,-0.115701545013629));
#8535=CARTESIAN_POINT('Ctrl Pts',(-4.99904368536396,12.1109668730402,-0.100038470431325));
#8536=CARTESIAN_POINT('Ctrl Pts',(-4.99922445900389,12.1092110653425,-0.089369948266143));
#8537=CARTESIAN_POINT('Ctrl Pts',(-4.99931941634346,12.1078604440366,-0.0836981109183512));
#8538=CARTESIAN_POINT('',(-4.99931941634346,12.009805337227,-0.0836981109183514));
#8539=CARTESIAN_POINT('',(-4.99931941634346,12.1078604440366,-0.0836981109183515));
#8540=CARTESIAN_POINT('',(-4.99916974122797,12.009805337227,-0.0922057416359875));
#8541=CARTESIAN_POINT('Origin',(0.,12.009805337227,0.));
#8542=CARTESIAN_POINT('',(-4.99734623725004,12.0252024201144,-0.163494909531842));
#8543=CARTESIAN_POINT('Ctrl Pts',(-4.99916974122797,12.009805337227,-0.0922057416359875));
#8544=CARTESIAN_POINT('Ctrl Pts',(-4.99906513179506,12.0127767041,-0.0978774091740834));
#8545=CARTESIAN_POINT('Ctrl Pts',(-4.9988898098686,12.0160857262995,-0.107060052501649));
#8546=CARTESIAN_POINT('Ctrl Pts',(-4.99858573864952,12.0197324038255,-0.119752301730029));
#8547=CARTESIAN_POINT('Ctrl Pts',(-4.99828166743044,12.0233790813514,-0.132444550958409));
#8548=CARTESIAN_POINT('Ctrl Pts',(-4.99788503733811,12.0252024201144,-0.147026075117218));
#8549=CARTESIAN_POINT('Ctrl Pts',(-4.99734623725004,12.0252024201144,-0.163494909531842));
#8550=CARTESIAN_POINT('',(-4.99177928896219,11.9056724345407,-0.286948655142508));
#8551=CARTESIAN_POINT('Ctrl Pts',(-4.99734623725004,12.0252024201144,-0.163494909531842));
#8552=CARTESIAN_POINT('Ctrl Pts',(-4.99612731246065,12.0252024201144,-0.200752272633778));
#8553=CARTESIAN_POINT('Ctrl Pts',(-4.9947917175667,12.0148701671242,-0.229491049587591));
#8554=CARTESIAN_POINT('Ctrl Pts',(-4.99377986517708,11.9942056611436,-0.249725166036498));
#8555=CARTESIAN_POINT('Ctrl Pts',(-4.99276801278746,11.9735411551631,-0.269959282485404));
#8556=CARTESIAN_POINT('Ctrl Pts',(-4.99204282905998,11.9440300796288,-0.282364092788274));
#8557=CARTESIAN_POINT('Ctrl Pts',(-4.99177928896219,11.9056724345407,-0.286948655142508));
#8558=CARTESIAN_POINT('',(-4.99658293543917,11.9401132778416,-0.185361726572868));
#8559=CARTESIAN_POINT('Ctrl Pts',(-4.99177928896219,11.9056724345407,-0.286948655142508));
#8560=CARTESIAN_POINT('Ctrl Pts',(-4.99267842576642,11.9162072807269,-0.271307207110416));
#8561=CARTESIAN_POINT('Ctrl Pts',(-4.99351568421863,11.9245811328236,-0.255459264391069));
#8562=CARTESIAN_POINT('Ctrl Pts',(-4.99428524726779,11.9307939908308,-0.239405240801632));
#8563=CARTESIAN_POINT('Ctrl Pts',(-4.99505481031695,11.937006848838,-0.223351217212196));
#8564=CARTESIAN_POINT('Ctrl Pts',(-4.99584188908743,11.9401132778416,-0.205337261026253));
#8565=CARTESIAN_POINT('Ctrl Pts',(-4.99658293543917,11.9401132778416,-0.185361726572868));
#8566=CARTESIAN_POINT('Ctrl Pts',(-4.99658293543917,11.9401132778416,-0.185361726572868));
#8567=CARTESIAN_POINT('Ctrl Pts',(-4.99721382625214,11.9401132778416,-0.168355528322013));
#8568=CARTESIAN_POINT('Ctrl Pts',(-4.99772064691853,11.937682159491,-0.152358440930545));
#8569=CARTESIAN_POINT('Ctrl Pts',(-4.99813254071074,11.9328199227897,-0.137372143786138));
#8570=CARTESIAN_POINT('Ctrl Pts',(-4.99854443450295,11.9279576860884,-0.122385846641731));
#8571=CARTESIAN_POINT('Ctrl Pts',(-4.99884697463655,11.9209344552976,-0.108950401718708));
#8572=CARTESIAN_POINT('Ctrl Pts',(-4.99907771227208,11.9117502304174,-0.0970671265907976));
#8573=CARTESIAN_POINT('',(-4.99910008713102,11.6070500650268,0.0953850996820714));
#8574=CARTESIAN_POINT('',(-4.99994172960084,11.6070500638024,-0.0241391921189041));
#8575=CARTESIAN_POINT('Origin',(0.,11.6070500638024,0.));
#8576=CARTESIAN_POINT('',(-4.99814191757549,12.1070498320775,0.136298384180431));
#8577=CARTESIAN_POINT('Origin',(0.,11.8570500675283,0.));
#8578=CARTESIAN_POINT('',(-4.99292585362475,12.107050071253,0.266254428330403));
#8579=CARTESIAN_POINT('Origin',(0.,12.107050071253,0.));
#8580=CARTESIAN_POINT('',(-4.98181233311889,11.6070500638024,0.426316640520346));
#8581=CARTESIAN_POINT('Ctrl Pts',(-4.99292585362475,12.107050071253,0.266254428330403));
#8582=CARTESIAN_POINT('Ctrl Pts',(-4.99007775110746,11.9403834021028,0.319663360461627));
#8583=CARTESIAN_POINT('Ctrl Pts',(-4.9863726084339,11.7737167329526,0.373026588837146));
#8584=CARTESIAN_POINT('Ctrl Pts',(-4.98181233311889,11.6070500638024,0.426316640520345));
#8585=CARTESIAN_POINT('',(-4.99075281904235,11.6070500638024,0.304279969141648));
#8586=CARTESIAN_POINT('Origin',(0.,11.6070500638024,0.));
#8587=CARTESIAN_POINT('',(-4.99248776538143,11.7091570345298,0.274346337531068));
#8588=CARTESIAN_POINT('Ctrl Pts',(-4.99075281904235,11.6070500638024,0.304279969141648));
#8589=CARTESIAN_POINT('Ctrl Pts',(-4.99136105021609,11.6410857207115,0.2943038558485));
#8590=CARTESIAN_POINT('Ctrl Pts',(-4.9919393691286,11.6751213776207,0.28432591884234));
#8591=CARTESIAN_POINT('Ctrl Pts',(-4.99248776538143,11.7091570345298,0.274346337531066));
#8592=CARTESIAN_POINT('',(-4.99845834230078,11.7091570345298,0.124956795268244));
#8593=CARTESIAN_POINT('Origin',(0.,11.7091570345298,0.));
#8594=CARTESIAN_POINT('Ctrl Pts',(-4.99845834230078,11.7091570345298,0.124956795268244));
#8595=CARTESIAN_POINT('Ctrl Pts',(-4.9987047454934,11.6751213776207,0.115100299740821));
#8596=CARTESIAN_POINT('Ctrl Pts',(-4.99892199446062,11.6410857207115,0.105243075385164));
#8597=CARTESIAN_POINT('Ctrl Pts',(-4.99911008540106,11.6070500638024,0.0953852946808904));
#8598=CARTESIAN_POINT('Origin',(0.,11.575,0.));
#8599=CARTESIAN_POINT('Origin',(0.,11.575,0.));
#8600=CARTESIAN_POINT('Origin',(0.,11.575,0.));
#8601=CARTESIAN_POINT('Origin',(0.,11.575,0.));
#8602=CARTESIAN_POINT('',(-4.99771081137466,11.7999187862874,0.151283329778436));
#8603=CARTESIAN_POINT('',(-4.99382350435212,11.7999187862874,0.248448802332279));
#8604=CARTESIAN_POINT('Origin',(0.,11.7999187862874,0.));
#8605=CARTESIAN_POINT('',(-4.99600338295394,11.9652348159905,0.199875455003305));
#8606=CARTESIAN_POINT('Origin',(0.,11.8825768101913,0.));
#8607=CARTESIAN_POINT('Origin',(0.,11.8825768102112,0.));
#8608=CARTESIAN_POINT('Origin',(0.,11.575,0.));
#8609=CARTESIAN_POINT('',(-4.9950881475285,11.6816043598891,-0.221797882911025));
#8610=CARTESIAN_POINT('',(-4.99668206837278,11.7018636794778,-0.182121683502841));
#8611=CARTESIAN_POINT('Ctrl Pts',(-4.99507816712818,11.6816043598891,-0.221797439749344));
#8612=CARTESIAN_POINT('Ctrl Pts',(-4.995365748902,11.6816043598891,-0.215320839111988));
#8613=CARTESIAN_POINT('Ctrl Pts',(-4.99566177100242,11.6832926365215,-0.2083714258885));
#8614=CARTESIAN_POINT('Ctrl Pts',(-4.99596031761875,11.6866691897863,-0.200949010395158));
#8615=CARTESIAN_POINT('Ctrl Pts',(-4.99625886423507,11.690045743051,-0.193526594901815));
#8616=CARTESIAN_POINT('Ctrl Pts',(-4.99649512552901,11.6951105729482,-0.187250638700775));
#8617=CARTESIAN_POINT('Ctrl Pts',(-4.99668206837278,11.7018636794778,-0.182121683502841));
#8618=CARTESIAN_POINT('',(-4.99307421458366,11.7018636794778,-0.263077721709294));
#8619=CARTESIAN_POINT('Ctrl Pts',(-4.99509814744085,11.6816043598891,-0.221798326939103));
#8620=CARTESIAN_POINT('Ctrl Pts',(-4.99475065140751,11.6816043598891,-0.229624250679477));
#8621=CARTESIAN_POINT('Ctrl Pts',(-4.99440278711332,11.6831575743909,-0.237044566780231));
#8622=CARTESIAN_POINT('Ctrl Pts',(-4.994059969939,11.6862640033945,-0.244059453930597));
#8623=CARTESIAN_POINT('Ctrl Pts',(-4.99371715276467,11.6893704323981,-0.251074341080962));
#8624=CARTESIAN_POINT('Ctrl Pts',(-4.99339265551027,11.6945703244259,-0.257413999331529));
#8625=CARTESIAN_POINT('Ctrl Pts',(-4.99309418688052,11.7018636794778,-0.263078774020181));
#8626=CARTESIAN_POINT('',(-4.99168941407563,11.8108588188653,-0.288161054629701));
#8627=CARTESIAN_POINT('Ctrl Pts',(-4.99168941407563,11.8108588188653,-0.288161054629701));
#8628=CARTESIAN_POINT('Ctrl Pts',(-4.99168941407563,11.7819555229187,-0.288161054629701));
#8629=CARTESIAN_POINT('Ctrl Pts',(-4.99182730614999,11.7587923675222,-0.285801490119966));
#8630=CARTESIAN_POINT('Ctrl Pts',(-4.99209305068898,11.7413693526759,-0.281081791055199));
#8631=CARTESIAN_POINT('Ctrl Pts',(-4.99235879522797,11.7239463378296,-0.276362091990431));
#8632=CARTESIAN_POINT('Ctrl Pts',(-4.99269047073753,11.7107777800969,-0.270360974318836));
#8633=CARTESIAN_POINT('Ctrl Pts',(-4.99307421458366,11.7018636794778,-0.263077721709294));
#8634=CARTESIAN_POINT('',(-4.99173605208936,11.8412477982485,-0.287352024999491));
#8635=CARTESIAN_POINT('Ctrl Pts',(-4.99173605208936,11.8412477982485,-0.287352024999491));
#8636=CARTESIAN_POINT('Ctrl Pts',(-4.99173605208936,11.839086804159,-0.287352024999491));
#8637=CARTESIAN_POINT('Ctrl Pts',(-4.99172829547748,11.835440126633,-0.287486864215751));
#8638=CARTESIAN_POINT('Ctrl Pts',(-4.99171274947289,11.8303077656706,-0.287756540759449));
#8639=CARTESIAN_POINT('Ctrl Pts',(-4.99169720346829,11.8251754047081,-0.288026217303148));
#8640=CARTESIAN_POINT('Ctrl Pts',(-4.99168941407563,11.8186924224397,-0.288161054629701));
#8641=CARTESIAN_POINT('Ctrl Pts',(-4.99168941407563,11.8108588188653,-0.288161054629701));
#8642=CARTESIAN_POINT('',(-4.99437147783381,11.85299820361,-0.23717829032217));
#8643=CARTESIAN_POINT('Ctrl Pts',(-4.99437147783381,11.85299820361,-0.23717829032217));
#8644=CARTESIAN_POINT('Ctrl Pts',(-4.99397425864907,11.85299820361,-0.245542715936428));
#8645=CARTESIAN_POINT('Ctrl Pts',(-4.99354642870274,11.8518501754999,-0.254108512070865));
#8646=CARTESIAN_POINT('Ctrl Pts',(-4.99308487003622,11.8495541192799,-0.262875408920906));
#8647=CARTESIAN_POINT('Ctrl Pts',(-4.99262331136971,11.8472580630598,-0.271642305770948));
#8648=CARTESIAN_POINT('Ctrl Pts',(-4.9921707283087,11.8444892893827,-0.279801046526168));
#8649=CARTESIAN_POINT('Ctrl Pts',(-4.99173605208936,11.8412477982485,-0.287352024999491));
#8650=CARTESIAN_POINT('',(-4.99657795393079,11.8363855615472,-0.184956076658202));
#8651=CARTESIAN_POINT('Ctrl Pts',(-4.99657795393079,11.8363855615472,-0.184956076658202));
#8652=CARTESIAN_POINT('Ctrl Pts',(-4.99631815608829,11.8428685438156,-0.191974500685108));
#8653=CARTESIAN_POINT('Ctrl Pts',(-4.99600886537319,11.8472580630598,-0.19993718589187));
#8654=CARTESIAN_POINT('Ctrl Pts',(-4.99563653496576,11.8495541192799,-0.208843507237652));
#8655=CARTESIAN_POINT('Ctrl Pts',(-4.99526420455833,11.8518501754999,-0.217749828583433));
#8656=CARTESIAN_POINT('Ctrl Pts',(-4.99484557815108,11.85299820361,-0.22719494362128));
#8657=CARTESIAN_POINT('Ctrl Pts',(-4.99437147783381,11.85299820361,-0.23717829032217));
#8658=CARTESIAN_POINT('',(-4.99733948066571,11.7711505524714,-0.163089285300241));
#8659=CARTESIAN_POINT('Ctrl Pts',(-4.99733948066571,11.7711505524714,-0.163089285300241));
#8660=CARTESIAN_POINT('Ctrl Pts',(-4.99733948066571,11.7873580081424,-0.163089285300241));
#8661=CARTESIAN_POINT('Ctrl Pts',(-4.99727887654954,11.800729159071,-0.164979185192074));
#8662=CARTESIAN_POINT('Ctrl Pts',(-4.99715123620281,11.8112640052571,-0.168758770192037));
#8663=CARTESIAN_POINT('Ctrl Pts',(-4.99702359585608,11.8217988514433,-0.172538355192001));
#8664=CARTESIAN_POINT('Ctrl Pts',(-4.9968377517733,11.83017270354,-0.177937652631297));
#8665=CARTESIAN_POINT('Ctrl Pts',(-4.99657795393079,11.8363855615472,-0.184956076658202));
#8666=CARTESIAN_POINT('Ctrl Pts',(-4.99668206837278,11.7018636794778,-0.182121683502841));
#8667=CARTESIAN_POINT('Ctrl Pts',(-4.99690836760471,11.7099674073133,-0.175912948263237));
#8668=CARTESIAN_POINT('Ctrl Pts',(-4.99706964112644,11.7187464458018,-0.171188518882735));
#8669=CARTESIAN_POINT('Ctrl Pts',(-4.99717852207257,11.7282007949432,-0.167948856907671));
#8670=CARTESIAN_POINT('Ctrl Pts',(-4.9972874030187,11.7376551440846,-0.164709194932607));
#8671=CARTESIAN_POINT('Ctrl Pts',(-4.99733948066571,11.7519717299274,-0.163089285300241));
#8672=CARTESIAN_POINT('Ctrl Pts',(-4.99733948066571,11.7711505524714,-0.163089285300241));
#8673=CARTESIAN_POINT('Origin',(0.,11.575,0.));
#8674=CARTESIAN_POINT('Origin',(0.,11.575,0.));
#8675=CARTESIAN_POINT('Origin',(0.,11.575,0.));
#8676=CARTESIAN_POINT('Origin',(0.,11.575,0.));
#8677=CARTESIAN_POINT('Origin',(0.,11.575,0.));
#8678=CARTESIAN_POINT('',(-4.96747135133558,12.7309351448781,-0.569498266989291));
#8679=CARTESIAN_POINT('',(-4.97012751743787,12.8006272042634,-0.545740286589591));
#8680=CARTESIAN_POINT('Ctrl Pts',(-4.9674614261148,12.7309351448781,-0.569497129107331));
#8681=CARTESIAN_POINT('Ctrl Pts',(-4.96841520306053,12.7422803638478,-0.561177771651674));
#8682=CARTESIAN_POINT('Ctrl Pts',(-4.96908813053773,12.753287927491,-0.555137327608132));
#8683=CARTESIAN_POINT('Ctrl Pts',(-4.96950516464104,12.7639578358078,-0.551378652657203));
#8684=CARTESIAN_POINT('Ctrl Pts',(-4.96992219874434,12.7746277441245,-0.547619977706274));
#8685=CARTESIAN_POINT('Ctrl Pts',(-4.97012751743787,12.7868508669431,-0.545740286589591));
#8686=CARTESIAN_POINT('Ctrl Pts',(-4.97012751743787,12.8006272042634,-0.545740286589591));
#8687=CARTESIAN_POINT('',(-4.96108548066205,12.7540307692093,-0.622600075139894));
#8688=CARTESIAN_POINT('Ctrl Pts',(-4.96748129596051,12.7309351448781,-0.569499407095847));
#8689=CARTESIAN_POINT('Ctrl Pts',(-4.96594293989465,12.7363376301018,-0.582917779245987));
#8690=CARTESIAN_POINT('Ctrl Pts',(-4.9646600668663,12.740727149346,-0.593646436688767));
#8691=CARTESIAN_POINT('Ctrl Pts',(-4.9636848783478,12.7441037026108,-0.601691306951835));
#8692=CARTESIAN_POINT('Ctrl Pts',(-4.96270968982929,12.7474802558756,-0.609736177214902));
#8693=CARTESIAN_POINT('Ctrl Pts',(-4.96184531725929,12.7507892780751,-0.616706059933686));
#8694=CARTESIAN_POINT('Ctrl Pts',(-4.96110532500397,12.7540307692093,-0.622602565540194));
#8695=CARTESIAN_POINT('',(-4.95598461205516,12.8087309320989,-0.66197924821894));
#8696=CARTESIAN_POINT('Ctrl Pts',(-4.95598461205516,12.8087309320989,-0.66197924821894));
#8697=CARTESIAN_POINT('Ctrl Pts',(-4.95598461205516,12.795494843301,-0.661979248218941));
#8698=CARTESIAN_POINT('Ctrl Pts',(-4.95641689726528,12.7847574039189,-0.658766703440827));
#8699=CARTESIAN_POINT('Ctrl Pts',(-4.95726271787326,12.7765186139528,-0.652339134180869));
#8700=CARTESIAN_POINT('Ctrl Pts',(-4.95810853848123,12.7682798239867,-0.645911564920912));
#8701=CARTESIAN_POINT('Ctrl Pts',(-4.95940368680895,12.7607838757389,-0.636001170641212));
#8702=CARTESIAN_POINT('Ctrl Pts',(-4.96108548066205,12.7540307692093,-0.622600075139894));
#8703=CARTESIAN_POINT('',(-4.96332291047338,12.8565429263284,-0.604504496567302));
#8704=CARTESIAN_POINT('Ctrl Pts',(-4.96332291047338,12.8565429263284,-0.604504496567302));
#8705=CARTESIAN_POINT('Ctrl Pts',(-4.96123278144275,12.8565429263284,-0.621665634925146));
#8706=CARTESIAN_POINT('Ctrl Pts',(-4.95945698673343,12.8519508138883,-0.635531465534507));
#8707=CARTESIAN_POINT('Ctrl Pts',(-4.95807819575757,12.8427665890081,-0.646111913489706));
#8708=CARTESIAN_POINT('Ctrl Pts',(-4.95691373264568,12.835010017293,-0.655047670661658));
#8709=CARTESIAN_POINT('Ctrl Pts',(-4.9562211485306,12.8257120710232,-0.660207459081524));
#8710=CARTESIAN_POINT('Ctrl Pts',(-4.95603579920679,12.8148727501988,-0.661595916689906));
#8711=CARTESIAN_POINT('Ctrl Pts',(-4.9560016843222,12.8128776947476,-0.661851472362189));
#8712=CARTESIAN_POINT('Ctrl Pts',(-4.95598461205516,12.8108304220477,-0.66197924821894));
#8713=CARTESIAN_POINT('Ctrl Pts',(-4.95598461205516,12.8087309320989,-0.66197924821894));
#8714=CARTESIAN_POINT('Ctrl Pts',(-4.97012751743787,12.8006272042634,-0.545740286589591));
#8715=CARTESIAN_POINT('Ctrl Pts',(-4.97012751743787,12.815091513465,-0.545740286589591));
#8716=CARTESIAN_POINT('Ctrl Pts',(-4.96971649674078,12.8270677624447,-0.549523304599787));
#8717=CARTESIAN_POINT('Ctrl Pts',(-4.96886855130648,12.8365559512023,-0.557086456340027));
#8718=CARTESIAN_POINT('Ctrl Pts',(-4.96871885559949,12.8382309895557,-0.558421649975095));
#8719=CARTESIAN_POINT('Ctrl Pts',(-4.96855541231827,12.8398284847006,-0.559874640873665));
#8720=CARTESIAN_POINT('Ctrl Pts',(-4.96837791135555,12.8413484366368,-0.561445393563981));
#8721=CARTESIAN_POINT('Ctrl Pts',(-4.96719496318293,12.8514780964312,-0.571913612982145));
#8722=CARTESIAN_POINT('Ctrl Pts',(-4.96554367256841,12.8565429263284,-0.586270787062093));
#8723=CARTESIAN_POINT('Ctrl Pts',(-4.96332291047338,12.8565429263284,-0.604504496567302));
#8724=CARTESIAN_POINT('',(-4.96879599983122,12.5174019164126,-0.557822744700121));
#8725=CARTESIAN_POINT('',(-4.97126634259488,12.5639983514667,-0.535267177195992));
#8726=CARTESIAN_POINT('Ctrl Pts',(-4.96878607196374,12.5174019164126,-0.557821630146357));
#8727=CARTESIAN_POINT('Ctrl Pts',(-4.96953947774232,12.5225342773751,-0.551110681813018));
#8728=CARTESIAN_POINT('Ctrl Pts',(-4.97013663053969,12.5286120732517,-0.54567334928263));
#8729=CARTESIAN_POINT('Ctrl Pts',(-4.97059008388439,12.5356353040425,-0.541511050663059));
#8730=CARTESIAN_POINT('Ctrl Pts',(-4.97104353722908,12.5426585348332,-0.537348752043488));
#8731=CARTESIAN_POINT('Ctrl Pts',(-4.97126634259488,12.5521128839747,-0.535267177195992));
#8732=CARTESIAN_POINT('Ctrl Pts',(-4.97126634259488,12.5639983514667,-0.535267177195992));
#8733=CARTESIAN_POINT('',(-4.96390841237812,12.5044359518758,-0.599677641338896));
#8734=CARTESIAN_POINT('Ctrl Pts',(-4.96880594710803,12.5174019164126,-0.557823861432878));
#8735=CARTESIAN_POINT('Ctrl Pts',(-4.9681128110192,12.5130799282336,-0.56399795859584));
#8736=CARTESIAN_POINT('Ctrl Pts',(-4.96731045300254,12.5098384370994,-0.571043224312191));
#8737=CARTESIAN_POINT('Ctrl Pts',(-4.96638774793902,12.50767744301,-0.57895832105705));
#8738=CARTESIAN_POINT('Ctrl Pts',(-4.9654650428755,12.5055164489205,-0.58687341780191));
#8739=CARTESIAN_POINT('Ctrl Pts',(-4.96464101577393,12.5044359518758,-0.593780179243218));
#8740=CARTESIAN_POINT('Ctrl Pts',(-4.96392826801176,12.5044359518758,-0.599680040049462));
#8741=CARTESIAN_POINT('',(-4.95414187281466,12.5810161799213,-0.675631781390171));
#8742=CARTESIAN_POINT('Ctrl Pts',(-4.95414187281466,12.5810161799213,-0.675631781390171));
#8743=CARTESIAN_POINT('Ctrl Pts',(-4.95414187281466,12.5639165786134,-0.675631781390171));
#8744=CARTESIAN_POINT('Ctrl Pts',(-4.95466036980932,12.549341623788,-0.671861994747011));
#8745=CARTESIAN_POINT('Ctrl Pts',(-4.95567153345636,12.5372913154454,-0.664318938831532));
#8746=CARTESIAN_POINT('Ctrl Pts',(-4.95603408754829,12.5329706611068,-0.6616143659409));
#8747=CARTESIAN_POINT('Ctrl Pts',(-4.95645949600506,12.5289745729757,-0.658424640755623));
#8748=CARTESIAN_POINT('Ctrl Pts',(-4.95694494917597,12.5253030510522,-0.654749395447508));
#8749=CARTESIAN_POINT('Ctrl Pts',(-4.95864415854426,12.512451792018,-0.641885103621808));
#8750=CARTESIAN_POINT('Ctrl Pts',(-4.96079570019134,12.5055364871395,-0.62524370608445));
#8751=CARTESIAN_POINT('Ctrl Pts',(-4.96328550027757,12.5045571364166,-0.604811576223931));
#8752=CARTESIAN_POINT('Ctrl Pts',(-4.96349089164771,12.5044763467227,-0.603126066142116));
#8753=CARTESIAN_POINT('Ctrl Pts',(-4.96369855562902,12.5044359518758,-0.601414757433341));
#8754=CARTESIAN_POINT('Ctrl Pts',(-4.96390841237812,12.5044359518758,-0.599677641338896));
#8755=CARTESIAN_POINT('',(-4.95836567860996,12.6559756623997,-0.643902008991139));
#8756=CARTESIAN_POINT('Ctrl Pts',(-4.95836567860996,12.6559756623997,-0.643902008991139));
#8757=CARTESIAN_POINT('Ctrl Pts',(-4.95728729057235,12.6473316860418,-0.652206133157933));
#8758=CARTESIAN_POINT('Ctrl Pts',(-4.95631006188785,12.6365267155945,-0.659570011058976));
#8759=CARTESIAN_POINT('Ctrl Pts',(-4.95544653484035,12.6235607510577,-0.665995225462454));
#8760=CARTESIAN_POINT('Ctrl Pts',(-4.95458300779284,12.6105947865209,-0.672420439865932));
#8761=CARTESIAN_POINT('Ctrl Pts',(-4.95414187281466,12.5964132628087,-0.675631781390171));
#8762=CARTESIAN_POINT('Ctrl Pts',(-4.95414187281466,12.5810161799213,-0.675631781390171));
#8763=CARTESIAN_POINT('',(-4.96539923093499,12.6312592925014,-0.587205651735602));
#8764=CARTESIAN_POINT('Ctrl Pts',(-4.96539923093499,12.6312592925014,-0.587205651735602));
#8765=CARTESIAN_POINT('Ctrl Pts',(-4.96466958586793,12.6342306593744,-0.593375515809794));
#8766=CARTESIAN_POINT('Ctrl Pts',(-4.96362119704647,12.6380799300963,-0.602159787004331));
#8767=CARTESIAN_POINT('Ctrl Pts',(-4.96221244416246,12.642807104667,-0.613553305752007));
#8768=CARTESIAN_POINT('Ctrl Pts',(-4.96080369127845,12.6475342792377,-0.624946824499682));
#8769=CARTESIAN_POINT('Ctrl Pts',(-4.95951364006935,12.6519237984819,-0.6350621348781));
#8770=CARTESIAN_POINT('Ctrl Pts',(-4.95836567860996,12.6559756623997,-0.643902008991139));
#8771=CARTESIAN_POINT('Ctrl Pts',(-4.97126634259488,12.5639983514667,-0.535267177195992));
#8772=CARTESIAN_POINT('Ctrl Pts',(-4.97126634259488,12.5804759313989,-0.535267177195992));
#8773=CARTESIAN_POINT('Ctrl Pts',(-4.97091536570793,12.5930367095439,-0.538557541475831));
#8774=CARTESIAN_POINT('Ctrl Pts',(-4.97019381868007,12.6016806859018,-0.545136134148557));
#8775=CARTESIAN_POINT('Ctrl Pts',(-4.96967973502194,12.6078392962422,-0.549823211852355));
#8776=CARTESIAN_POINT('Ctrl Pts',(-4.96874847502589,12.6146149481459,-0.558292491941511));
#8777=CARTESIAN_POINT('Ctrl Pts',(-4.96734205876438,12.6220076416132,-0.570537353054473));
#8778=CARTESIAN_POINT('Ctrl Pts',(-4.96677448605079,12.624991033662,-0.575478883694954));
#8779=CARTESIAN_POINT('Ctrl Pts',(-4.96612894142105,12.6280749172914,-0.581035234479578));
#8780=CARTESIAN_POINT('Ctrl Pts',(-4.96539923093499,12.6312592925014,-0.587205651735602));
#8781=CARTESIAN_POINT('Origin',(0.,11.575,0.));
#8782=CARTESIAN_POINT('',(-4.99610995659036,12.6879853873499,0.197446712057229));
#8783=CARTESIAN_POINT('',(-4.99439358852366,12.7070291477634,0.236712236510367));
#8784=CARTESIAN_POINT('Ctrl Pts',(-4.99609997414842,12.6879853873499,0.197446317550231));
#8785=CARTESIAN_POINT('Ctrl Pts',(-4.9958119649289,12.6879853873499,0.204733983747535));
#8786=CARTESIAN_POINT('Ctrl Pts',(-4.99551067836882,12.6894710707864,0.211953540806948));
#8787=CARTESIAN_POINT('Ctrl Pts',(-4.99519699487561,12.6924424376595,0.219104957464793));
#8788=CARTESIAN_POINT('Ctrl Pts',(-4.9948833113824,12.6954138045325,0.226256374122638));
#8789=CARTESIAN_POINT('Ctrl Pts',(-4.99461099036486,12.7002760412338,0.232125273124625));
#8790=CARTESIAN_POINT('Ctrl Pts',(-4.99439358852366,12.7070291477634,0.236712236510367));
#8791=CARTESIAN_POINT('',(-4.99802985708761,12.7799626982829,0.1403479521078));
#8792=CARTESIAN_POINT('Ctrl Pts',(-4.99611995854832,12.6879853873499,0.197447107335501));
#8793=CARTESIAN_POINT('Ctrl Pts',(-4.99678563133978,12.6879853873499,0.180603198279778));
#8794=CARTESIAN_POINT('Ctrl Pts',(-4.99722020821291,12.6936165033293,0.167558066469723));
#8795=CARTESIAN_POINT('Ctrl Pts',(-4.99751300835704,12.704878735288,0.158315292066553));
#8796=CARTESIAN_POINT('Ctrl Pts',(-4.99755802975481,12.7066104332905,0.156894108944984));
#8797=CARTESIAN_POINT('Ctrl Pts',(-4.99759959907911,12.7084752655589,0.15556281756575));
#8798=CARTESIAN_POINT('Ctrl Pts',(-4.99763793187904,12.7104732320935,0.15432142509651));
#8799=CARTESIAN_POINT('Ctrl Pts',(-4.99789786094969,12.7240211489033,0.145903725595044));
#8800=CARTESIAN_POINT('Ctrl Pts',(-4.99802341749046,12.7442420616917,0.141288982558968));
#8801=CARTESIAN_POINT('Ctrl Pts',(-4.99804620736339,12.7711359704587,0.14047814584653));
#8802=CARTESIAN_POINT('Ctrl Pts',(-4.99804863637989,12.7740024080431,0.140391724313407));
#8803=CARTESIAN_POINT('Ctrl Pts',(-4.99804984920703,12.7769446506511,0.140348513499608));
#8804=CARTESIAN_POINT('Ctrl Pts',(-4.99804984920703,12.7799626982829,0.140348513499608));
#8805=CARTESIAN_POINT('',(-4.99752322532603,12.8549221807613,0.157358229295252));
#8806=CARTESIAN_POINT('Ctrl Pts',(-4.99752322532603,12.8549221807613,0.157358229295252));
#8807=CARTESIAN_POINT('Ctrl Pts',(-4.99768474917266,12.8478989499705,0.152228410673096));
#8808=CARTESIAN_POINT('Ctrl Pts',(-4.99780680246859,12.8383095386985,0.148110820333561));
#8809=CARTESIAN_POINT('Ctrl Pts',(-4.99789689244975,12.8261539469453,0.14500569796081));
#8810=CARTESIAN_POINT('Ctrl Pts',(-4.99798698243092,12.813998355192,0.141900575588059));
#8811=CARTESIAN_POINT('Ctrl Pts',(-4.99802985708761,12.7986012723046,0.1403479521078));
#8812=CARTESIAN_POINT('Ctrl Pts',(-4.99802985708761,12.7799626982829,0.1403479521078));
#8813=CARTESIAN_POINT('',(-4.99613190955349,12.873560754783,0.196636574271911));
#8814=CARTESIAN_POINT('Ctrl Pts',(-4.99613190955349,12.873560754783,0.196636574271911));
#8815=CARTESIAN_POINT('Ctrl Pts',(-4.9964399841477,12.873560754783,0.18880903091502));
#8816=CARTESIAN_POINT('Ctrl Pts',(-4.9967032416736,12.8722776645423,0.181655563382079));
#8817=CARTESIAN_POINT('Ctrl Pts',(-4.99693037498159,12.8697114840611,0.175176561178589));
#8818=CARTESIAN_POINT('Ctrl Pts',(-4.99715750828958,12.8671453035799,0.168697558975099));
#8819=CARTESIAN_POINT('Ctrl Pts',(-4.99735320022431,12.8622155358133,0.162758038371205));
#8820=CARTESIAN_POINT('Ctrl Pts',(-4.99752322532603,12.8549221807613,0.157358229295252));
#8821=CARTESIAN_POINT('',(-4.99360005056643,12.7799626982829,0.252900247099464));
#8822=CARTESIAN_POINT('Ctrl Pts',(-4.99360005056643,12.7799626982829,0.252900247099464));
#8823=CARTESIAN_POINT('Ctrl Pts',(-4.99360005056643,12.8090806417935,0.252900247099464));
#8824=CARTESIAN_POINT('Ctrl Pts',(-4.99379686024184,12.8311239997083,0.249100058095941));
#8825=CARTESIAN_POINT('Ctrl Pts',(-4.99416444684469,12.8460927720272,0.241498401386894));
#8826=CARTESIAN_POINT('Ctrl Pts',(-4.99420947802157,12.8479265206693,0.240567160843496));
#8827=CARTESIAN_POINT('Ctrl Pts',(-4.99425700798041,12.8496540977387,0.23957886695598));
#8828=CARTESIAN_POINT('Ctrl Pts',(-4.99430693512263,12.8512755032353,0.238533515016216));
#8829=CARTESIAN_POINT('Ctrl Pts',(-4.99473285168793,12.8651073275583,0.229615866459747));
#8830=CARTESIAN_POINT('Ctrl Pts',(-4.99532073724206,12.8725003857417,0.216896780072142));
#8831=CARTESIAN_POINT('Ctrl Pts',(-4.99598346085084,12.8734546777856,0.200372799813021));
#8832=CARTESIAN_POINT('Ctrl Pts',(-4.99603257211326,12.8735253957839,0.199148287029623));
#8833=CARTESIAN_POINT('Ctrl Pts',(-4.99608207063166,12.873560754783,0.197902879020171));
#8834=CARTESIAN_POINT('Ctrl Pts',(-4.99613190955349,12.873560754783,0.196636574271911));
#8835=CARTESIAN_POINT('Ctrl Pts',(-4.99439358852366,12.7070291477634,0.236712236510367));
#8836=CARTESIAN_POINT('Ctrl Pts',(-4.99409945662086,12.7159432483824,0.2429181281499));
#8837=CARTESIAN_POINT('Ctrl Pts',(-4.99388762292671,12.7262755013727,0.247167314695067));
#8838=CARTESIAN_POINT('Ctrl Pts',(-4.99377306785492,12.7380259067342,0.24946051143787));
#8839=CARTESIAN_POINT('Ctrl Pts',(-4.99365851278313,12.7497763120956,0.251753708180672));
#8840=CARTESIAN_POINT('Ctrl Pts',(-4.99360005056643,12.7637552426119,0.252900247099464));
#8841=CARTESIAN_POINT('Ctrl Pts',(-4.99360005056643,12.7799626982829,0.252900247099464));
#8842=CARTESIAN_POINT('Origin',(0.,11.575,0.));
#8843=CARTESIAN_POINT('Origin',(0.,11.575,0.));
#8844=CARTESIAN_POINT('Origin',(0.,11.575,0.));
#8845=CARTESIAN_POINT('Origin',(0.,11.575,0.));
#8846=CARTESIAN_POINT('Origin',(0.,11.575,0.));
#8847=CARTESIAN_POINT('Origin',(0.,11.575,0.));
#8848=CARTESIAN_POINT('Origin',(2.5,0.1405,-2.60208521396522E-17));
#8849=CARTESIAN_POINT('',(2.754,0.125,-5.7126880837995E-17));
#8850=CARTESIAN_POINT('Origin',(2.5,0.125,-2.60208521396522E-17));
#8851=CARTESIAN_POINT('',(2.785,0.156,8.88158163604734E-18));
#8852=CARTESIAN_POINT('',(2.7695,0.1405,6.98337909736895E-18));
#8853=CARTESIAN_POINT('',(2.215,0.156,-6.09232859153518E-17));
#8854=CARTESIAN_POINT('Origin',(2.5,0.156,-2.60208521396522E-17));
#8855=CARTESIAN_POINT('Origin',(2.5,0.156,-2.60208521396522E-17));
#8856=CARTESIAN_POINT('Origin',(2.5,0.2,-2.60208521396522E-17));
#8857=CARTESIAN_POINT('',(2.215,0.2,8.88158163604734E-18));
#8858=CARTESIAN_POINT('',(2.215,0.2,-6.09232859153518E-17));
#8859=CARTESIAN_POINT('Origin',(2.5,0.2,-2.60208521396522E-17));
#8860=CARTESIAN_POINT('Origin',(2.5,0.125,-3.46944695195361E-17));
#8861=CARTESIAN_POINT('',(2.75,0.125,4.5953178390316E-18));
#8862=CARTESIAN_POINT('',(2.25,0.125,4.5953178390316E-18));
#8863=CARTESIAN_POINT('Origin',(2.5,0.125,-2.60208521396522E-17));
#8864=CARTESIAN_POINT('Origin',(2.5,0.125,-2.60208521396522E-17));
#8865=CARTESIAN_POINT('Origin',(-2.5,0.1405,-6.12323399573677E-16));
#8866=CARTESIAN_POINT('',(-2.246,0.125,-6.43429428272019E-16));
#8867=CARTESIAN_POINT('Origin',(-2.5,0.125,-6.12323399573677E-16));
#8868=CARTESIAN_POINT('',(-2.215,0.156,-5.77420965797977E-16));
#8869=CARTESIAN_POINT('',(-2.2305,0.1405,-5.79319168336655E-16));
#8870=CARTESIAN_POINT('',(-2.785,0.156,-6.47225833349376E-16));
#8871=CARTESIAN_POINT('Origin',(-2.5,0.156,-6.12323399573677E-16));
#8872=CARTESIAN_POINT('Origin',(-2.5,0.156,-6.12323399573677E-16));
#8873=CARTESIAN_POINT('Origin',(-2.5,0.2,-6.12323399573677E-16));
#8874=CARTESIAN_POINT('',(-2.785,0.2,-5.77420965797977E-16));
#8875=CARTESIAN_POINT('',(-2.785,0.2,-6.47225833349376E-16));
#8876=CARTESIAN_POINT('Origin',(-2.5,0.2,-6.12323399573677E-16));
#8877=CARTESIAN_POINT('Origin',(-2.5,0.125,-6.24500451351651E-16));
#8878=CARTESIAN_POINT('',(-2.25,0.125,-5.81707229594993E-16));
#8879=CARTESIAN_POINT('',(-2.75,0.125,4.5953178390316E-18));
#8880=CARTESIAN_POINT('Origin',(-2.5,0.125,-2.60208521396522E-17));
#8881=CARTESIAN_POINT('Origin',(-2.5,0.125,-2.60208521396522E-17));
#8882=CARTESIAN_POINT('Origin',(2.5,-4.0845,-2.60208521396522E-17));
#8883=CARTESIAN_POINT('',(2.281,-4.1,7.98912761674818E-19));
#8884=CARTESIAN_POINT('Origin',(2.5,-4.1,-2.60208521396522E-17));
#8885=CARTESIAN_POINT('',(2.25,-4.069,-5.66370221183361E-17));
#8886=CARTESIAN_POINT('',(2.2655,-4.0845,-5.47388195796577E-17));
#8887=CARTESIAN_POINT('Origin',(2.5,-4.069,-2.60208521396522E-17));
#8888=CARTESIAN_POINT('Origin',(2.5,-4.1,-3.46944695195361E-17));
#8889=CARTESIAN_POINT('Origin',(2.5,0.,-2.60208521396522E-17));
#8890=CARTESIAN_POINT('',(2.25,0.,4.5953178390316E-18));
#8891=CARTESIAN_POINT('Origin',(-2.5,-4.0845,-2.60208521396522E-17));
#8892=CARTESIAN_POINT('',(-2.719,-4.1,7.98912761674818E-19));
#8893=CARTESIAN_POINT('Origin',(-2.5,-4.1,-2.60208521396522E-17));
#8894=CARTESIAN_POINT('',(-2.75,-4.069,-5.66370221183361E-17));
#8895=CARTESIAN_POINT('',(-2.7345,-4.0845,-5.47388195796577E-17));
#8896=CARTESIAN_POINT('Origin',(-2.5,-4.069,-2.60208521396522E-17));
#8897=CARTESIAN_POINT('Origin',(-2.5,-4.1,-3.46944695195361E-17));
#8898=CARTESIAN_POINT('Origin',(-2.5,0.,-2.60208521396522E-17));
#8899=CARTESIAN_POINT('',(-2.75,0.,4.5953178390316E-18));
#8900=CARTESIAN_POINT('Origin',(2.5,0.088,-2.60208521396522E-17));
#8901=CARTESIAN_POINT('',(2.135,0.088,1.86787560292262E-17));
#8902=CARTESIAN_POINT('',(2.5,0.088,0.365));
#8903=CARTESIAN_POINT('Origin',(2.5,0.088,-2.60208521396522E-17));
#8904=CARTESIAN_POINT('',(2.5,0.07,0.383));
#8905=CARTESIAN_POINT('Origin',(2.5,0.088,0.383));
#8906=CARTESIAN_POINT('',(2.117,0.07,-7.29248245469959E-17));
#8907=CARTESIAN_POINT('Origin',(2.5,0.07,-2.60208521396522E-17));
#8908=CARTESIAN_POINT('Origin',(2.5,0.07,-2.60208521396522E-17));
#8909=CARTESIAN_POINT('',(2.865,0.088,-7.07204603085306E-17));
#8910=CARTESIAN_POINT('Origin',(2.5,0.088,-2.60208521396522E-17));
#8911=CARTESIAN_POINT('Origin',(2.5,0.088,-2.60208521396522E-17));
#8912=CARTESIAN_POINT('Origin',(0.,0.07,0.));
#8913=CARTESIAN_POINT('',(-4.175,0.07,0.));
#8914=CARTESIAN_POINT('Origin',(0.,0.07,0.));
#8915=CARTESIAN_POINT('',(-2.883,0.07,-7.29248245469959E-17));
#8916=CARTESIAN_POINT('',(-2.5,0.07,0.383));
#8917=CARTESIAN_POINT('Origin',(-2.5,0.07,-2.60208521396522E-17));
#8918=CARTESIAN_POINT('Origin',(-2.5,0.07,-2.60208521396522E-17));
#8919=CARTESIAN_POINT('',(-2.5,0.07,-0.983333333333333));
#8920=CARTESIAN_POINT('',(-3.82452793020118,0.07,-0.983333333333334));
#8921=CARTESIAN_POINT('',(-2.5,0.07,-0.983333333333333));
#8922=CARTESIAN_POINT('',(-2.5,0.07,0.983333333333333));
#8923=CARTESIAN_POINT('Origin',(-2.5,0.07,-2.60208521396522E-17));
#8924=CARTESIAN_POINT('',(-3.82452793020118,0.07,0.983333333333334));
#8925=CARTESIAN_POINT('',(-3.82452793020118,0.07,0.983333333333334));
#8926=CARTESIAN_POINT('',(-3.92074246932573,0.07,1.11058700209644));
#8927=CARTESIAN_POINT('Origin',(-3.82452793020118,0.07,1.08333333333333));
#8928=CARTESIAN_POINT('',(-0.261415094339623,0.07,4.06660634294142));
#8929=CARTESIAN_POINT('Origin',(0.,0.07,0.));
#8930=CARTESIAN_POINT('',(-0.154999999999999,0.07,3.96681232225574));
#8931=CARTESIAN_POINT('Origin',(-0.255,0.07,3.96681232225574));
#8932=CARTESIAN_POINT('',(-0.154999999999999,0.07,-3.96681232225574));
#8933=CARTESIAN_POINT('',(-0.154999999999999,0.07,-3.96681232225574));
#8934=CARTESIAN_POINT('',(-0.261415094339623,0.07,-4.06660634294142));
#8935=CARTESIAN_POINT('Origin',(-0.255,0.07,-3.96681232225574));
#8936=CARTESIAN_POINT('',(-3.92074246932573,0.07,-1.11058700209644));
#8937=CARTESIAN_POINT('Origin',(0.,0.07,0.));
#8938=CARTESIAN_POINT('Origin',(-3.82452793020118,0.07,-1.08333333333333));
#8939=CARTESIAN_POINT('',(2.5,0.07,-0.983333333333333));
#8940=CARTESIAN_POINT('',(2.5,0.07,0.983333333333333));
#8941=CARTESIAN_POINT('Origin',(2.5,0.07,-2.60208521396522E-17));
#8942=CARTESIAN_POINT('',(3.82452793020118,0.07,-0.983333333333334));
#8943=CARTESIAN_POINT('',(3.82452793020118,0.07,-0.983333333333334));
#8944=CARTESIAN_POINT('',(3.92074246932573,0.07,-1.11058700209644));
#8945=CARTESIAN_POINT('Origin',(3.82452793020118,0.07,-1.08333333333333));
#8946=CARTESIAN_POINT('',(0.261415094339623,0.07,-4.06660634294142));
#8947=CARTESIAN_POINT('Origin',(0.,0.07,0.));
#8948=CARTESIAN_POINT('',(0.154999999999999,0.07,-3.96681232225574));
#8949=CARTESIAN_POINT('Origin',(0.255,0.07,-3.96681232225574));
#8950=CARTESIAN_POINT('',(0.154999999999999,0.07,3.96681232225574));
#8951=CARTESIAN_POINT('',(0.154999999999999,0.07,3.96681232225574));
#8952=CARTESIAN_POINT('',(0.261415094339623,0.07,4.06660634294142));
#8953=CARTESIAN_POINT('Origin',(0.255,0.07,3.96681232225574));
#8954=CARTESIAN_POINT('',(3.92074246932573,0.07,1.11058700209644));
#8955=CARTESIAN_POINT('Origin',(0.,0.07,0.));
#8956=CARTESIAN_POINT('',(3.82452793020118,0.07,0.983333333333334));
#8957=CARTESIAN_POINT('Origin',(3.82452793020118,0.07,1.08333333333333));
#8958=CARTESIAN_POINT('',(2.5,0.07,0.983333333333333));
#8959=CARTESIAN_POINT('Origin',(2.5,0.,-2.60208521396522E-17));
#8960=CARTESIAN_POINT('',(2.865,0.2,-7.07204603085306E-17));
#8961=CARTESIAN_POINT('',(2.865,0.,-7.07204603085306E-17));
#8962=CARTESIAN_POINT('',(2.135,0.2,-2.60208521396522E-17));
#8963=CARTESIAN_POINT('Origin',(2.5,0.2,-2.60208521396522E-17));
#8964=CARTESIAN_POINT('Origin',(2.5,0.2,-2.60208521396522E-17));
#8965=CARTESIAN_POINT('Origin',(-2.5,0.088,-2.60208521396522E-17));
#8966=CARTESIAN_POINT('',(-2.865,0.088,1.86787560292262E-17));
#8967=CARTESIAN_POINT('',(-2.5,0.088,0.365));
#8968=CARTESIAN_POINT('Origin',(-2.5,0.088,-2.60208521396522E-17));
#8969=CARTESIAN_POINT('Origin',(-2.5,0.088,0.383));
#8970=CARTESIAN_POINT('',(-2.135,0.088,-7.07204603085306E-17));
#8971=CARTESIAN_POINT('Origin',(-2.5,0.088,-2.60208521396522E-17));
#8972=CARTESIAN_POINT('Origin',(-2.5,0.088,-2.60208521396522E-17));
#8973=CARTESIAN_POINT('Origin',(-2.5,0.,-2.60208521396522E-17));
#8974=CARTESIAN_POINT('',(-2.135,0.2,-7.07204603085306E-17));
#8975=CARTESIAN_POINT('',(-2.135,0.,-7.07204603085306E-17));
#8976=CARTESIAN_POINT('',(-2.865,0.2,-2.60208521396522E-17));
#8977=CARTESIAN_POINT('Origin',(-2.5,0.2,-2.60208521396522E-17));
#8978=CARTESIAN_POINT('Origin',(-2.5,0.2,-2.60208521396522E-17));
#8979=CARTESIAN_POINT('Origin',(0.255,-0.072,3.96681232225574));
#8980=CARTESIAN_POINT('',(0.260260377358491,-0.09,4.048643419218));
#8981=CARTESIAN_POINT('',(0.261415094339623,-0.072,4.06660634294142));
#8982=CARTESIAN_POINT('Origin',(0.260260377358491,-0.072,4.048643419218));
#8983=CARTESIAN_POINT('',(0.154999999999999,-0.072,3.96681232225574));
#8984=CARTESIAN_POINT('Origin',(0.255,-0.072,3.96681232225574));
#8985=CARTESIAN_POINT('',(0.173,-0.09,3.96681232225574));
#8986=CARTESIAN_POINT('Origin',(0.173,-0.072,3.96681232225574));
#8987=CARTESIAN_POINT('Origin',(0.255,-0.09,3.96681232225574));
#8988=CARTESIAN_POINT('Origin',(0.172999999999999,-0.072,1.98340616112787));
#8989=CARTESIAN_POINT('',(0.154999999999999,-0.072,-3.96681232225574));
#8990=CARTESIAN_POINT('',(0.172999999999999,-0.09,-3.96681232225574));
#8991=CARTESIAN_POINT('Origin',(0.172999999999999,-0.072,-3.96681232225574));
#8992=CARTESIAN_POINT('',(0.172999999999999,-0.09,1.98340616112787));
#8993=CARTESIAN_POINT('',(0.154999999999999,-0.072,1.98340616112787));
#8994=CARTESIAN_POINT('Origin',(0.255,-0.072,-3.96681232225574));
#8995=CARTESIAN_POINT('',(0.261415094339623,-0.072,-4.06660634294142));
#8996=CARTESIAN_POINT('',(0.260260377358491,-0.09,-4.048643419218));
#8997=CARTESIAN_POINT('Origin',(0.260260377358491,-0.072,-4.048643419218));
#8998=CARTESIAN_POINT('Origin',(0.255,-0.09,-3.96681232225574));
#8999=CARTESIAN_POINT('Origin',(0.255,-0.072,-3.96681232225574));
#9000=CARTESIAN_POINT('Origin',(0.,-0.072,0.));
#9001=CARTESIAN_POINT('',(3.92074246932573,-0.072,-1.11058700209644));
#9002=CARTESIAN_POINT('',(3.90342385228331,-0.09,-1.10568134171908));
#9003=CARTESIAN_POINT('Origin',(3.90342385228331,-0.072,-1.10568134171908));
#9004=CARTESIAN_POINT('Origin',(0.,-0.09,0.));
#9005=CARTESIAN_POINT('Origin',(0.,-0.072,0.));
#9006=CARTESIAN_POINT('Origin',(3.82452793020118,-0.072,-1.08333333333333));
#9007=CARTESIAN_POINT('',(3.82452793020118,-0.072,-0.983333333333334));
#9008=CARTESIAN_POINT('',(3.82452793020118,-0.09,-1.00133333333333));
#9009=CARTESIAN_POINT('Origin',(3.82452793020118,-0.072,-1.00133333333333));
#9010=CARTESIAN_POINT('Origin',(3.82452793020118,-0.09,-1.08333333333333));
#9011=CARTESIAN_POINT('Origin',(3.82452793020118,-0.072,-1.08333333333333));
#9012=CARTESIAN_POINT('Origin',(2.93214594765088,-0.072,-1.00133333333333));
#9013=CARTESIAN_POINT('',(2.5,-0.072,-0.983333333333333));
#9014=CARTESIAN_POINT('',(2.5,-0.09,-1.00133333333333));
#9015=CARTESIAN_POINT('Origin',(2.5,-0.072,-1.00133333333333));
#9016=CARTESIAN_POINT('',(2.93214594765088,-0.09,-1.00133333333333));
#9017=CARTESIAN_POINT('',(2.93214594765088,-0.072,-0.983333333333333));
#9018=CARTESIAN_POINT('Origin',(2.5,-0.072,-2.60208521396522E-17));
#9019=CARTESIAN_POINT('',(2.5,-0.072,0.983333333333333));
#9020=CARTESIAN_POINT('',(2.5,-0.09,1.00133333333333));
#9021=CARTESIAN_POINT('Origin',(2.5,-0.072,1.00133333333333));
#9022=CARTESIAN_POINT('Origin',(2.5,-0.09,-2.60208521396522E-17));
#9023=CARTESIAN_POINT('Origin',(2.5,-0.072,-2.60208521396522E-17));
#9024=CARTESIAN_POINT('Origin',(2.26988198255029,-0.072,1.00133333333333));
#9025=CARTESIAN_POINT('',(3.82452793020118,-0.072,0.983333333333334));
#9026=CARTESIAN_POINT('',(3.82452793020118,-0.09,1.00133333333333));
#9027=CARTESIAN_POINT('Origin',(3.82452793020118,-0.072,1.00133333333333));
#9028=CARTESIAN_POINT('',(2.26988198255029,-0.09,1.00133333333333));
#9029=CARTESIAN_POINT('',(2.26988198255029,-0.072,0.983333333333333));
#9030=CARTESIAN_POINT('Origin',(3.82452793020118,-0.072,1.08333333333333));
#9031=CARTESIAN_POINT('',(3.92074246932573,-0.072,1.11058700209644));
#9032=CARTESIAN_POINT('',(3.90342385228331,-0.09,1.10568134171908));
#9033=CARTESIAN_POINT('Origin',(3.90342385228331,-0.072,1.10568134171908));
#9034=CARTESIAN_POINT('Origin',(3.82452793020118,-0.09,1.08333333333333));
#9035=CARTESIAN_POINT('Origin',(3.82452793020118,-0.072,1.08333333333333));
#9036=CARTESIAN_POINT('Origin',(0.,-0.072,0.));
#9037=CARTESIAN_POINT('Origin',(0.,-0.09,0.));
#9038=CARTESIAN_POINT('Origin',(0.,-0.072,0.));
#9039=CARTESIAN_POINT('Origin',(3.82452793020118,0.,-1.08333333333333));
#9040=CARTESIAN_POINT('',(3.92074246932573,0.,-1.11058700209644));
#9041=CARTESIAN_POINT('',(3.82452793020118,0.,-0.983333333333334));
#9042=CARTESIAN_POINT('Origin',(0.,0.,0.));
#9043=CARTESIAN_POINT('',(0.261415094339623,0.,-4.06660634294142));
#9044=CARTESIAN_POINT('Origin',(0.255,0.,-3.96681232225574));
#9045=CARTESIAN_POINT('',(0.154999999999999,0.,-3.96681232225574));
#9046=CARTESIAN_POINT('Origin',(0.154999999999999,0.,3.96681232225574));
#9047=CARTESIAN_POINT('',(0.154999999999999,0.,3.96681232225574));
#9048=CARTESIAN_POINT('Origin',(0.255,0.,3.96681232225574));
#9049=CARTESIAN_POINT('',(0.261415094339623,0.,4.06660634294142));
#9050=CARTESIAN_POINT('Origin',(2.03976396510059,-0.09,0.));
#9051=CARTESIAN_POINT('Origin',(-3.82452793020118,-0.072,1.08333333333333));
#9052=CARTESIAN_POINT('',(-3.90342385228331,-0.09,1.10568134171908));
#9053=CARTESIAN_POINT('',(-3.92074246932573,-0.072,1.11058700209644));
#9054=CARTESIAN_POINT('Origin',(-3.90342385228331,-0.072,1.10568134171908));
#9055=CARTESIAN_POINT('',(-3.82452793020118,-0.072,0.983333333333334));
#9056=CARTESIAN_POINT('Origin',(-3.82452793020118,-0.072,1.08333333333333));
#9057=CARTESIAN_POINT('',(-3.82452793020118,-0.09,1.00133333333333));
#9058=CARTESIAN_POINT('Origin',(-3.82452793020118,-0.072,1.00133333333333));
#9059=CARTESIAN_POINT('Origin',(-3.82452793020118,-0.09,1.08333333333333));
#9060=CARTESIAN_POINT('Origin',(-2.93214594765088,-0.072,1.00133333333333));
#9061=CARTESIAN_POINT('',(-2.5,-0.072,0.983333333333333));
#9062=CARTESIAN_POINT('',(-2.5,-0.09,1.00133333333333));
#9063=CARTESIAN_POINT('Origin',(-2.5,-0.072,1.00133333333333));
#9064=CARTESIAN_POINT('',(-2.93214594765088,-0.09,1.00133333333333));
#9065=CARTESIAN_POINT('',(-2.93214594765088,-0.072,0.983333333333333));
#9066=CARTESIAN_POINT('Origin',(-2.5,-0.072,-2.60208521396522E-17));
#9067=CARTESIAN_POINT('',(-2.5,-0.072,-0.983333333333333));
#9068=CARTESIAN_POINT('',(-2.5,-0.09,-1.00133333333333));
#9069=CARTESIAN_POINT('Origin',(-2.5,-0.072,-1.00133333333333));
#9070=CARTESIAN_POINT('Origin',(-2.5,-0.09,-2.60208521396522E-17));
#9071=CARTESIAN_POINT('Origin',(-2.5,-0.072,-2.60208521396522E-17));
#9072=CARTESIAN_POINT('Origin',(-2.26988198255029,-0.072,-1.00133333333333));
#9073=CARTESIAN_POINT('',(-3.82452793020118,-0.072,-0.983333333333334));
#9074=CARTESIAN_POINT('',(-3.82452793020118,-0.09,-1.00133333333333));
#9075=CARTESIAN_POINT('Origin',(-3.82452793020118,-0.072,-1.00133333333333));
#9076=CARTESIAN_POINT('',(-2.26988198255029,-0.09,-1.00133333333333));
#9077=CARTESIAN_POINT('',(-2.26988198255029,-0.072,-0.983333333333333));
#9078=CARTESIAN_POINT('Origin',(-3.82452793020118,-0.072,-1.08333333333333));
#9079=CARTESIAN_POINT('',(-3.92074246932573,-0.072,-1.11058700209644));
#9080=CARTESIAN_POINT('',(-3.90342385228331,-0.09,-1.10568134171908));
#9081=CARTESIAN_POINT('Origin',(-3.90342385228331,-0.072,-1.10568134171908));
#9082=CARTESIAN_POINT('Origin',(-3.82452793020118,-0.09,-1.08333333333333));
#9083=CARTESIAN_POINT('Origin',(-3.82452793020118,-0.072,-1.08333333333333));
#9084=CARTESIAN_POINT('Origin',(0.,-0.072,0.));
#9085=CARTESIAN_POINT('',(-0.261415094339623,-0.072,-4.06660634294142));
#9086=CARTESIAN_POINT('',(-0.260260377358491,-0.09,-4.048643419218));
#9087=CARTESIAN_POINT('Origin',(-0.260260377358491,-0.072,-4.048643419218));
#9088=CARTESIAN_POINT('Origin',(0.,-0.09,0.));
#9089=CARTESIAN_POINT('Origin',(0.,-0.072,0.));
#9090=CARTESIAN_POINT('Origin',(-0.255,-0.072,-3.96681232225574));
#9091=CARTESIAN_POINT('',(-0.154999999999999,-0.072,-3.96681232225574));
#9092=CARTESIAN_POINT('',(-0.173,-0.09,-3.96681232225574));
#9093=CARTESIAN_POINT('Origin',(-0.173,-0.072,-3.96681232225574));
#9094=CARTESIAN_POINT('Origin',(-0.255,-0.09,-3.96681232225574));
#9095=CARTESIAN_POINT('Origin',(-0.255,-0.072,-3.96681232225574));
#9096=CARTESIAN_POINT('Origin',(-0.172999999999999,-0.072,-1.98340616112787));
#9097=CARTESIAN_POINT('',(-0.154999999999999,-0.072,3.96681232225574));
#9098=CARTESIAN_POINT('',(-0.172999999999999,-0.09,3.96681232225574));
#9099=CARTESIAN_POINT('Origin',(-0.172999999999999,-0.072,3.96681232225574));
#9100=CARTESIAN_POINT('',(-0.172999999999999,-0.09,-1.98340616112787));
#9101=CARTESIAN_POINT('',(-0.154999999999999,-0.072,-1.98340616112787));
#9102=CARTESIAN_POINT('Origin',(-0.255,-0.072,3.96681232225574));
#9103=CARTESIAN_POINT('',(-0.261415094339623,-0.072,4.06660634294142));
#9104=CARTESIAN_POINT('',(-0.260260377358491,-0.09,4.048643419218));
#9105=CARTESIAN_POINT('Origin',(-0.260260377358491,-0.072,4.048643419218));
#9106=CARTESIAN_POINT('Origin',(-0.255,-0.09,3.96681232225574));
#9107=CARTESIAN_POINT('Origin',(-0.255,-0.072,3.96681232225574));
#9108=CARTESIAN_POINT('Origin',(0.,-0.072,0.));
#9109=CARTESIAN_POINT('Origin',(0.,-0.09,0.));
#9110=CARTESIAN_POINT('Origin',(0.,-0.072,0.));
#9111=CARTESIAN_POINT('Origin',(-3.82452793020118,0.,-1.08333333333333));
#9112=CARTESIAN_POINT('',(-3.82452793020118,0.,-0.983333333333334));
#9113=CARTESIAN_POINT('',(-3.92074246932573,0.,-1.11058700209644));
#9114=CARTESIAN_POINT('Origin',(-2.5,0.,-0.983333333333333));
#9115=CARTESIAN_POINT('',(-2.5,0.,-0.983333333333333));
#9116=CARTESIAN_POINT('Origin',(-2.5,0.,-2.60208521396522E-17));
#9117=CARTESIAN_POINT('',(-2.5,0.,0.983333333333333));
#9118=CARTESIAN_POINT('Origin',(-3.82452793020118,0.,0.983333333333334));
#9119=CARTESIAN_POINT('',(-3.82452793020118,0.,0.983333333333334));
#9120=CARTESIAN_POINT('Origin',(-3.82452793020118,0.,1.08333333333333));
#9121=CARTESIAN_POINT('',(-3.92074246932573,0.,1.11058700209644));
#9122=CARTESIAN_POINT('Origin',(-2.03976396510059,-0.09,0.));
#9123=CARTESIAN_POINT('Origin',(6.42939569552352E-18,19.935,0.104999999999999));
#9124=CARTESIAN_POINT('',(0.149999999999999,19.935,0.0899999999999986));
#9125=CARTESIAN_POINT('',(0.149999999999999,19.95,0.104999999999999));
#9126=CARTESIAN_POINT('Origin',(0.149999999999999,19.935,0.104999999999999));
#9127=CARTESIAN_POINT('',(4.17367943186824,19.95,0.104999999999998));
#9128=CARTESIAN_POINT('',(6.42939569552352E-18,19.95,0.104999999999999));
#9129=CARTESIAN_POINT('',(4.17402982739702,19.935,0.0899999999999977));
#9130=CARTESIAN_POINT('Ctrl Pts',(4.17402982739702,19.935,0.0899999999999983));
#9131=CARTESIAN_POINT('Ctrl Pts',(4.17402982739702,19.9368833974164,0.0899999999999983));
#9132=CARTESIAN_POINT('Ctrl Pts',(4.17402177548988,19.938892301971,0.0903763947170978));
#9133=CARTESIAN_POINT('Ctrl Pts',(4.1739883322311,19.9425877905488,0.0919070492966852));
#9134=CARTESIAN_POINT('Ctrl Pts',(4.173962909051,19.9442743732566,0.0930613116389298));
#9135=CARTESIAN_POINT('Ctrl Pts',(4.17390267515667,19.9469381241923,0.0957247789538453));
#9136=CARTESIAN_POINT('Ctrl Pts',(4.17386385376847,19.9480926717903,0.0974116699107639));
#9137=CARTESIAN_POINT('Ctrl Pts',(4.17377593899074,19.9496236117337,0.10110757978178));
#9138=CARTESIAN_POINT('Ctrl Pts',(4.17372681381076,19.95,0.103116599629291));
#9139=CARTESIAN_POINT('Ctrl Pts',(4.17367943186824,19.95,0.104999999999998));
#9140=CARTESIAN_POINT('',(5.510910596163E-18,19.935,0.0899999999999986));
#9141=CARTESIAN_POINT('Origin',(0.149999999999999,19.935,0.149999999999999));
#9142=CARTESIAN_POINT('',(0.0899999999999986,19.935,0.149999999999999));
#9143=CARTESIAN_POINT('',(0.104999999999999,19.95,0.149999999999999));
#9144=CARTESIAN_POINT('Origin',(0.104999999999999,19.935,0.149999999999999));
#9145=CARTESIAN_POINT('Origin',(0.149999999999999,19.95,0.149999999999999));
#9146=CARTESIAN_POINT('Origin',(0.149999999999999,19.935,0.149999999999999));
#9147=CARTESIAN_POINT('Origin',(0.104999999999999,19.935,0.));
#9148=CARTESIAN_POINT('',(0.0900000000002664,19.935,4.17402982739701));
#9149=CARTESIAN_POINT('',(0.104999999999999,19.95,4.17367943186824));
#9150=CARTESIAN_POINT('Ctrl Pts',(0.104999999999999,19.95,4.17367943186824));
#9151=CARTESIAN_POINT('Ctrl Pts',(0.103116599629292,19.95,4.17372681381076));
#9152=CARTESIAN_POINT('Ctrl Pts',(0.10110757978178,19.9496236117337,4.17377593899074));
#9153=CARTESIAN_POINT('Ctrl Pts',(0.0974116699107641,19.9480926717903,4.17386385376847));
#9154=CARTESIAN_POINT('Ctrl Pts',(0.0957247789538455,19.9469381241923,4.17390267515667));
#9155=CARTESIAN_POINT('Ctrl Pts',(0.0930613116389301,19.9442743732566,4.173962909051));
#9156=CARTESIAN_POINT('Ctrl Pts',(0.0919070492966855,19.9425877905488,4.1739883322311));
#9157=CARTESIAN_POINT('Ctrl Pts',(0.090376394717098,19.938892301971,4.17402177548988));
#9158=CARTESIAN_POINT('Ctrl Pts',(0.0899999999999986,19.9368833974164,4.17402982739702));
#9159=CARTESIAN_POINT('Ctrl Pts',(0.0899999999999986,19.935,4.17402982739702));
#9160=CARTESIAN_POINT('',(0.104999999999999,19.95,0.));
#9161=CARTESIAN_POINT('',(0.0899999999999986,19.935,0.));
#9162=CARTESIAN_POINT('Origin',(0.0899999999999979,19.884,0.));
#9163=CARTESIAN_POINT('',(0.0899999999999979,19.884,0.149999999999998));
#9164=CARTESIAN_POINT('',(0.0899999999999979,19.884,0.149999999999998));
#9165=CARTESIAN_POINT('',(0.0899999999999979,19.884,4.17402982739702));
#9166=CARTESIAN_POINT('',(0.0899999999999979,19.884,0.));
#9167=CARTESIAN_POINT('',(0.0900000000002664,39.1609733446668,4.17402982739701));
#9168=CARTESIAN_POINT('Origin',(0.149999999999998,19.884,0.149999999999998));
#9169=CARTESIAN_POINT('',(0.149999999999998,19.884,0.0899999999999984));
#9170=CARTESIAN_POINT('',(0.149999999999998,19.884,0.0899999999999979));
#9171=CARTESIAN_POINT('Origin',(0.149999999999998,19.884,0.149999999999998));
#9172=CARTESIAN_POINT('Origin',(5.51091059616296E-18,19.884,0.0899999999999979));
#9173=CARTESIAN_POINT('',(4.17402982739702,19.884,0.0899999999999977));
#9174=CARTESIAN_POINT('',(4.17402982739702,39.1609733446668,0.0899999999999977));
#9175=CARTESIAN_POINT('',(1.6532731788489E-17,19.884,0.0899999999999984));
#9176=CARTESIAN_POINT('Origin',(0.104999999999998,19.935,-1.2858791391047E-17));
#9177=CARTESIAN_POINT('',(0.0899999999999984,19.935,-0.149999999999999));
#9178=CARTESIAN_POINT('',(0.104999999999998,19.95,-0.149999999999999));
#9179=CARTESIAN_POINT('Origin',(0.104999999999998,19.935,-0.149999999999999));
#9180=CARTESIAN_POINT('',(0.104999999999998,19.95,-4.17367943186824));
#9181=CARTESIAN_POINT('',(0.104999999999998,19.95,-1.2858791391047E-17));
#9182=CARTESIAN_POINT('',(0.0899999999999979,19.935,-4.17402982739702));
#9183=CARTESIAN_POINT('Ctrl Pts',(0.0899999999999979,19.935,-4.17402982739702));
#9184=CARTESIAN_POINT('Ctrl Pts',(0.0899999999999979,19.9368833974164,-4.17402982739702));
#9185=CARTESIAN_POINT('Ctrl Pts',(0.0903763947170974,19.938892301971,-4.17402177548988));
#9186=CARTESIAN_POINT('Ctrl Pts',(0.0919070492966849,19.9425877905488,-4.1739883322311));
#9187=CARTESIAN_POINT('Ctrl Pts',(0.0930613116389295,19.9442743732566,-4.173962909051));
#9188=CARTESIAN_POINT('Ctrl Pts',(0.0957247789538449,19.9469381241923,-4.17390267515667));
#9189=CARTESIAN_POINT('Ctrl Pts',(0.0974116699107635,19.9480926717903,-4.17386385376847));
#9190=CARTESIAN_POINT('Ctrl Pts',(0.101107579781779,19.9496236117337,-4.17377593899074));
#9191=CARTESIAN_POINT('Ctrl Pts',(0.103116599629291,19.95,-4.17372681381076));
#9192=CARTESIAN_POINT('Ctrl Pts',(0.104999999999998,19.95,-4.17367943186824));
#9193=CARTESIAN_POINT('',(0.0899999999999984,19.935,-1.1021821192326E-17));
#9194=CARTESIAN_POINT('Origin',(0.149999999999998,19.935,-0.149999999999999));
#9195=CARTESIAN_POINT('',(0.149999999999998,19.935,-0.0899999999999986));
#9196=CARTESIAN_POINT('',(0.149999999999998,19.95,-0.104999999999999));
#9197=CARTESIAN_POINT('Origin',(0.149999999999998,19.935,-0.104999999999999));
#9198=CARTESIAN_POINT('Origin',(0.149999999999998,19.95,-0.149999999999999));
#9199=CARTESIAN_POINT('Origin',(0.149999999999998,19.935,-0.149999999999999));
#9200=CARTESIAN_POINT('Origin',(-1.92881870865705E-17,19.935,-0.104999999999999));
#9201=CARTESIAN_POINT('',(4.17402982739701,19.935,-0.0900000000002672));
#9202=CARTESIAN_POINT('',(4.17367943186824,19.95,-0.104999999999999));
#9203=CARTESIAN_POINT('Ctrl Pts',(4.17367943186824,19.95,-0.104999999999999));
#9204=CARTESIAN_POINT('Ctrl Pts',(4.17372681381076,19.95,-0.103116599629292));
#9205=CARTESIAN_POINT('Ctrl Pts',(4.17377593899074,19.9496236117337,-0.101107579781781));
#9206=CARTESIAN_POINT('Ctrl Pts',(4.17386385376847,19.9480926717903,-0.0974116699107657));
#9207=CARTESIAN_POINT('Ctrl Pts',(4.17390267515667,19.9469381241923,-0.0957247789538463));
#9208=CARTESIAN_POINT('Ctrl Pts',(4.173962909051,19.9442743732566,-0.0930613116389309));
#9209=CARTESIAN_POINT('Ctrl Pts',(4.1739883322311,19.9425877905488,-0.0919070492966862));
#9210=CARTESIAN_POINT('Ctrl Pts',(4.17402177548988,19.938892301971,-0.0903763947170988));
#9211=CARTESIAN_POINT('Ctrl Pts',(4.17402982739702,19.9368833974164,-0.0899999999999993));
#9212=CARTESIAN_POINT('Ctrl Pts',(4.17402982739702,19.935,-0.0899999999999993));
#9213=CARTESIAN_POINT('',(-1.92881870865705E-17,19.95,-0.104999999999999));
#9214=CARTESIAN_POINT('',(-1.6532731788489E-17,19.935,-0.0899999999999986));
#9215=CARTESIAN_POINT('Origin',(-1.65327317884889E-17,19.884,-0.0899999999999979));
#9216=CARTESIAN_POINT('',(0.149999999999998,19.884,-0.0899999999999979));
#9217=CARTESIAN_POINT('',(0.149999999999998,19.917,-0.0899999999999983));
#9218=CARTESIAN_POINT('',(4.17402982739702,19.884,-0.0899999999999986));
#9219=CARTESIAN_POINT('',(-1.65327317884889E-17,19.884,-0.0899999999999979));
#9220=CARTESIAN_POINT('',(4.17402982739701,39.1609733446668,-0.0900000000002672));
#9221=CARTESIAN_POINT('Origin',(0.149999999999998,19.917,-0.149999999999998));
#9222=CARTESIAN_POINT('',(0.0899999999999984,19.884,-0.149999999999998));
#9223=CARTESIAN_POINT('',(0.0899999999999984,19.917,-0.149999999999998));
#9224=CARTESIAN_POINT('Origin',(0.149999999999998,19.884,-0.149999999999998));
#9225=CARTESIAN_POINT('Origin',(0.0899999999999984,19.95,-1.1021821192326E-17));
#9226=CARTESIAN_POINT('',(0.0899999999999979,19.884,-4.17402982739702));
#9227=CARTESIAN_POINT('',(0.0899999999999979,39.1609733446668,-4.17402982739702));
#9228=CARTESIAN_POINT('',(0.0899999999999984,19.884,-1.1021821192326E-17));
#9229=CARTESIAN_POINT('Origin',(-0.104999999999998,19.935,0.));
#9230=CARTESIAN_POINT('',(-0.0899999999999984,19.935,0.149999999999999));
#9231=CARTESIAN_POINT('',(-0.104999999999998,19.95,0.149999999999999));
#9232=CARTESIAN_POINT('Origin',(-0.104999999999998,19.935,0.149999999999999));
#9233=CARTESIAN_POINT('',(-0.104999999999998,19.95,4.17367943186824));
#9234=CARTESIAN_POINT('',(-0.104999999999998,19.95,0.));
#9235=CARTESIAN_POINT('',(-0.0899999999999984,19.935,4.17402982739702));
#9236=CARTESIAN_POINT('Ctrl Pts',(-0.0899999999999984,19.935,4.17402982739702));
#9237=CARTESIAN_POINT('Ctrl Pts',(-0.0899999999999984,19.9368833974164,
4.17402982739702));
#9238=CARTESIAN_POINT('Ctrl Pts',(-0.0903763947170979,19.938892301971,4.17402177548988));
#9239=CARTESIAN_POINT('Ctrl Pts',(-0.0919070492966853,19.9425877905488,
4.1739883322311));
#9240=CARTESIAN_POINT('Ctrl Pts',(-0.09306131163893,19.9442743732566,4.173962909051));
#9241=CARTESIAN_POINT('Ctrl Pts',(-0.0957247789538454,19.9469381241923,
4.17390267515667));
#9242=CARTESIAN_POINT('Ctrl Pts',(-0.097411669910764,19.9480926717903,4.17386385376847));
#9243=CARTESIAN_POINT('Ctrl Pts',(-0.10110757978178,19.9496236117337,4.17377593899074));
#9244=CARTESIAN_POINT('Ctrl Pts',(-0.103116599629291,19.95,4.17372681381076));
#9245=CARTESIAN_POINT('Ctrl Pts',(-0.104999999999998,19.95,4.17367943186824));
#9246=CARTESIAN_POINT('',(-0.0899999999999984,19.935,0.));
#9247=CARTESIAN_POINT('Origin',(-0.149999999999998,19.935,0.149999999999999));
#9248=CARTESIAN_POINT('',(-0.149999999999998,19.935,0.0899999999999986));
#9249=CARTESIAN_POINT('',(-0.149999999999998,19.95,0.104999999999999));
#9250=CARTESIAN_POINT('Origin',(-0.149999999999998,19.935,0.104999999999999));
#9251=CARTESIAN_POINT('Origin',(-0.149999999999998,19.95,0.149999999999999));
#9252=CARTESIAN_POINT('Origin',(-0.149999999999998,19.935,0.149999999999999));
#9253=CARTESIAN_POINT('Origin',(6.42939569552352E-18,19.935,0.104999999999999));
#9254=CARTESIAN_POINT('',(-4.17402982739701,19.935,0.0900000000002667));
#9255=CARTESIAN_POINT('',(-4.17367943186824,19.95,0.104999999999999));
#9256=CARTESIAN_POINT('Ctrl Pts',(-4.17367943186824,19.95,0.104999999999999));
#9257=CARTESIAN_POINT('Ctrl Pts',(-4.17372681381076,19.95,0.103116599629292));
#9258=CARTESIAN_POINT('Ctrl Pts',(-4.17377593899074,19.9496236117337,0.10110757978178));
#9259=CARTESIAN_POINT('Ctrl Pts',(-4.17386385376847,19.9480926717903,0.0974116699107644));
#9260=CARTESIAN_POINT('Ctrl Pts',(-4.17390267515667,19.9469381241923,0.0957247789538458));
#9261=CARTESIAN_POINT('Ctrl Pts',(-4.173962909051,19.9442743732566,0.0930613116389304));
#9262=CARTESIAN_POINT('Ctrl Pts',(-4.1739883322311,19.9425877905488,0.0919070492966857));
#9263=CARTESIAN_POINT('Ctrl Pts',(-4.17402177548988,19.938892301971,0.0903763947170983));
#9264=CARTESIAN_POINT('Ctrl Pts',(-4.17402982739702,19.9368833974164,0.0899999999999988));
#9265=CARTESIAN_POINT('Ctrl Pts',(-4.17402982739702,19.935,0.0899999999999988));
#9266=CARTESIAN_POINT('',(6.42939569552352E-18,19.95,0.104999999999999));
#9267=CARTESIAN_POINT('',(5.510910596163E-18,19.935,0.0899999999999986));
#9268=CARTESIAN_POINT('Origin',(5.51091059616296E-18,19.884,0.0899999999999979));
#9269=CARTESIAN_POINT('',(-0.149999999999998,19.884,0.0899999999999985));
#9270=CARTESIAN_POINT('',(-0.149999999999998,19.917,0.0899999999999983));
#9271=CARTESIAN_POINT('',(-4.17402982739702,19.884,0.0899999999999981));
#9272=CARTESIAN_POINT('',(1.6532731788489E-17,19.884,0.0899999999999984));
#9273=CARTESIAN_POINT('',(-4.17402982739701,39.1609733446668,0.0900000000002667));
#9274=CARTESIAN_POINT('Origin',(-0.149999999999998,19.917,0.149999999999998));
#9275=CARTESIAN_POINT('',(-0.0899999999999984,19.884,0.149999999999998));
#9276=CARTESIAN_POINT('',(-0.0899999999999984,19.917,0.149999999999998));
#9277=CARTESIAN_POINT('Origin',(-0.149999999999998,19.884,0.149999999999998));
#9278=CARTESIAN_POINT('Origin',(-0.0899999999999984,19.95,0.));
#9279=CARTESIAN_POINT('',(-0.0899999999999984,19.884,4.17402982739702));
#9280=CARTESIAN_POINT('',(-0.0899999999999984,39.1609733446668,4.17402982739702));
#9281=CARTESIAN_POINT('',(-0.0899999999999984,19.884,0.));
#9282=CARTESIAN_POINT('Origin',(-6.42939569552351E-18,19.935,-0.104999999999998));
#9283=CARTESIAN_POINT('',(-0.149999999999999,19.935,-0.0899999999999984));
#9284=CARTESIAN_POINT('',(-0.149999999999999,19.95,-0.104999999999998));
#9285=CARTESIAN_POINT('Origin',(-0.149999999999999,19.935,-0.104999999999998));
#9286=CARTESIAN_POINT('',(-4.17367943186824,19.95,-0.104999999999998));
#9287=CARTESIAN_POINT('',(-6.42939569552351E-18,19.95,-0.104999999999998));
#9288=CARTESIAN_POINT('',(-4.17402982739702,19.935,-0.0899999999999982));
#9289=CARTESIAN_POINT('Ctrl Pts',(-4.17402982739702,19.935,-0.0899999999999982));
#9290=CARTESIAN_POINT('Ctrl Pts',(-4.17402982739702,19.9368833974164,-0.0899999999999982));
#9291=CARTESIAN_POINT('Ctrl Pts',(-4.17402177548988,19.938892301971,-0.0903763947170976));
#9292=CARTESIAN_POINT('Ctrl Pts',(-4.1739883322311,19.9425877905488,-0.0919070492966851));
#9293=CARTESIAN_POINT('Ctrl Pts',(-4.173962909051,19.9442743732566,-0.0930613116389297));
#9294=CARTESIAN_POINT('Ctrl Pts',(-4.17390267515667,19.9469381241923,-0.0957247789538452));
#9295=CARTESIAN_POINT('Ctrl Pts',(-4.17386385376847,19.9480926717903,-0.0974116699107638));
#9296=CARTESIAN_POINT('Ctrl Pts',(-4.17377593899074,19.9496236117337,-0.10110757978178));
#9297=CARTESIAN_POINT('Ctrl Pts',(-4.17372681381076,19.95,-0.103116599629291));
#9298=CARTESIAN_POINT('Ctrl Pts',(-4.17367943186824,19.95,-0.104999999999998));
#9299=CARTESIAN_POINT('',(-5.51091059616299E-18,19.935,-0.0899999999999984));
#9300=CARTESIAN_POINT('Origin',(-0.149999999999999,19.935,-0.149999999999998));
#9301=CARTESIAN_POINT('',(-0.0899999999999986,19.935,-0.149999999999998));
#9302=CARTESIAN_POINT('',(-0.104999999999999,19.95,-0.149999999999998));
#9303=CARTESIAN_POINT('Origin',(-0.104999999999999,19.935,-0.149999999999998));
#9304=CARTESIAN_POINT('Origin',(-0.149999999999999,19.95,-0.149999999999998));
#9305=CARTESIAN_POINT('Origin',(-0.149999999999999,19.935,-0.149999999999998));
#9306=CARTESIAN_POINT('Origin',(-0.104999999999999,19.935,1.2858791391047E-17));
#9307=CARTESIAN_POINT('',(-0.0900000000002669,19.935,-4.17402982739701));
#9308=CARTESIAN_POINT('',(-0.104999999999999,19.95,-4.17367943186824));
#9309=CARTESIAN_POINT('Ctrl Pts',(-0.104999999999999,19.95,-4.17367943186824));
#9310=CARTESIAN_POINT('Ctrl Pts',(-0.103116599629292,19.95,-4.17372681381076));
#9311=CARTESIAN_POINT('Ctrl Pts',(-0.101107579781781,19.9496236117337,-4.17377593899074));
#9312=CARTESIAN_POINT('Ctrl Pts',(-0.0974116699107646,19.9480926717903,
-4.17386385376847));
#9313=CARTESIAN_POINT('Ctrl Pts',(-0.095724778953846,19.9469381241923,-4.17390267515667));
#9314=CARTESIAN_POINT('Ctrl Pts',(-0.0930613116389306,19.9442743732566,
-4.173962909051));
#9315=CARTESIAN_POINT('Ctrl Pts',(-0.091907049296686,19.9425877905488,-4.1739883322311));
#9316=CARTESIAN_POINT('Ctrl Pts',(-0.0903763947170985,19.938892301971,-4.17402177548988));
#9317=CARTESIAN_POINT('Ctrl Pts',(-0.0899999999999991,19.9368833974164,
-4.17402982739702));
#9318=CARTESIAN_POINT('Ctrl Pts',(-0.0899999999999991,19.935,-4.17402982739702));
#9319=CARTESIAN_POINT('',(-0.104999999999999,19.95,1.2858791391047E-17));
#9320=CARTESIAN_POINT('',(-0.0899999999999986,19.935,1.1021821192326E-17));
#9321=CARTESIAN_POINT('Origin',(-0.0899999999999979,19.884,1.10218211923259E-17));
#9322=CARTESIAN_POINT('',(-0.0899999999999979,19.884,-0.149999999999998));
#9323=CARTESIAN_POINT('',(-0.0899999999999983,19.917,-0.149999999999998));
#9324=CARTESIAN_POINT('',(-0.0899999999999984,19.884,-4.17402982739702));
#9325=CARTESIAN_POINT('',(-0.0899999999999979,19.884,1.10218211923259E-17));
#9326=CARTESIAN_POINT('',(-0.0900000000002669,39.1609733446668,-4.17402982739701));
#9327=CARTESIAN_POINT('Origin',(-0.149999999999998,19.917,-0.149999999999998));
#9328=CARTESIAN_POINT('',(-0.149999999999998,19.884,-0.0899999999999984));
#9329=CARTESIAN_POINT('',(-0.149999999999998,19.917,-0.0899999999999984));
#9330=CARTESIAN_POINT('Origin',(-0.149999999999998,19.884,-0.149999999999998));
#9331=CARTESIAN_POINT('Origin',(-5.51091059616299E-18,19.95,-0.0899999999999984));
#9332=CARTESIAN_POINT('',(-4.17402982739702,19.884,-0.0899999999999982));
#9333=CARTESIAN_POINT('',(-4.17402982739702,39.1609733446668,-0.0899999999999982));
#9334=CARTESIAN_POINT('',(-5.51091059616299E-18,19.884,-0.0899999999999984));
#9335=CARTESIAN_POINT('Origin',(0.,19.95,0.));
#9336=CARTESIAN_POINT('Origin',(0.,19.95,0.));
#9337=CARTESIAN_POINT('Origin',(0.,19.95,0.));
#9338=CARTESIAN_POINT('Origin',(0.,19.95,0.));
#9339=CARTESIAN_POINT('Origin',(0.,19.95,0.));
#9340=CARTESIAN_POINT('Origin',(0.,19.95,0.));
#9341=CARTESIAN_POINT('Origin',(2.5,0.2,0.));
#9342=CARTESIAN_POINT('Origin',(-2.5,0.2,0.));
#9343=CARTESIAN_POINT('Origin',(-0.154999999999999,0.,-3.96681232225574));
#9344=CARTESIAN_POINT('',(-0.154999999999999,0.,-3.96681232225574));
#9345=CARTESIAN_POINT('',(-0.154999999999999,0.,3.96681232225574));
#9346=CARTESIAN_POINT('Origin',(-0.255,0.,3.96681232225574));
#9347=CARTESIAN_POINT('',(-0.261415094339623,0.,4.06660634294142));
#9348=CARTESIAN_POINT('Origin',(0.,0.,0.));
#9349=CARTESIAN_POINT('Origin',(3.82452793020118,0.,-0.983333333333334));
#9350=CARTESIAN_POINT('',(2.5,0.,-0.983333333333333));
#9351=CARTESIAN_POINT('Origin',(0.,0.,0.));
#9352=CARTESIAN_POINT('',(3.92074246932573,0.,1.11058700209644));
#9353=CARTESIAN_POINT('Origin',(3.82452793020118,0.,1.08333333333333));
#9354=CARTESIAN_POINT('',(3.82452793020118,0.,0.983333333333334));
#9355=CARTESIAN_POINT('Origin',(2.5,0.,0.983333333333333));
#9356=CARTESIAN_POINT('',(2.5,0.,0.983333333333333));
#9357=CARTESIAN_POINT('Origin',(2.5,0.,-2.60208521396522E-17));
#9358=CARTESIAN_POINT('Origin',(-0.255,0.,-3.96681232225574));
#9359=CARTESIAN_POINT('',(-0.261415094339623,0.,-4.06660634294142));
#9360=CARTESIAN_POINT('Origin',(0.,0.,0.));
#9361=CARTESIAN_POINT('Origin',(0.,19.95,0.));
#9362=CARTESIAN_POINT('Origin',(0.,19.95,0.));
#9363=CARTESIAN_POINT('Origin',(-0.0899999999999984,19.884,0.));
#9364=CARTESIAN_POINT('Origin',(0.,19.884,0.));
#9365=CARTESIAN_POINT('Origin',(0.,19.884,0.));
#9366=CARTESIAN_POINT('Origin',(0.,19.884,0.));
#9367=CARTESIAN_POINT('',(-4.175,19.884,-5.1129003864402E-16));
#9368=CARTESIAN_POINT('Origin',(0.,19.884,0.));
#9369=CARTESIAN_POINT('Origin',(0.,19.884,0.));
#9370=CARTESIAN_POINT('Origin',(4.24984584784025,19.99998,1.76034378817041));
#9371=CARTESIAN_POINT('',(3.85719704823462,20.,1.59770333012425));
#9372=CARTESIAN_POINT('',(3.85719704823462,19.99998,-1.59770333012425));
#9373=CARTESIAN_POINT('Origin',(0.,19.99998,0.));
#9374=CARTESIAN_POINT('',(4.24984584955192,20.,1.76034378887941));
#9375=CARTESIAN_POINT('',(3.11802221400364,20.,1.29152708882089));
#9376=CARTESIAN_POINT('',(4.24984584784025,19.99998,-1.76034378817041));
#9377=CARTESIAN_POINT('Origin',(-6.77334612776929E-15,19.99998,-2.5051876431595E-15));
#9378=CARTESIAN_POINT('',(0.,19.99998,0.));
#9379=CARTESIAN_POINT('Origin',(0.,19.6,0.));
#9380=CARTESIAN_POINT('Origin',(4.24984584955192,19.6,1.76034378887941));
#9381=CARTESIAN_POINT('Origin',(4.24984584955192,19.6,-1.76034378887941));
#9382=CARTESIAN_POINT('Origin',(0.,11.575,0.));
#9383=CARTESIAN_POINT('Origin',(0.,3.55,0.));
#9384=CARTESIAN_POINT('Origin',(0.,0.85,0.));
#9385=CARTESIAN_POINT('',(4.61939766255643,0.85,1.91341716182545));
#9386=CARTESIAN_POINT('Origin',(3.45027010868761,0.85,1.4291486728689));
#9387=CARTESIAN_POINT('Origin',(-5.21655385160245E-15,0.849999999999974,
-3.36246409662264E-15));
#9388=CARTESIAN_POINT('Origin',(0.,0.625,0.));
#9389=CARTESIAN_POINT('',(4.61939766255643,0.4,1.91341716182545));
#9390=CARTESIAN_POINT('',(4.61939766255643,0.625,1.91341716182545));
#9391=CARTESIAN_POINT('',(4.61937918496578,0.399999999999996,-1.9134095081568));
#9392=CARTESIAN_POINT('Origin',(-5.02234565543121E-15,0.399999999999969,
-2.38074787101502E-15));
#9393=CARTESIAN_POINT('',(4.61937918496578,0.85,-1.9134095081568));
#9394=CARTESIAN_POINT('Origin',(0.,0.4,0.));
#9395=CARTESIAN_POINT('',(4.24984584955192,0.,1.76034378887941));
#9396=CARTESIAN_POINT('Origin',(4.24984584955192,0.4,1.76034378887941));
#9397=CARTESIAN_POINT('',(4.24984585503855,1.99999999961342E-5,-1.76034379115205));
#9398=CARTESIAN_POINT('Origin',(-2.5825046051408E-15,1.99999999676273E-5,
4.32412495708833E-16));
#9399=CARTESIAN_POINT('Origin',(4.24984584955192,0.4,-1.76034378887941));
#9400=CARTESIAN_POINT('Origin',(0.,2.00000000005751E-5,0.));
#9401=CARTESIAN_POINT('',(3.85719704823462,2.00000000000531E-5,-1.59770333012425));
#9402=CARTESIAN_POINT('',(3.85719704823462,0.,1.59770333012425));
#9403=CARTESIAN_POINT('Origin',(0.,2.00000000005751E-5,0.));
#9404=CARTESIAN_POINT('',(4.24984585503855,2.E-5,-1.76034379115205));
#9405=CARTESIAN_POINT('',(1.15484941563911,0.,0.478354290456362));
#9406=CARTESIAN_POINT('Origin',(0.,0.,0.));
#9407=CARTESIAN_POINT('Origin',(0.,0.,0.));
#9408=CARTESIAN_POINT('',(-4.175,0.,5.1129003864402E-16));
#9409=CARTESIAN_POINT('Origin',(0.,0.,0.));
#9410=CARTESIAN_POINT('Origin',(0.,0.,0.));
#9411=CARTESIAN_POINT('Origin',(0.,0.4,0.));
#9412=CARTESIAN_POINT('Origin',(0.,0.4,0.));
#9413=CARTESIAN_POINT('Origin',(0.,0.625,0.));
#9414=CARTESIAN_POINT('Origin',(0.,0.85,0.));
#9415=CARTESIAN_POINT('Origin',(0.,0.85,0.));
#9416=CARTESIAN_POINT('Origin',(0.,1.43,0.));
#9417=CARTESIAN_POINT('Origin',(0.,2.2,0.));
#9418=CARTESIAN_POINT('Origin',(0.,2.97,0.));
#9419=CARTESIAN_POINT('Origin',(0.,3.55,0.));
#9420=CARTESIAN_POINT('Origin',(0.,11.575,0.));
#9421=CARTESIAN_POINT('Origin',(0.,19.6,0.));
#9422=CARTESIAN_POINT('Origin',(0.,20.,0.));
#9423=CARTESIAN_POINT('Origin',(4.6,20.,0.));
#9424=CARTESIAN_POINT('',(-4.175,20.,-5.1129003864402E-16));
#9425=CARTESIAN_POINT('Origin',(0.,20.,0.));
#9426=CARTESIAN_POINT('Origin',(0.,20.,0.));
#9427=CARTESIAN_POINT('Origin',(0.,20.,0.));
#9428=CARTESIAN_POINT('',(-4.175,20.,-5.1129003864402E-16));
#9429=CARTESIAN_POINT('Origin',(0.,0.,0.));
#9430=CARTESIAN_POINT('',(-4.175,0.,5.1129003864402E-16));
#9431=UNCERTAINTY_MEASURE_WITH_UNIT(LENGTH_MEASURE(0.01),#9435,
'DISTANCE_ACCURACY_VALUE',
'Maximum model space distance between geometric entities at asserted c
onnectivities');
#9432=UNCERTAINTY_MEASURE_WITH_UNIT(LENGTH_MEASURE(0.01),#9435,
'DISTANCE_ACCURACY_VALUE',
'Maximum model space distance between geometric entities at asserted c
onnectivities');
#9433=(
GEOMETRIC_REPRESENTATION_CONTEXT(3)
GLOBAL_UNCERTAINTY_ASSIGNED_CONTEXT((#9431))
GLOBAL_UNIT_ASSIGNED_CONTEXT((#9435,#9437,#9438))
REPRESENTATION_CONTEXT('','3D')
);
#9434=(
GEOMETRIC_REPRESENTATION_CONTEXT(3)
GLOBAL_UNCERTAINTY_ASSIGNED_CONTEXT((#9432))
GLOBAL_UNIT_ASSIGNED_CONTEXT((#9435,#9437,#9438))
REPRESENTATION_CONTEXT('','3D')
);
#9435=(
LENGTH_UNIT()
NAMED_UNIT(*)
SI_UNIT(.MILLI.,.METRE.)
);
#9436=(
LENGTH_UNIT()
NAMED_UNIT(*)
SI_UNIT(.CENTI.,.METRE.)
);
#9437=(
NAMED_UNIT(*)
PLANE_ANGLE_UNIT()
SI_UNIT($,.RADIAN.)
);
#9438=(
NAMED_UNIT(*)
SI_UNIT($,.STERADIAN.)
SOLID_ANGLE_UNIT()
);
#9439=SHAPE_DEFINITION_REPRESENTATION(#9440,#9441);
#9440=PRODUCT_DEFINITION_SHAPE('',$,#9443);
#9441=SHAPE_REPRESENTATION('',(#4488),#9433);
#9442=PRODUCT_DEFINITION_CONTEXT('part definition',#9447,'design');
#9443=PRODUCT_DEFINITION(
'220uF 63V electr 10 x20mm -P.diameter 5mm-Blue-Black',
'220uF 63V electr 10 x20mm -P.diameter 5mm-Blue-Black',#9444,#9442);
#9444=PRODUCT_DEFINITION_FORMATION('',$,#9449);
#9445=PRODUCT_RELATED_PRODUCT_CATEGORY(
'220uF 63V electr 10 x20mm -P.diameter 5mm-Blue-Black',
'220uF 63V electr 10 x20mm -P.diameter 5mm-Blue-Black',(#9449));
#9446=APPLICATION_PROTOCOL_DEFINITION('international standard',
'automotive_design',2009,#9447);
#9447=APPLICATION_CONTEXT(
'Core Data for Automotive Mechanical Design Process');
#9448=PRODUCT_CONTEXT('part definition',#9447,'mechanical');
#9449=PRODUCT('220uF 63V electr 10 x20mm -P.diameter 5mm-Blue-Black',
'220uF 63V electr 10 x20mm -P.diameter 5mm-Blue-Black',$,(#9448));
#9450=PRESENTATION_STYLE_ASSIGNMENT((#9456));
#9451=PRESENTATION_STYLE_ASSIGNMENT((#9457));
#9452=PRESENTATION_STYLE_ASSIGNMENT((#9458));
#9453=PRESENTATION_STYLE_ASSIGNMENT((#9459));
#9454=PRESENTATION_STYLE_ASSIGNMENT((#9460));
#9455=PRESENTATION_STYLE_ASSIGNMENT((#9461));
#9456=SURFACE_STYLE_USAGE(.BOTH.,#9472);
#9457=SURFACE_STYLE_USAGE(.BOTH.,#9473);
#9458=SURFACE_STYLE_USAGE(.BOTH.,#9474);
#9459=SURFACE_STYLE_USAGE(.BOTH.,#9475);
#9460=SURFACE_STYLE_USAGE(.BOTH.,#9476);
#9461=SURFACE_STYLE_USAGE(.BOTH.,#9477);
#9462=SURFACE_STYLE_RENDERING_WITH_PROPERTIES($,#9496,(#9467));
#9463=SURFACE_STYLE_RENDERING_WITH_PROPERTIES($,#9497,(#9468));
#9464=SURFACE_STYLE_RENDERING_WITH_PROPERTIES($,#9498,(#9469));
#9465=SURFACE_STYLE_RENDERING_WITH_PROPERTIES($,#9500,(#9470));
#9466=SURFACE_STYLE_RENDERING_WITH_PROPERTIES($,#9501,(#9471));
#9467=SURFACE_STYLE_TRANSPARENT(0.);
#9468=SURFACE_STYLE_TRANSPARENT(0.);
#9469=SURFACE_STYLE_TRANSPARENT(0.);
#9470=SURFACE_STYLE_TRANSPARENT(0.);
#9471=SURFACE_STYLE_TRANSPARENT(0.);
#9472=SURFACE_SIDE_STYLE('',(#9478,#9462));
#9473=SURFACE_SIDE_STYLE('',(#9479,#9463));
#9474=SURFACE_SIDE_STYLE('',(#9480,#9464));
#9475=SURFACE_SIDE_STYLE('',(#9481));
#9476=SURFACE_SIDE_STYLE('',(#9482,#9465));
#9477=SURFACE_SIDE_STYLE('',(#9483,#9466));
#9478=SURFACE_STYLE_FILL_AREA(#9484);
#9479=SURFACE_STYLE_FILL_AREA(#9485);
#9480=SURFACE_STYLE_FILL_AREA(#9486);
#9481=SURFACE_STYLE_FILL_AREA(#9487);
#9482=SURFACE_STYLE_FILL_AREA(#9488);
#9483=SURFACE_STYLE_FILL_AREA(#9489);
#9484=FILL_AREA_STYLE('',(#9490));
#9485=FILL_AREA_STYLE('',(#9491));
#9486=FILL_AREA_STYLE('',(#9492));
#9487=FILL_AREA_STYLE('',(#9493));
#9488=FILL_AREA_STYLE('',(#9494));
#9489=FILL_AREA_STYLE('',(#9495));
#9490=FILL_AREA_STYLE_COLOUR('',#9496);
#9491=FILL_AREA_STYLE_COLOUR('',#9497);
#9492=FILL_AREA_STYLE_COLOUR('',#9498);
#9493=FILL_AREA_STYLE_COLOUR('',#9499);
#9494=FILL_AREA_STYLE_COLOUR('',#9500);
#9495=FILL_AREA_STYLE_COLOUR('',#9501);
#9496=COLOUR_RGB('',0.749019607843137,0.749019607843137,0.749019607843137);
#9497=COLOUR_RGB('',0.0588235294117647,0.317647058823529,0.992156862745098);
#9498=COLOUR_RGB('',0.0196078431372549,0.0196078431372549,0.0196078431372549);
#9499=COLOUR_RGB('',0.784313725490196,0.784313725490196,0.784313725490196);
#9500=COLOUR_RGB('',0.172549019607843,0.172549019607843,0.172549019607843);
#9501=COLOUR_RGB('',0.996078431372549,0.996078431372549,1.);
ENDSEC;
END-ISO-10303-21;
